member_id,member_name,representation,bill_code,bill_title,bill_status
334,"Francis ""Tol"" N. Tolentino",Senator Senate of the Philippines,SRN-198,RESOLUTION EXPRESSING THE PROFOUND SYMPATHY AND SINCERE CONDOLENCES OF THE SENATE OF THE PHILIPPINES ON THE DEATH OF QUEEN ELIZABETH II OF THE UNITED KINGDOM OF GREAT BRITAIN AND NORTHERN IRELAND,
334,"Francis ""Tol"" N. Tolentino",Senator Senate of the Philippines,SBN-1175,"AN ACT ENCOURAGING NEW LAWYER-SCHOLARS TO PROVIDE FREE LEGAL SERVICES TO OVERSEASE FILIPINO WORKERS UNDER THE DEPARTMENT OF MIGRANT WORKERS, AMENDING REPUBLIC ACT (R.A.) NO. 11641, OTHERWISE KNOWN AS THE ?DEPARTMENT OF MIGRANT WORKERS ACT,?
AND FOR OTHER PURPOSES",
334,"Francis ""Tol"" N. Tolentino",Senator Senate of the Philippines,SBN-1176,"AN ACT DECLARING THE PROVINCE OF LEYTE A TOURISM ZONE, AND APPROPRIATING FUNDS THEREFOR",
334,"Francis ""Tol"" N. Tolentino",Senator Senate of the Philippines,SBN-1177,"AN ACT INSTITUTIONALIZING THE GRANT OF EMERGENCY USE AUTHORIZATION, FURTHER AMENDING REPUBLIC ACT NO. 3720, OTHERWISE KNOWN AS THE ?FOOD, DRUG, AND COSMETIC ACT,? AS AMENDED BY REPUBLIC ACT NO. 9711, OTHERWISE KNOWN AS THE ?FOOD AND DRUG ADMINISTRATION (FDA) ACT OF 2009, AND FOR OTHER PURPOSES",
334,"Francis ""Tol"" N. Tolentino",Senator Senate of the Philippines,SBN-1178,"AN ACT REFORMING THE MANDATE OF THE MOVIE AND TELEVISION REVIEW AND CLASSIFICATION BOARD TO INCLUDE STREAMING SERVICES, AMENDING FOR THE PURPOSE PRESIDENTIAL DECREE NO. 1986, OTHERWISE KNOWN AS ?CREATING THE MOVIE AND TELEVISIONS REVIEW AND CLASSIFICATION BOARD,? AND FOR OTHER PURPOSES",
334,"Francis ""Tol"" N. Tolentino",Senator Senate of the Philippines,SBN-1194,"AN ACT PROVIDING FOR A COMPREHENSIVE NUCLEAR REGULATORY FRAMEWORK, CREATING FOR THE PURPOSE, THE PHILIPPINE NUCLEAR REGULATORY COMMISSION, AND APPROPRIATING FUNDS THEREFOR",
334,"Francis ""Tol"" N. Tolentino",Senator Senate of the Philippines,SBN-1275,AN ACT PROVIDING FOR WORK BENEFITS AND SOCIAL PROTECTION TO ALL DELIVERY PLATFORM RIDERS WORKING IN THE GIG ECONOMY,
334,"Francis ""Tol"" N. Tolentino",Senator Senate of the Philippines,SBN-1307,AN ACT CONFERRING THE CADETS OF THE PHILIPPINE NATIONAL POLICE ACADEMY THE STATUS OF A GOVERNMENT EMPLOYEES AND GRANTING THEM WITH CIVIL SERVICE ELIGIBILITY AND BENEFITS AND PRIVILEGES,
334,"Francis ""Tol"" N. Tolentino",Senator Senate of the Philippines,SBN-1308,AN ACT PROVIDING FOR THE INTERNATIONAL COMMERCIAL ARBITRATION ACT OF THE PHILIPPINES,
334,"Francis ""Tol"" N. Tolentino",Senator Senate of the Philippines,SBN-1388,AN ACT PROVIDING FOR RULES ON THE DUTY TO RENDER ASSISTANCE AT SEA IN ACCORDANCE WITH RELEVANT INTERNATIONAL CONVENTIONS TO WHICH THE PHILIPPINES IS A STATE PARTY AND FOR OTHER PURPOSES,
334,"Francis ""Tol"" N. Tolentino",Senator Senate of the Philippines,SBN-1395,"AN ACT CREATING THE DEPARTMENT OF WATER RESOURCES MANAGEMENT, DEFINING ITS POWERS AND FUNCTIONS, APPROPRIATING FUNDS THEREFOR, AND FOR OTHER PURPOSES",
334,"Francis ""Tol"" N. Tolentino",Senator Senate of the Philippines,SBN-1396,AN ACT INSTITUTING POLICIES FOR THE PROTECTION AND WELFARE OF CAREGIVERS IN THE PRACTICE OF THEIR PROFESSION,
334,"Francis ""Tol"" N. Tolentino",Senator Senate of the Philippines,SBN-1397,"AN ACT IMPOSING STIFFER PENALTIES FOR CHILD ABUSE, EXPLOITATION AND DISCRIMINATION, AMENDING FOR THE PURPOSE REPUBLIC ACT NO. 7610, AS AMENDED",
334,"Francis ""Tol"" N. Tolentino",Senator Senate of the Philippines,SBN-1398,"AN ACT MANDATING THE PROPER INSTALLATION AND MAINTENANCE OF OVERHEAD ELECTRIC SUPPLY, COMMUNICATION
LINES, AND STRUCTURE BY ALL ELECTRIC, CABLE AND TELECOMMUNICATIONS COMPANIES FOR PURPOSES OF PUBLIC SAFETY AND GOOD HOUSEKEEPING",
334,"Francis ""Tol"" N. Tolentino",Senator Senate of the Philippines,SBN-1447,"AN ACT PROVIDING FOR A COMPREHENSIVE NURSING LAW TOWARDS A QUALITY HEALTH CARE SYSTEM, AND APPROPRIATING FUNDS THEREFOR, REPEALING REPUBLIC ACT NO. 9173 (PHILIPPINE NURSING ACT OF 2022)",
334,"Francis ""Tol"" N. Tolentino",Senator Senate of the Philippines,SBN-1565,"AN ACT PROVIDING FOR A MANDATORY BASIC MILITARY AND POLICE TRAINING PROGRAM TO ALL STUDENTS IN ALL PUBLIC AND PRIVATE HIGHER AND TECHNICAL VOCATIONAL INSTITUTIONS, APPROPRIATING FUNDS THEREFOR AND FOR OTHER PURPOSES",
334,"Francis ""Tol"" N. Tolentino",Senator Senate of the Philippines,SBN-1586,"AN ACT PROVIDING FOR A PROPORTIONATE SCHOOL ADMISSION AND ACCEPTANCE SHARE IN THE PHILIPPINE MILITARY ACADEMY AND THE PHILIPPINE NATIONAL POLICE ACADEMY FOR MEMBERS OF THE INDIGENOUS CULTURAL COMMUNITIES/ INDIGENOUS PEOPLES, AND FOR SUCH OTHER PURPOSES",
334,"Francis ""Tol"" N. Tolentino",Senator Senate of the Philippines,SBN-1587,"AN ACT DECLARING BARANGAY TALA IN THE MUNICIPALITY OF ORANI, PROVINCE OF BATAAN AN ECOTOURISM ZONE AND APPROPRIATING FUNDS THEREFOR",
334,"Francis ""Tol"" N. Tolentino",Senator Senate of the Philippines,SBN-1588,"AN ACT ESTABLISHING THE PHILIPPINE NATIONAL PUBLIC PARKS SYSTEM, AND APPROPRIATING FUNDS THEREFOR",
334,"Francis ""Tol"" N. Tolentino",Senator Senate of the Philippines,SBN-1589,"AN ACT INSTITUTING AGRICULTURAL COOPERATIVISM IN THE PHILIPPINES, AMENDING FOR THE PURPOSE CERTAIN SECTIONS OF R.A. NO. 11364, R.A. NO. 9520, AND R.A. NO. 7160, AND APPROPRIATING FUNDS THEREFOR",
334,"Francis ""Tol"" N. Tolentino",Senator Senate of the Philippines,SBN-168,"AN ACT PROMOTING THE WELFARE OF EMPLOYEES BY DEFINING REST HOURS, PROVIDING PENALTIES FOR ANY VIOLATION THEREOF, AND FOR OTHER PURPOSES",
334,"Francis ""Tol"" N. Tolentino",Senator Senate of the Philippines,SBN-169,"AN ACT AMENDING REPUBLIC ACT NO. 9522, TO FURTHER DEFINE THE BASELINES OF THE PHILIPPINE TERRITORY, INCLUDING ITS MARITIME FEATURES, AND FOR OTHER PURPOSES",
334,"Francis ""Tol"" N. Tolentino",Senator Senate of the Philippines,SBN-170,"AN ACT ESTABLISHING A RENTAL SUBSIDY PROGRAM FOR INFORMAL SETTLER FAMILIES, APPROPRIATING FUNDS THEREFOR, AND FOR OTHER PURPOSES",
334,"Francis ""Tol"" N. Tolentino",Senator Senate of the Philippines,SBN-171,AN ACT ESTABLISHING THE PHILIPPINE AGRICULTURAL HIGH SCHOOL SYSTEM AND PROVIDING FUNDS THEREFOR,
334,"Francis ""Tol"" N. Tolentino",Senator Senate of the Philippines,SBN-172,"AN ACT ALLOWING VOTER REGISTRATION AND VOTING BY MAIL OR OTHER ELECTRONIC MEANS, AND VOTING BY OVERSEAS FILIPINO WORKERS AND SEAFARERS, FURTHER AMENDING REPUBLIC ACT NO. 9189, OTHERWISE KNOWN AS THE ?OVERSEAS ABSENTEE VOTING ACT OF 2003,? AS AMENDED BY REPUBLIC ACT NO. 10590, OR THE ?OVERSEAS VOTING ACT OF 2013,? APPROPRIATING FUNDS THEREFOR, AND FOR OTHER PURPOSES",
334,"Francis ""Tol"" N. Tolentino",Senator Senate of the Philippines,SBN-173,"AN ACT PROTECTING TRADITIONAL KNOWLEDGE, TRADITIONAL CULTURAL
EXPRESSION, AND GENETIC RESOURCES, FURTHER AMENDING FOR THE PURPOSE REPUBLIC ACT NO. 8293. OTHERWISE KNOWN AS THE ?INTELLECTUAL PROPERTY CODE OF THE PHILIPPINES?",
334,"Francis ""Tol"" N. Tolentino",Senator Senate of the Philippines,SBN-174,"AN ACT AMENDING REPUBLIC ACT NO. 10121, OTHERWISE KNOWN AS THE ?PHILIPPINE DISASTER RISK REDUCTION AND MANAGEMENT ACT OF 2010,? BY REINFORCING LOCAL GOVERNMENT COORDINATION AND RESPONSE EFFORTS, AND FOR OTHER PURPOSES",
334,"Francis ""Tol"" N. Tolentino",Senator Senate of the Philippines,SBN-175,"AN ACT EXPANDING THE COVERAGE OF THE TELECOMMUTING ACT AND PROVIDING INCENTIVES FOR TELECOMMUTING EMPLOYEES, AMENDING FOR THE PURPOSE REPUBLIC ACT NO. 11165, OTHERWISE KNOWN AS THE ?TELECOMMUTING ACT,? AND FOR OTHER PURPOSES",
334,"Francis ""Tol"" N. Tolentino",Senator Senate of the Philippines,SBN-176,"AN ACT INSTITUTIONALIZING THE FILIPINO FIRST POLICY IN THE GOVERNMENT PROCUREMENT SYSTEM, AMENDING FOR THE PURPOSE REPUBLIC ACT NO. 9184, OTHERWISE KNOWN AS THE ?GOVERNMENT PROCUREMENT REFORM ACT,? AND FOR OTHER PURPOSES",
334,"Francis ""Tol"" N. Tolentino",Senator Senate of the Philippines,SBN-177,"AN ACT ALLOWING THE USE OF WASTE-TO-ENERGY TECHNOLOGY FOR
ELECTRICITY, FUEL AND HEAT GENERATION, AND FOR OTHER PURPOSES",
334,"Francis ""Tol"" N. Tolentino",Senator Senate of the Philippines,SBN-1798,"AN ACT INSTITUTIONALIZING ENVIRONMENTAL, SOCIAL, AND GOVERNANCE INITIATIVES, PROVIDING INCENTIVES THEREFORE, AND FOR OTHER PURPOSES",
334,"Francis ""Tol"" N. Tolentino",Senator Senate of the Philippines,SBN-1799,"AN ACT PROVIDING FOR A COMPREHENSIVE AND STRENGTHENED NUTRITION PROGRAM FOR SENIOR CITIZENS AND APPROPRIATING FUNDS THEREFOR, AMENDING FOR THE PURPOSE REPUBLIC ACT NO. 9994, AS AMENDED, OTHERWISE KNOWN AS THE EXPANDED SENIOR CITIZENS ACT OF 2010",
334,"Francis ""Tol"" N. Tolentino",Senator Senate of the Philippines,SBN-1802,AN ACT ABOLISHING THE PROCUREMENT SERVICE OF THE DEPARTMENT OF BUDGET AND MANAGEMENT (PS-DBM) AND FOR OTHER PURPOSES,
334,"Francis ""Tol"" N. Tolentino",Senator Senate of the Philippines,SBN-1803,"AN ACT AMENDING SECTION 23 OF REPUBLIC ACT NO. 9184, OTHERWISE KNOWN AS THE GOVERNMENT PROCUREMENT REFORM ACT, PROVIDING FOR ELIGIBILITY OF BIDDERS IN THE PROCUREMENT OF GOODS AND INFRASTRUCTURE PROJECTS AND FOR OTHER PURPOSES",
334,"Francis ""Tol"" N. Tolentino",Senator Senate of the Philippines,SBN-401,"AN ACT ESTABLISHING A NATIONAL COMPREHENSIVE HOUSING FINANCING PROGRAM, PROVIDING FOR THE ANNUAL AUTOMATIC APPROPRIATION OF FUNDS, AND FOR OTHER PURPOSES",
334,"Francis ""Tol"" N. Tolentino",Senator Senate of the Philippines,SBN-402,AN ACT PROVIDING FOR A MANDATORY BASIC MILITARY AND POLICE TRAINING PROGRAM IN ALL SENIOR HIGH SCHOOL LEVELS IN PUBLIC AND PRIVATE EDUCATIONAL INSTITUTIONS,
334,"Francis ""Tol"" N. Tolentino",Senator Senate of the Philippines,SBN-403,"AN ACT ESTABLISHING A SPECIAL HOSPITAL FOR TEACHERS AND THEIR DEPENDENTS, CONVERTING THE EAST AVENUE MEDICAL CENTER IN DILIMAN, QUEZON CITY INTO THE NATIONAL TEACHERS MEDICAL CENTER, APPROPRIATING FUNDS THEREFOR, AND FOR OTHER PURPOSES",
334,"Francis ""Tol"" N. Tolentino",Senator Senate of the Philippines,SBN-404,"AN ACT RENAMING THE BENHAM RISE AS 'PHILIPPINE RISE' OR 'TALAMPAS NG PILIPINAS,' NAMING THE UNDERSEA FEATURES THEREIN, AND FOR OTHER PURPOSES",
334,"Francis ""Tol"" N. Tolentino",Senator Senate of the Philippines,SBN-405,"AN ACT INSTITUTIONALIZING THE MANDATORY USE OF THE NAMES 'WEST PHILIPPINE SEA ' OR 'KANLURANG DAGAT NG PILIPINAS' TO REFER TO THE MARINE AREAS ON THE WESTERN SIDE OF THE PHILIPPINES, AND FOR OTHER PURPOSES",
334,"Francis ""Tol"" N. Tolentino",Senator Senate of the Philippines,SBN-406,"AN ACT PROVIDING INCENTIVES TO PHARMACEUTICAL COMPANIES ENGAGED IN THE DOMESTIC MANUFACTURE OF PEDIATRIC VACCINES AND MEDICINES, AMENDING FOR THE PURPOSE SECTION 109 OF THE NATIONAL INTERNAL REVENUE CODE OF 1997, AS AMENDED",
334,"Francis ""Tol"" N. Tolentino",Senator Senate of the Philippines,SBN-407,"AN ACT EXPANDING THE BASIC EDUCATION CURRICULUM, INCREASING THE FUNCTIONS OF THE BUREAU OF LEARNING DELIVERY UNDER THE DEPARTMENT OF EDUCATION TO INCLUDE DISTANCE EDUCATION AND ONLINE LEARNING, THEREBY AMENDING REPUBLIC ACT NO. 10533, OTHERWISE KNOWN AS THE 'ENHANCED BASIC EDUCATION ACT OF 2013,' AND FOR OTHER PURPOSES",
334,"Francis ""Tol"" N. Tolentino",Senator Senate of the Philippines,SBN-408,"AN ACT AMENDING REPUBLIC ACT NO. 7160, OTHERWISE KNOWN AS THE 'LOCAL GOVERNMENT CODE OF 1991,' BY EXPANDING THE SCOPE OF LOCAL GOVERNMENT UNITS' POWER OVER LOCAL PUBLIC TRANSPORTATION SYSTEMS AND FOR OTHER PURPOSES",
334,"Francis ""Tol"" N. Tolentino",Senator Senate of the Philippines,SBN-616,"AN ACT REGULATING PHARMACEUTICAL OUTLETS ENGAGED IN THE ONLINE SALE OF PHARMACEUTICAL PRODUCTS AND THOSE DISPENSING ONLINE PHARMACY SERVICES, AMENDING FOR THE PURPOSE REPUBLIC ACT NO. 10918, OTHERWISE KNOWN AS THE 'PHILIPPINE PHARMACY ACT'",
334,"Francis ""Tol"" N. Tolentino",Senator Senate of the Philippines,SBN-617,AN ACT AMENDING ARTICLE 704 OF REPUBLIC ACT NO. 386 OTHERWISE KNOWN AS THE 'CIVIL CODE OF THE PHILIPPINES'  AS AMENDED,
334,"Francis ""Tol"" N. Tolentino",Senator Senate of the Philippines,SBN-618,"AN ACT PROVIDING FOR A UNIFORM WAREHOUSING AND INVENTORY SYSTEM FOR ALL GOVERNMENT PROCURING ENTITIES, AMENDING FOR THE PURPOSE REPUBLIC ACT NO. 9184, OTHERWISE KNOWN AS THE 'GOVERNMENT PROCUREMENT REFORM ACT'",
334,"Francis ""Tol"" N. Tolentino",Senator Senate of the Philippines,SBN-619,"AN ACT AMENDING SECTION 53 OF REPUBLIC ACT NO. 9184, OTHERWISE KNOWN AS THE 'GOVERNMENT PROCUREMENT REFORM ACT'",
334,"Francis ""Tol"" N. Tolentino",Senator Senate of the Philippines,SBN-620,"AN ACT EXPANDING THE DEFINITION OF 'MEDICAL DEVICE' TO INCLUDE HEALTH APPLICATIONS, FURTHER AMENDING REPUBLIC ACT NO. 3720, OTHERWISE KNOWN AS THE 'FOOD, DRUG, AND COSMETIC ACT,' AS AMENDED BY REPUBLIC ACT NO. 9711, OTHERWISE KNOWN AS THE 'FOOD AND DRUG ADMINISTRATION (FDA) ACT OF 2009,' AND FOR OTHER PURPOSES",
334,"Francis ""Tol"" N. Tolentino",Senator Senate of the Philippines,SBN-652,AN ACT PROVIDING FOR A SPECIAL EMERGENCY LEAVE FOR EMPLOYEES AFFECTED BY NATURAL CALAMITIES OR DISASTERS,
334,"Francis ""Tol"" N. Tolentino",Senator Senate of the Philippines,SBN-653,"AN ACT STRENGTHENING THE NATIONAL HOUSING AUTHORITY, EXTENDING ITS CORPORATE TERM, AND AMENDING FOR THIS PURPOSE PRESIDENTIAL DECREE NO. 757, ENTITLED 'CREATING THE NATIONAL HOUSING AUTHORITY AND DISSOLVING THE EXISTING HOUSING AGENCIES, DEFINING ITS POWERS AND FUNCTIONS, PROVIDING FUNDS THEREFOR,
AND FOR OTHER PURPOSES'",
334,"Francis ""Tol"" N. Tolentino",Senator Senate of the Philippines,SBN-654,"AN ACT INSTITUTIONALIZING THE PHILIPPINE NAVY FORWARD OPERATING BASES, APPROPRIATING FUNDS FOR THE ESTABLISHMENT THEREOF, AND FOR OTHER PURPOSES",
334,"Francis ""Tol"" N. Tolentino",Senator Senate of the Philippines,SBN-655,"AN ACT INSTITUTIONALIZING GOVERNMENT SUPPORT FOR GIFTED AND TALENTED STUDENTS, APPROPRIATING FUNDS THEREFOR, AND FOR OTHER PURPOSES",
334,"Francis ""Tol"" N. Tolentino",Senator Senate of the Philippines,SBN-656,"AN ACT STRENGTHENING TRADITIONAL AND COMPLEMENTARY MEDICINE IN THE PHILIPPINES, AMENDING FOR THE PURPOSE REPUBLIC ACT NO. 8423, OTHERWISE KNOWN AS THE 'TRADITIONAL AND ALTERNATIVE MEDICINE ACT (TAMA) OF 1997'",
334,"Francis ""Tol"" N. Tolentino",Senator Senate of the Philippines,SBN-748,"AN ACT EXTENDING THE LIFE OF THE PHILIPPINE AEROSPACE DEVELOPMENT CORPORATION (PADC) BY ANOTHER FIFTY (50) YEARS, AMENDING FOR THE PURPOSE PRESIDENTIAL DECREE NO. 286, SERIES OF 1973, AS AMENDED, ENTITLED   AUTHORIZING THE CREATION OF A PHILIPPINE AEROSPACE DEVELOPMENT CORPORATION, APPROPRIATING FUNDS THEREFORE, AND FOR OTHER PURPOSES",
334,"Francis ""Tol"" N. Tolentino",Senator Senate of the Philippines,SBN-749,"AN ACT MANDATING THE APPOINTMENT OF A HUMAN SETTLEMENTS AND HOUSING OFFICER IN PROVINCES, CITIES, AND MUNICIPALITIES, PROVIDING FOR ITS POWERS AND FUNCTIONS, AMENDING SECTIONS 17, 443, 454, 463, AND TITLE FIVE OF BOOK II OF REPUBLIC ACT NO. 7160, OTHERWISE KNOWN AS THE 'LOCAL GOVERNMENT CODE OF 1991', AND FOR OTHER PURPOSES",
334,"Francis ""Tol"" N. Tolentino",Senator Senate of the Philippines,SBN-750,"AN ACT REQUIRING INDUSTRIES ENGAGED IN THE EXPLOITATION OF NATURAL RESOURCES TO GIVE PREFERENTIAL EMPLOYMENT TO LOCAL RESIDENTS, AMENDING FOR THE PURPOSE THE LABOR CODE OF THE PHILIPPINES",
334,"Francis ""Tol"" N. Tolentino",Senator Senate of the Philippines,SBN-751,AN ACT REGULATING THE DISPOSAL OF ELECTRONIC EQUIPMENT AT SOLID WASTE MANAGEMENT FACILITIES AND REQUIRING THE ESTABLISHMENT OF RECOVERY AND COLLECTION FACILITIES THEREFOR,
334,"Francis ""Tol"" N. Tolentino",Senator Senate of the Philippines,SBN-757,"AN ACT PROVIDING INCENTIVES TO ALL BARANGAY OFFICIALS, INCLUDING BARANGAY TANODS AND MEMBERS OF THE LUPONG TAGAPAMAYAPA, AND BARANGAY EMPLOYEES",
334,"Francis ""Tol"" N. Tolentino",Senator Senate of the Philippines,SBN-758,"AN ACT PROVIDING FOR SALARY TRANSPARENCY IN JOB ADVERTISEMENTS, PROHIBITING INQUIRIES ON SALARY HISTORY, PROVIDING PENALTIES THEREFOR, AND FOR OTHER PURPOSES",
334,"Francis ""Tol"" N. Tolentino",Senator Senate of the Philippines,SBN-759,"AN ACT PROVIDING AUTHORITY FOR NATIONAL SPORTS ASSOCIATIONS TO RECRUIT
FILIPINO-FOREIGN ATHLETES TRAINED ABROAD, AMENDING FOR THE PURPOSE SECTION 13 (I) OF REPUBLIC ACT NO. 6847 OR 'THE PHILIPPINE SPORTS COMMISSION ACT'",
334,"Francis ""Tol"" N. Tolentino",Senator Senate of the Philippines,SBN-760,"AN ACT EMPOWERING THE SANGGUNIANG KABATAAN TO RESPOND TO EMERGENCY AND DISASTER SITUATIONS IN THEIR RESPECTIVE BARANGAYS, FURTHER AMENDING FOR THE PURPOSE REPUBLIC ACT NO. 10742, OTHERWISE KNOWN AS THE 'SANGGUNIANG KABATAAN REFORM ACT OF 2015,  'AS AMENDED BY REPUBLIC ACT NO. 11768",
334,"Francis ""Tol"" N. Tolentino",Senator Senate of the Philippines,SBN-891,"AN ACT AMENDING SECTION 177 AND SECTION 216 OF REPUBLIC ACT NO. 8293, OTHERWISE KNOWN AS THE INTELLECTUAL PROPERTY CODE OF THE PHILIPPINES, AS AMENDED BY REPUBLIC ACT NO. 10372, AND FOR OTHER PURPOSES",
334,"Francis ""Tol"" N. Tolentino",Senator Senate of the Philippines,SBN-892,AN ACT CREATING THE MEDICAL AND TECHNICAL RESERVE CORPS,
334,"Francis ""Tol"" N. Tolentino",Senator Senate of the Philippines,SRN-144,"RESOLUTION DIRECTING THE SENATE COMMITTEE ON URBAN PLANNING, HOUSING, AND RESETTLEMENT TO CONDUCT AN INQUIRY IN AID OF LEGISLATION ON THE STATE OF PUBLIC FINANCING FOR THE HOUSING SECTOR AND THE
NECESSITY OF ESTABLISHING THE HOUSING BANK OF THE PHILIPPINES IN ORDER TO CENTRALIZE THE FINANCING AND BANKING FUNCTIONS AND ADDRESS THE FINANCING NEEDS OF THE  HOUSING SECTOR IN THE PHILIPPINES",
334,"Francis ""Tol"" N. Tolentino",Senator Senate of the Philippines,SRN-145,"RESOLUTION DIRECTING THE SENATE COMMITTEE ON FOREIGN RELATIONS TO CONDUCT AN INQUIRY IN AID OF LEGISLATION ON THE STATUS, PURPOSES, AND OBJECTIVES OF THE SOUTHEAST ASIA COLLECTIVE DEFENSE TREATY AND STATE COMMITMENTS AND OBLIGATIONS PURSUANT TO THE TREATY",
320,"Juan Edgardo ""Sonny""  Angara",Senator Senate of the Philippines,SRN-198,RESOLUTION EXPRESSING THE PROFOUND SYMPATHY AND SINCERE CONDOLENCES OF THE SENATE OF THE PHILIPPINES ON THE DEATH OF QUEEN ELIZABETH II OF THE UNITED KINGDOM OF GREAT BRITAIN AND NORTHERN IRELAND,
320,"Juan Edgardo ""Sonny""  Angara",Senator Senate of the Philippines,SBN-1000,"AN ACT AMENDING SECTIONS 3 AND 7 OF REPUBLIC ACT NO. 9512, OTHERWISE KNOWN AS THE ?NATIONAL ENVIRONMENTAL AWARENESS AND EDUCATION ACT OF 2008?, AND FOR OTHER PURPOSES",PENDING IN THE COMMITTEE DATE : 9/5/2022
320,"Juan Edgardo ""Sonny""  Angara",Senator Senate of the Philippines,SBN-1001,"AN ACT INCREASING THE BED CAPACITY OF THE PHILIPPINE GENERAL HOSPITAL FROM ONE THOUSAND AND FIVE HUNDRED BEDS (1,500) TO TWO THOUSAND AND TWO HUNDRED BEDS (2,200) AND APPROPRIATING FUNDS THEREFOR",PENDING IN THE COMMITTEE DATE : 9/5/2022
320,"Juan Edgardo ""Sonny""  Angara",Senator Senate of the Philippines,SBN-1002,AN ACT INSTITUTING POLICIES FOR THE PROTECTION AND WELFARE OF CAREGIVERS IN THE PRACTICE OF THEIR PROFESSION,PENDING IN THE COMMITTEE DATE : 9/5/2022
320,"Juan Edgardo ""Sonny""  Angara",Senator Senate of the Philippines,SBN-1003,"AN ACT STRENGTHENING THE CIVIL AVIATION AUTHORITY OF THE PHILIPPINES, AMENDING FOR THE PURPOSE REPUBLIC ACT 9497, OTHERWISE KNOWN CIVIL AVIATION AUTHORITY ACT OF 2008",PENDING IN THE COMMITTEE DATE : 9/5/2022
320,"Juan Edgardo ""Sonny""  Angara",Senator Senate of the Philippines,SBN-1004,"AN ACT ALLOWING AND REGULATING THE USE OF MOTORCYCLES AS PUBLIC UTILITY VEHICLES, AMENDING FOR THIS PURPOSE REPUBLIC ACT NO. 4136, OTHERWISE KNOWN AS THE LAND TRANSPORTATION AND TRAFFIC CODE, AND FOR OTHER PURPOSES",PENDING IN THE COMMITTEE DATE : 9/5/2022
320,"Juan Edgardo ""Sonny""  Angara",Senator Senate of the Philippines,SBN-1005,"AN ACT PROMOTING SUSTAINABLE AND ALTERNATIVE MODES OF TRANSPORTATION AND OTHER MOBILITY OPTIONS TO IMPROVE AIR QUALITY, INCREASE EFFICIENCY, REDUCE CONGESTION, AND CONTRIBUTE TO POSITIVE HEALTH IMPACTS IN OUR SOCIETY",PENDING IN THE COMMITTEE DATE : 9/5/2022
320,"Juan Edgardo ""Sonny""  Angara",Senator Senate of the Philippines,SBN-1006,AN ACT IMPLEMENTING THE RIGHT OF THE PEOPLE TO INFORMATION ON MATTERS OF PUBLIC CONCERN AND STATE POLICIES OF FULL PUBLIC DISCLOSURE OF ALL ITS TRANSACTIONS INVOLVING THE PUBLIC INTEREST AND HONESTY IN THE PUBLIC SERVICE AND FOR OTHER PURPOSES,PENDING IN THE COMMITTEE DATE : 9/5/2022
320,"Juan Edgardo ""Sonny""  Angara",Senator Senate of the Philippines,SBN-1007,"AN ACT AMENDING CERTAIN PROVISIONS OF REPUBLIC ACT NO. 6847, OTHERWISE KNOWN AS THE PHILIPPINE SPORTS COMMISSION ACT",PENDING IN THE COMMITTEE DATE : 9/5/2022
320,"Juan Edgardo ""Sonny""  Angara",Senator Senate of the Philippines,SBN-1008,"AN ACT MANDATING HIGHER EDUCATION INSTITUTIONS AND TECHNICAL -VOCATIONAL INSTITUTIONS TO ENSURE THE SAFETY AND SECURITY OF THE ACADEMIC COMMUNITY FROM INTERNAL AND EXTERNAL THREATS, THEREBY CREATING A SAFETY AND SECURITY COMMITTEE FOR THIS PURPOSE",PENDING IN THE COMMITTEE DATE : 9/5/2022
320,"Juan Edgardo ""Sonny""  Angara",Senator Senate of the Philippines,SBN-1009,"AN ACT PROVIDING FOR A COMPREHENSIVE AND SUSTAINABLE MODERNIZATION, CONNECTIVITY AND INNOVATION PROGRAM FOR PUBLIC ELEMENTARY AND SECONDARY SCHOOLS PROVIDING FUNDS THEREFOR AND FOR OTHER PURPOSES",PENDING IN THE COMMITTEE DATE : 9/5/2022
320,"Juan Edgardo ""Sonny""  Angara",Senator Senate of the Philippines,SBN-1010,"AN ACT PROVIDING FOR LIFETIME VALIDITY OF PERSON WITH DISABILITY IDENTIFICATION CARDS FOR THOSE WITH PERMANENT DISABILITY OR ELDERLY, AMENDING FOR THE PURPOSE REPUBLIC ACT NO. 7277, OTHERWISE KNOWN AS THE ?MAGNA CARTA FOR PERSONS WITH DISABILITY,? AS AMENDED",PENDING IN THE COMMITTEE DATE : 9/5/2022
320,"Juan Edgardo ""Sonny""  Angara",Senator Senate of the Philippines,SBN-1011,"AN ACT TO ENHANCE INTER-LGU COOPERATION BY AMENDING CERTAIN PROVISIONS IN BOOK I OF REPUBLIC ACT NO. 7160, OTHERWISE KNOWN AS THE ?LOCAL GOVERNMENT CODE OF 1991?",PENDING IN THE COMMITTEE DATE : 9/5/2022
320,"Juan Edgardo ""Sonny""  Angara",Senator Senate of the Philippines,SBN-1012,AN ACT DECLARING THE CHINESE NEW YEAR?S DAY A SPECIAL NONWORKING HOLIDAY IN THE PHILIPPINES,PENDING IN THE COMMITTEE DATE : 9/5/2022
320,"Juan Edgardo ""Sonny""  Angara",Senator Senate of the Philippines,SBN-1165,"AN ACT INSTITUTIONALIZING AN EMERGENCY MEDICAL SERVICES SYSTEM, PROVIDING FOR THE ESTABLISHMENT, SUPERVISION, AND REGULATION OF EMERGENCY MEDICAL SERVICES PROGRESSION, AND APPROPRIATING FUNDS THEREFOR",PENDING IN THE COMMITTEE DATE : 9/7/2022
320,"Juan Edgardo ""Sonny""  Angara",Senator Senate of the Philippines,SBN-1166,"AN ACT DECLARING PAG-ASA ISLAND CLUSTER IN THE MUNICIPALITY OF KALAYAAN, PROVINCE OF PALAWAN AS AN ECOTOURISM DESTINATION AND PROTECTED AREA, PROVIDING FUNDS THEREFOR, AND FOR OTHER PURPOSES",PENDING IN THE COMMITTEE DATE : 9/7/2022
320,"Juan Edgardo ""Sonny""  Angara",Senator Senate of the Philippines,SBN-1167,"AN ACT ESTABLISHING RESOURCE CENTERS FOR INDIGENOUS CULTURAL COMMUNITIES/INDIGENOUS PEOPLES TO ENHANCE AND ENSURE DELIVERY OF ESSENTIAL SERVICES, APPROPRIATING FUNDS THEREFOR AND FOR OTHER PURPOSES",PENDING IN THE COMMITTEE DATE : 9/7/2022
320,"Juan Edgardo ""Sonny""  Angara",Senator Senate of the Philippines,SBN-1168,AN ACT PROVIDING FOR THE FULL AND EFFECTIVE IMPLEMENTATION AND ENFORCEMENT OF INTERNATIONAL MARITIME INSTRUMENTS OF WHICH THE PHILIPPINES IS A STATE-PARTY,PENDING IN THE COMMITTEE DATE : 9/7/2022
320,"Juan Edgardo ""Sonny""  Angara",Senator Senate of the Philippines,SBN-1169,"AN ACT ESTABLISHING LIVING FACILITIES FOR PUBLIC SCHOOL TEACHERS, PROVIDING FUNDS THEREFOR AND FOR OTHER PURPOSES",PENDING IN THE COMMITTEE DATE : 9/7/2022
320,"Juan Edgardo ""Sonny""  Angara",Senator Senate of the Philippines,SBN-1170,AN ACT DECLARING APRIL 7 EVERY YEAR AS BARANGAY HEALTH WORKERS DAY,PENDING IN THE COMMITTEE DATE : 9/7/2022
320,"Juan Edgardo ""Sonny""  Angara",Senator Senate of the Philippines,SBN-1171,"AN ACT PROVIDING FOR BUSINESS-FRIENDLY TAX REMEDIES IN LOCAL GOVERNMENT UNITS BY AMENDING CERTAIN PROVISIONS IN BOOK II OF REPUBLIC ACT NO. 7160, OTHERWISE KNOWN AS THE LOCAL GOVERNMENT CODE OF 1991",PENDING IN THE COMMITTEE DATE : 9/7/2022
320,"Juan Edgardo ""Sonny""  Angara",Senator Senate of the Philippines,SBN-1516,AN ACT GRANTING PHILIPPINE CITIZENSHIP TO JUSTIN DONTA BROWNLEE,"CONSOLIDATED/SUBSTITUTED IN THE COMMITTEE REPORT DATE : 11/29/2022
Committee Report No.:13 Date:11/29/2022"
320,"Juan Edgardo ""Sonny""  Angara",Senator Senate of the Philippines,SBN-1614,AN ACT CREATING AN ADVANCED STUDIES DEVELOPMENT PROGRAM FOR EXCEPTIONAL EMPLOYEES FROM THE GOVERNMENT AND THE PRIVATE SECTOR AND FOR OTHER PURPOSES,PENDING IN THE COMMITTEE DATE : 1/23/2023
320,"Juan Edgardo ""Sonny""  Angara",Senator Senate of the Philippines,SBN-1615,AN ACT RECOGNIZING THE MUNICIPALITY OF BALER IN THE PROVINCE OF AURORA AS THE 'BIRTHPLACE OF PHILIPPINE SURFING',PENDING IN THE COMMITTEE DATE : 1/23/2023
320,"Juan Edgardo ""Sonny""  Angara",Senator Senate of the Philippines,SBN-1616,"AN ACT DECLARING THE SEVENTH DAY OF NOVEMBER OF EVERY YEAR A SPECIAL NATIONAL WORKING HOLIDAY IN COMMEMORATION OF
THE ESTABLISHMENT OF THE FIRST PHILIPPINE MOSQUE AND THE INTRODUCTION OF ISLAM IN
THE PHILIPPINES",PENDING IN THE COMMITTEE DATE : 1/23/2023
320,"Juan Edgardo ""Sonny""  Angara",Senator Senate of the Philippines,SBN-1753,"AN ACT STRENGTHENING THE OFFICE OF THE GOVERNMENT CORPORATE COUNSEL (OGCC) BY RATIONALIZING AND FURTHER PROFESSIONALIZING ITS ORGANIZATION, AND APPROPRIATING FUNDS THEREFOR",PENDING IN THE COMMITTEE DATE : 1/31/2023
320,"Juan Edgardo ""Sonny""  Angara",Senator Senate of the Philippines,SBN-1754,"AN ACT STRENGTHENING THE EARLY CHILDHOOD CARE AND DEVELOPMENT SYSTEM, AMENDING FOR THE PURPOSE SECTIONS 6, 9, AND 11 OF REPUBLIC ACT NO. 10410, OTHERWISE KNOWN AS THE EARLY YEARS ACT OF 2013, AND APPROPRIATING FUNDS THEREFOR",PENDING IN THE COMMITTEE DATE : 1/31/2023
320,"Juan Edgardo ""Sonny""  Angara",Senator Senate of the Philippines,SBN-1837,AN ACT CONVERTING THE MUNICIPALITY OF UBAY IN THE PROVINCE OF BOHOL INTO A COMPONENT CITY TO BE KNOWN AS THE SCIENCE CITY OF UBAY,PENDING IN THE COMMITTEE DATE : 2/7/2023
320,"Juan Edgardo ""Sonny""  Angara",Senator Senate of the Philippines,SBN-1868,"AN ACT PROVIDING FOR PROTECTED GEOGRAPHICAL INDICATIONS OF LOCALLY PRODUCED AGRICULTURAL OR NATURAL (UNPROCESSED OR WILD) PRODUCTS, PROCESSED PRODUCTS, OR ANY PRODUCTS OF HANDICRAFT OR INDUSTRY",PENDING IN THE COMMITTEE DATE : 2/13/2023
320,"Juan Edgardo ""Sonny""  Angara",Senator Senate of the Philippines,SBN-320,"AN ACT AMENDING REPUBLIC ACT NO. 7305, OTHERWISE KNOWN AS 'THE MAGNA CARTA OF PUBLIC HEALTH WORKERS;  AND FOR OTHER PURPOSES",PENDING IN THE COMMITTEE DATE : 8/8/2022
320,"Juan Edgardo ""Sonny""  Angara",Senator Senate of the Philippines,SBN-321,"AN ACT REQUIRING ALL NATIONAL, REGIONAL, AND PROVINCIAL GOVERNMENT HOSPITALS TO ESTABLISH, OPERATE AND MAINTAIN A DIALYSIS WARD OR UNIT IN THEIR RESPECTIVE HOSPITAL AND PROVIDING FREE DIALYSIS TREATMENT TO INDIGENT PATIENTS",PENDING IN THE COMMITTEE DATE : 8/8/2022
320,"Juan Edgardo ""Sonny""  Angara",Senator Senate of the Philippines,SBN-322,AN ACT PROVIDING FOR FREE ANNUAL MEDICAL CHECK-UP FOR FILIPINOS,PENDING IN THE COMMITTEE DATE : 8/8/2022
320,"Juan Edgardo ""Sonny""  Angara",Senator Senate of the Philippines,SBN-323,"AN ACT ESTABLISHING THE TEACHER EDUCATION FOR ACHIEVERS PROGRAM TO IMPROVE THE QUALITY OF TEACHERS IN THE PHILIPPINES, APPROPRIATING FUNDS THEREFOR, AND FOR OTHER PURPOSES",PENDING IN THE COMMITTEE DATE : 8/8/2022
320,"Juan Edgardo ""Sonny""  Angara",Senator Senate of the Philippines,SBN-325,"AN ACT GRANTING CASH INCENTIVES TO WINNING FILMMAKERS, FILM  PRODUCTION ENTITIES, LITERARY WRITERS, ARTISTS, AND PERFORMERS IN THE CREATIVE SECTOR, APPROPRIATING FUNDS THEREFOR AND FOR OTHER PURPOSES",PENDING IN THE COMMITTEE DATE : 8/8/2022
320,"Juan Edgardo ""Sonny""  Angara",Senator Senate of the Philippines,SBN-326,"AN ACT FURTHER EXPANDING THE INCENTIVES GRANTED TO NATIONAL ATHLETES AND COACHES, AMENDING FOR THE PURPOSE REPUBLIC ACT NO. 10699 OR THE 'NATIONAL ATHLETES AND COACHES BENEFITS AND INCENTIVES ACT'",PENDING IN THE COMMITTEE DATE : 8/8/2022
320,"Juan Edgardo ""Sonny""  Angara",Senator Senate of the Philippines,SBN-327,AN ACT PROVIDING FOR RURAL EMPLOYMENT ASSISTANCE PROGRAM AND APPROPRIATING FUNDS THEREFOR,PENDING IN THE COMMITTEE DATE : 8/8/2022
320,"Juan Edgardo ""Sonny""  Angara",Senator Senate of the Philippines,SBN-328,AN ACT TO ESTABLISH THE MAGNA CARTA FOR BARANGAYS,PENDING IN THE COMMITTEE DATE : 8/8/2022
320,"Juan Edgardo ""Sonny""  Angara",Senator Senate of the Philippines,SBN-625,"AN ACT ESTABLISHING A NATIONAL DIGITAL TRANSFORMATION POLICY AND CREATING A NATIONAL DIGITAL TRANSFORMATION COUNCIL FOR THE DEVELOPMENT AND IMPLEMENTATION THEREOF, AND FOR OTHER PURPOSES",PENDING IN THE COMMITTEE DATE : 8/17/2022
320,"Juan Edgardo ""Sonny""  Angara",Senator Senate of the Philippines,SBN-626,"AN ACT TO ESTABLISH GUIDELINES AND INCENTIVES FOR THE DEVELOPMENT OF SCIENCE AND TECHNOLOGY PARKS (STPS) IN THE PHILIPPINES, AND FOR OTHER PURPOSES",PENDING IN THE COMMITTEE DATE : 8/17/2022
320,"Juan Edgardo ""Sonny""  Angara",Senator Senate of the Philippines,SBN-627,"AN ACT STRENGTHENING THE DIGITAL TRANSFORMATION CAPACITY OF ALL LOCAL GOVERNMENT UNITSF AMENDING FOR THE PURPOSE REPUBLIC ACT NO. 7160 OTHERWISE KNOWN AS THE LOCAL GOVERNMENT CODE OF 1991, AS AMENDED, AND FOR OTHER PURPOSES",PENDING IN THE COMMITTEE DATE : 8/17/2022
320,"Juan Edgardo ""Sonny""  Angara",Senator Senate of the Philippines,SBN-628,"AN ACT TO DEVELOP A NATIONAL QUALITY POLICY DEFINING THE PHILIPPINE NATIONAL QUALITY INFRASTRUCTURE (NQI), CREATING FOR THIS PURPOSE THE PHILIPPINE NATIONAL QUALITY INFRASTRUCTURE COORDINATING COUNCIL AND FOR OTHER PURPOSES",PENDING IN THE COMMITTEE DATE : 8/17/2022
320,"Juan Edgardo ""Sonny""  Angara",Senator Senate of the Philippines,SBN-629,AN ACT PROVIDING FOR THE URBAN AND COUNTRYSIDE GREENING IN THE PHILIPPINES,PENDING IN THE COMMITTEE DATE : 8/17/2022
320,"Juan Edgardo ""Sonny""  Angara",Senator Senate of the Philippines,SBN-630,AN ACT TO DEVELOP AND STRENGTHEN THE AGRICULTURAL EDUCATION AND TRAINING IN THE COUNTRY THROUGH THE INSTITUTIONALIZATION OF MANPOWER DEVELOPMENT FOR AGRICULTURAL ENTREPRENEURSHIP IN THE POST-SECONDARY LEVEL,PENDING IN THE COMMITTEE DATE : 8/17/2022
320,"Juan Edgardo ""Sonny""  Angara",Senator Senate of the Philippines,SBN-631,"AN ACT STRENGTHENING THE PHILIPPINE PUBLIC LIBRARY SYSTEM, AMENDING FOR THE REPUBLIC ACT NO. 7743, OTHERWISE KNOWN AS 'AN ACT PROVIDING FOR THE ESTABLISHMENT OF CONGRESSIONAL, CITY, AND MUNICIPAL LIBRARIES AND BARANGAY READING CENTERS THROUGHOUT THE PHILIPPINES,' AND FOR OTHER PURPOSES",PENDING IN THE COMMITTEE DATE : 8/17/2022
320,"Juan Edgardo ""Sonny""  Angara",Senator Senate of the Philippines,SBN-632,AN ACT INSTITUTIONALIZING SUPPORT MECHANISMS AND PROTECTION FOR PUBLIC SCHOOL TEACHERS AND PERSONNEL IN MATTERS OF STUDENT DISCIPLINE FOR CLASSROOM MANAGEMENT,PENDING IN THE COMMITTEE DATE : 8/17/2022
320,"Juan Edgardo ""Sonny""  Angara",Senator Senate of the Philippines,SBN-633,"AN ACT ESTABLISHING A FRAMEWORK FOR FILM AND TELEVISION TOURISM IN THE PHILIPPINES, MARKETING THE INDUSTRY GLOBALLY AND PROVIDING EMPLOYMENT FOR THE SECTOR AND FOR OTHER PURPOSES",PENDING IN THE COMMITTEE DATE : 8/17/2022
320,"Juan Edgardo ""Sonny""  Angara",Senator Senate of the Philippines,SBN-634,"AN ACT TO STRENGTHEN THE PHILIPPINE CREATIVE INDUSTRY THROUGH EXPANDING THE COVERAGE OF THE BALIK SCIENTIST ACT, AMENDING FOR THE PURPOSE, REPUBLIC ACT NO. 11035, AND FOR OTHER PURPOSES",PENDING IN THE COMMITTEE DATE : 8/17/2022
320,"Juan Edgardo ""Sonny""  Angara",Senator Senate of the Philippines,SBN-635,AN ACT AUTHORIZING THE DEPARTMENT OF HEALTH TO SET AND APPROVE THE BED CAPACITY AND THE SERVICE CAPABILITY OF ALL DOH HOSPITALS,PENDING IN THE COMMITTEE DATE : 8/17/2022
320,"Juan Edgardo ""Sonny""  Angara",Senator Senate of the Philippines,SBN-636,AN ACT CREATING A DENTAL UNIT IN EVERY RURAL HEALTH UNIT UNDER THE DEPARTMENT OF HEALTH AS PART OF THE PRIMARY APPROACH IN THE DELIVERY OF HEALTH SERVICES AND PROVIDING FUNDS THEREFOR,PENDING IN THE COMMITTEE DATE : 8/17/2022
320,"Juan Edgardo ""Sonny""  Angara",Senator Senate of the Philippines,SBN-637,"AN ACT PROVIDING FOR A COMPREHENSIVE NURSING LAW TOWARDS QUALITY HEALTH CARE SYSTEM, AND APPROPRIATING FUNDS THEREFOR",PENDING IN THE COMMITTEE DATE : 8/17/2022
320,"Juan Edgardo ""Sonny""  Angara",Senator Senate of the Philippines,SBN-638,"AN ACT UPGRADING THE MINIMUM SALARY GRADE LEVEL OF NURSES FROM SALARY GRADE 15 TO 19, AMENDING SEC. 32 OF REPUBLIC ACT NO.
9173, OTHERWISE KNOWN AS 'THE PHILIPPINE NURSING ACT OF 2002'",PENDING IN THE COMMITTEE DATE : 8/17/2022
320,"Juan Edgardo ""Sonny""  Angara",Senator Senate of the Philippines,SBN-639,"AN ACT DEFINING AND PROHIBITING SENIOR CITIZEN ABUSE, PROVIDING PENALTIES THEREFOR, AND FOR OTHER PURPOSES",PENDING IN THE COMMITTEE DATE : 8/17/2022
320,"Juan Edgardo ""Sonny""  Angara",Senator Senate of the Philippines,SBN-640,AN ACT INSTITUTING THE MAGNA CARTA OF FILIPINO SEAFARERS,PENDING IN THE COMMITTEE DATE : 8/17/2022
320,"Juan Edgardo ""Sonny""  Angara",Senator Senate of the Philippines,SBN-641,"AN ACT TO ENHANCE PUBLIC FINANCIAL MANAGEMENT IN LOCAL GOVERNMENT UNITS BY AMENDING CERTAIN PROVISIONS IN REPUBLIC ACT NO. 7160, OTHERWISE KNOWN AS THE
'LOCAL GOVERNMENT CODE OF 1991'",PENDING IN THE COMMITTEE DATE : 8/17/2022
320,"Juan Edgardo ""Sonny""  Angara",Senator Senate of the Philippines,SBN-761,"AN ACT TO INSTITUTIONALIZE THE SHARED SERVICE FACILITIES (SSF) PROJECT FOR MICRO, SMALL, AND MEDIUM ENTERPRISIES (MSMES) BY AMENDING REPUBLIC ACT NO. 6977 OTHERWISE KNOWN AS THE MAGNA CARTA FOR SMALL ENTERPRISES AS AMENDED BY REPUBLIC ACT NO. 9501 OTHERWISE KNOWN AS THE MAGNA CARTA FOR MICRO, SMALL AND MEDIUM ENTERPRISES",PENDING IN THE COMMITTEE DATE : 8/30/2022
320,"Juan Edgardo ""Sonny""  Angara",Senator Senate of the Philippines,SBN-762,AN ACT PROMOTING THE ADOPTION OF DIGITAL PAYMENTS FOR FINANCIAL TRANSACTIONS OF THE GOVERNMENT AND ALL MERCHANTS AND FOR OTHER PURPOSES,PENDING IN THE COMMITTEE DATE : 8/30/2022
320,"Juan Edgardo ""Sonny""  Angara",Senator Senate of the Philippines,SBN-763,"AN ACT PROVIDING FOR THE PROTECTION AGAINST PANDEMICS AND OTHER HEALTH EMERGENCIES THROUGH THE DEVELOPMENT OF THE HEALTHCARE AND MANUFACTURING INDUSTRIES, AND PROVIDING FUNDS THEREFOR",PENDING IN THE COMMITTEE DATE : 8/30/2022
320,"Juan Edgardo ""Sonny""  Angara",Senator Senate of the Philippines,SBN-764,"AN ACT ESTABLISHING A SPECIAL DEFENSE ECONOMIC ZONE (SPEDEZ) INSIDE THE GOVERNMENT ARSENAL DEFENSE INDUSTRIAL ESTATE LOCATED IN CAMP GEN. ANTONIO LUNA, LAMAO, MUNICIPALITY OF LI MAY, PROVINCE OF BATAAN, CREATING FOR THIS PURPOSE THE SPECIAL DEFENSE ECONOMIC ZONE AUTHORITY (SPEDEZA) AND APPROPRIATING FUNDS THEREFOR",PENDING IN THE COMMITTEE DATE : 8/30/2022
320,"Juan Edgardo ""Sonny""  Angara",Senator Senate of the Philippines,SBN-765,"AN ACT PROMOTING AND AUTHORIZING PUBLIC - PRIVATE PARTNERSHIPS FOR THE FINANCING, CONSTRUCTION, OPERATION AND  MAINTENANCE OF INFRASTRUCTURE FACILITIES APPROPRIATING FUNDS THEREFOR, AND FOR OTHER PURPOSES",PENDING IN THE COMMITTEE DATE : 8/30/2022
320,"Juan Edgardo ""Sonny""  Angara",Senator Senate of the Philippines,SBN-766,"AN ACT STRENGTHENING THE PHILIPPINE CROP INSURANCE CORPORATION (PCIC), AMENDING FOR THE PURPOSE PRESIDENTIAL DECREE NO. 1467, AS AMENDED  OTHERWISE  KNOWN AS THE CHARTER OF THE PHILIPPINE CROP INSURANCE CORPORATION",PENDING IN THE COMMITTEE DATE : 8/30/2022
320,"Juan Edgardo ""Sonny""  Angara",Senator Senate of the Philippines,SBN-767,AN ACT TO REORGANIZE THE NATIONAL PARKS DEVELOPMENT COMMITTEE TO THE PUBLIC PARKS DEVELOPMENT AUTHORITY,PENDING IN THE COMMITTEE DATE : 8/30/2022
320,"Juan Edgardo ""Sonny""  Angara",Senator Senate of the Philippines,SBN-768,"AN ACT AMENDING SECTIONS 3 AND 4 OF PRESIDENTIAL DECREE NO. 1631, SERIES OF 1979 OR THE ACT CREATING THE LUNGSOD NG
KABATAAN AS AMENDED BY EXECUTIVE ORDER NO. 893, SERIES OF 1983",PENDING IN THE COMMITTEE DATE : 8/30/2022
320,"Juan Edgardo ""Sonny""  Angara",Senator Senate of the Philippines,SBN-769,AN ACT INTEGRATING PALLIATIVE AND HOSPICE CARE INTO THE PHILIPPINE HEALTH CARE SYSTEM,PENDING IN THE COMMITTEE DATE : 8/30/2022
320,"Juan Edgardo ""Sonny""  Angara",Senator Senate of the Philippines,SBN-770,"AN ACT AMENDING CERTAIN PROVISIONS OF REPUBLIC ACT NO. 11223, OTHERWISE KNOWN AS THE UNIVERSAL HEALTH CARE ACT",PENDING IN THE COMMITTEE DATE : 8/30/2022
320,"Juan Edgardo ""Sonny""  Angara",Senator Senate of the Philippines,SBN-771,"AN ACT AMENDING SECTIONS 5 AND 8 OF REPUBLIC ACT NO. 9505, OTHERWISE KNOWN AS THE PERSONAL EQUITY AND RETIREMENT ACCOUNT (PERA) LAW AND FOR OTHER PURPOSES",PENDING IN THE COMMITTEE DATE : 8/30/2022
320,"Juan Edgardo ""Sonny""  Angara",Senator Senate of the Philippines,SBN-772,"AN ACT AMENDING SECTIONS 296 AND 311 OF REPUBLIC ACT NO. 7160, AS AMENDED OTHERWISE KNOWN AS THE LOCAL GOVERNMENT CODE OF 1991",PENDING IN THE COMMITTEE DATE : 8/30/2022
320,"Juan Edgardo ""Sonny""  Angara",Senator Senate of the Philippines,SBN-773,"AN ACT PROVIDING THE DIRECT REMITTANCE TO THE HOST LOCAL GOVERNMENT UNITS OF THEIR FORTY PERCENT (40%) SHARE DERIVED FROM THE NATIONAL WEALTH AMENDING FOR THE PURPOSE SECTION 293 OF REPUBLIC ACT NO. 7160, OTHERWISE KNOWN AS THE 'LOCAL GOVERNMENT CODE OF 1991'",PENDING IN THE COMMITTEE DATE : 8/30/2022
320,"Juan Edgardo ""Sonny""  Angara",Senator Senate of the Philippines,SBN-774,"AN ACT TO ENHANCE THE USE OF NATIONAL WEALTH FOR LOCAL DEVELOPMENT BY AMENDING CERTAIN PROVISIONS IN BOOK II OF REPUBLIC ACT NO. 7160, OTHERWISE KNOWN AS THE 'LOCAL GOVERNMENT CODE OF 1991'",PENDING IN THE COMMITTEE DATE : 8/30/2022
320,"Juan Edgardo ""Sonny""  Angara",Senator Senate of the Philippines,SBN-775,"AN ACT TO RATIONALIZE THE FUNCTIONAL ASSIGNMENTS OF LOCAL GOVERNMENT UNITS BY AMENDING CERTAIN PROVISIONS IN REPUBLIC ACT NO. 7160, OTHERWISE KNOWN AS THE
'LOCAL GOVERNMENT CODE OF 1999'",PENDING IN THE COMMITTEE DATE : 8/30/2022
320,"Juan Edgardo ""Sonny""  Angara",Senator Senate of the Philippines,SBN-776,"AN ACT INSTITUTIONALIZING THE REGISTRATION AND THE NATIONAL DATABASE OF WORKERS, ECONOMIC UNITS, AND ORGANIZATIONS OR ASSOCIATIONS IN THE INFORMAL ECONOMY AND FOR OTHER PURPOSES",PENDING IN THE COMMITTEE DATE : 8/30/2022
320,"Juan Edgardo ""Sonny""  Angara",Senator Senate of the Philippines,SBN-777,"AN ACT ENHANCING ACCESSIBILITY IN THE VOTING OF SENIOR CITIZENS AND PERSONS WITH DISABILITIES AMENDING FOR THE PURPOSE SECTIONS 2(J) AND 9, A ID CREATING NEW SECTIONS 9-A AND 9-E UNDER REPUBLIC ACT NO. 10366, OTHERWISE KNOWN AS AN ACT AUTHORIZING THE COMMISSION ON ELECTIONS TO ESTABLISH PRECINCTS ASSIGNED TO ACCESSIBLE POLLING PLACES EXCLUSIVELY FOR PERSONS WITH DISABILITIES AND SENIOR CITIZENS",PENDING IN THE COMMITTEE DATE : 8/30/2022
320,"Juan Edgardo ""Sonny""  Angara",Senator Senate of the Philippines,SBN-778,"AN ACT STRENGTHENING THE ARCHITECTURE PROFESSION, AMENDING FOR THIS PURPOSE REPUBLIC ACT NO. 9266, OTHERWISE KNOWN AS THE 'ARCHITECTURE ACT OF 2004'",PENDING IN THE COMMITTEE DATE : 8/30/2022
320,"Juan Edgardo ""Sonny""  Angara",Senator Senate of the Philippines,SBN-779,"AN ACT AMENDING SECTION 6 OF REPUBLIC ACT NO. 1379, OTHERWISE KNOWN AS THE 'FORFEITURE LAW' TO PROVIDE A FIXED PERCENTAGE OF THE VALUE OF FORFEITED PROPERTIES IN CORRUPTION CASES AS ADDITIONAL FUNDING FOR THE OFFICE OF THE OMBUDSMAN AND FOR OTHER PURPOSES",PENDING IN THE COMMITTEE DATE : 8/30/2022
320,"Juan Edgardo ""Sonny""  Angara",Senator Senate of the Philippines,SBN-780,"AN ACT AN ACT AUGMENTING THE EMPLOYEE BENEFITS FOR THE SOLICITORS OF THE OFFICE OF THE SOLICITOR GENERAL BY PROVIDING RETIREMENT, DEATH AND SURVIVORSHIP BENEFITS, AND APPROPRIATING FUNDS THEREFOR",PENDING IN THE COMMITTEE DATE : 8/30/2022
320,"Juan Edgardo ""Sonny""  Angara",Senator Senate of the Philippines,SBN-901,"AN ACT CREATING THE PHILIPPINE RISE DEVELOPMENT AUTHORITY (PRDA), DEFINING ITS POWERS AND FUNCTIONS, PROVIDING FUNDS THEREFOR AND FOR OTHER PURPOSES",PENDING IN THE COMMITTEE DATE : 8/31/2022
320,"Juan Edgardo ""Sonny""  Angara",Senator Senate of the Philippines,SBN-902,"AN ACT ESTABLISHING THE SCOPE AND PROCEDURE FOR PHILIPPINE SHIP REGISTRY, RECOGNITION AND ENFORCEMENT OF MARITIME CLAIMS, AND LIMITATION OF LIABILITY, AS WELL AS PROVIDING ESSENTIAL INCENTIVES, WHICH COLLECTIVELY WILL PROMOTE A COMPREHENSIVE AND ORDERLY PHILIPPINE SHIP REGISTRY SYSTEM FOR THE REGULATION OF VESSELS CARRYING THE FLAG STATE",PENDING IN THE COMMITTEE DATE : 8/31/2022
320,"Juan Edgardo ""Sonny""  Angara",Senator Senate of the Philippines,SBN-903,"AN ACT TO REDUCE THE COST OF DOING BUSINESS IN LOCAL GOVERNMENT UNITS BY AMENDING CERTAIN PROVISIONS IN BOOK II OF REPUBLIC ACT NO. 7160, OTHERWISE KNOWN AS THE 'LOCAL GOVERNMENT CODE OF 1991'",PENDING IN THE COMMITTEE DATE : 8/31/2022
320,"Juan Edgardo ""Sonny""  Angara",Senator Senate of the Philippines,SBN-904,"AN ACT TO ENHANCE THE TAXING POWERS OF LOCAL GOVERNMENT UNITS BY AMENDING CERTAIN PROVISIONS IN BOOK II OF REPUBLIC ACT NO. 7160, OTHERWISE KNOWN AS THE 'LOCAL GOVERNMENT CODE OF 1991'",PENDING IN THE COMMITTEE DATE : 8/31/2022
320,"Juan Edgardo ""Sonny""  Angara",Senator Senate of the Philippines,SBN-905,"AN ACT TO SIMPLIFY LOCAL TAXES TO ENHANCE TAX COMPLIANCE IN LOCAL GOVERNMENT UNITS BY AMENDING CERTAIN PROVISIONS IN BOOK II OF REPUBLIC ACT NO. 7160, OTHERWISE KNOWN AS THE",PENDING IN THE COMMITTEE DATE : 8/31/2022
320,"Juan Edgardo ""Sonny""  Angara",Senator Senate of the Philippines,SBN-906,AN ACT GRANTING ONE-TIME CONDONATION OF INTEREST ARREARAGES AND PENALTIES IN FAVOR OF QUALIFIED LOCAL WATER DISTRICTS (LWDS) PERTAINING TO THEIR LOANS WITH THE LOCAL WATER UTILITIES ADMINISTRATION (LWUA),PENDING IN THE COMMITTEE DATE : 8/31/2022
320,"Juan Edgardo ""Sonny""  Angara",Senator Senate of the Philippines,SBN-907,"AN ACT STANDARDIZING THE RETIREMENT BENEFITS OF JUSTICES, JUDGES, AND JUDICIARY OFFICIALS CONFERRED WITH JUDICIAL RANK, SALARY AND PRIVILEGES, AND APPROPRIATING FUNDS THEREFOR, AMENDING FOR THE PURPOSE REPUBLIC ACT NO. 910, AS AMENDED",PENDING IN THE COMMITTEE DATE : 8/31/2022
320,"Juan Edgardo ""Sonny""  Angara",Senator Senate of the Philippines,SBN-908,"AN ACT LOWERING THE OPTIONAL RETIREMENT AGE OF PUBLIC SCHOOL TEACHERS FROM SIXTY
(60) YEARS OLD TO FIFTY-FIVE (55) YEARS OLD, AMENDING FOR THE PURPOSE SECTION 13-A OF REPUBLIC ACT NO. 8291, OTHERWISE KNOWN AS THE 'GOVERNMENT SERVICE INSURANCE SYSTEM ACT OF 1997'",PENDING IN THE COMMITTEE DATE : 8/31/2022
320,"Juan Edgardo ""Sonny""  Angara",Senator Senate of the Philippines,SBN-909,AN ACT INCREASING THE HAZARD PAY OF ALL PERSONNEL OF THE ARMED FORCES OF THE PHILIPPINES TO TWENTY-FIVE PERCENT (25%) OF THEIR BASE PAY AND PROVIDING FUNDS THEREFOR,PENDING IN THE COMMITTEE DATE : 8/31/2022
320,"Juan Edgardo ""Sonny""  Angara",Senator Senate of the Philippines,SBN-910,"AN ACT EXPANDING SPECIAL FINANCIAL ASSISTANCE AND BENEFITS GRANTED TO BENEFICIARIES OF UNIFORMED PERSONNEL OF THE PHILIPPINE NATIONAL POLICE, ARMED FORCES OF THE PHILIPPINES, BUREAU OF FIRE PROTECTION, BUREAU OF JAIL MANAGEMENT AND PENOLOGY, PHILIPPINE COAST GUARD, NATIONAL BUREAU OF INVESTIGATION (NBI), BUREAU OF CORRECTIONS, AND PHILIPPINE DRUG ENFORCEMENT AGENCY KILLED OR PERMANENTLY INCAPACITATED WHILE IN THE PERFORMANCE OF HIS DUTY OR BY REASON OF HIS OFFICE OR POSITION, APPROPRIATING FUNDS THEREFOR, REPEALING FOR THE PURPOSE REPUBLIC ACT NO. 6963, AND FOR OTHER PURPOSES",PENDING IN THE COMMITTEE DATE : 8/31/2022
320,"Juan Edgardo ""Sonny""  Angara",Senator Senate of the Philippines,SBN-911,"AN ACT RATIONALIZING THE DISABILITY PENSION OF VETERANS, AMENDING FOR THE PURPOSE REPUBLIC ACT NO. 6948, ENTITLED, 'AN ACT STANDARDIZING AND UPGRADING THE BENEFITS FOR MILITARY VETERANS AND THEIR BENEFICIARIES', AS AMENDED","CONSOLIDATED/SUBSTITUTED IN THE COMMITTEE REPORT DATE : 11/21/2022
Committee Report No.:11 Date:11/8/2022 SUBSTITUTED BY SBN-1480
UNDER COMMITTEE REPORT NO. 11."
320,"Juan Edgardo ""Sonny""  Angara",Senator Senate of the Philippines,SBN-912,AN ACT PROVIDING FOR A MAGNA CARTA FOR THE PHILIPPINE NATIONAL POLICE UNIFORMED AND NON-UNIFORMED PERSONNEL,PENDING IN THE COMMITTEE DATE : 8/31/2022
320,"Juan Edgardo ""Sonny""  Angara",Senator Senate of the Philippines,SBN-913,"AN ACT PROVIDING FOR BENEFITS TO MILITARY DEPENDENTS, CREATING THE MILITARY DEPENDENTS WELFARE OFFICE, APPROPRIATING FUNDS THEREFOR AND FOR OTHER PURPOSES",PENDING IN THE COMMITTEE DATE : 8/31/2022
320,"Juan Edgardo ""Sonny""  Angara",Senator Senate of the Philippines,SBN-914,AN ACT ESTABLISHING THE SUSTAINABLE DEVELOPMENT GOALS (SDG) AND AMBISYON NATIN 2040 FUND,PENDING IN THE COMMITTEE DATE : 8/31/2022
320,"Juan Edgardo ""Sonny""  Angara",Senator Senate of the Philippines,SBN-915,"AN ACT EXPANDING THE NATIONAL FEEDING PROGRAM IN SECONDARY SCHOOLS, AMENDING FOR THE PURPOSE REPUBLIC ACT NO. 11037 OR THE 'MASUSTANSYANG PAGKAIN PARA SA BATANG PILIPINO ACT'",PENDING IN THE COMMITTEE DATE : 8/31/2022
320,"Juan Edgardo ""Sonny""  Angara",Senator Senate of the Philippines,SBN-916,"AN ACT ESTABLISHING THE SARANGANI STATE COLLEGE IN THE MUNICIPALITY OF ALABEL, PROVINCE OF SARANGANI, AND APPROPRIATING FUNDS THEREFOR",PENDING IN THE COMMITTEE DATE : 8/31/2022
320,"Juan Edgardo ""Sonny""  Angara",Senator Senate of the Philippines,SBN-917,"AN ACT REQUIRING THE TEACHING OF DISASTER AWARENESS AND DISASTER MITIGATION AS PART OF THE CURRICULUM OF ALL PRIMARY AND SECONDARY SCHOOLS, AND FOR OTHER PURPOSES",PENDING IN THE COMMITTEE DATE : 8/31/2022
320,"Juan Edgardo ""Sonny""  Angara",Senator Senate of the Philippines,SBN-918,"AN ACT MANDATING INCLUSION OF PANDEMICS, EPIDEMICS AND OTHER PUBLIC HEALTH CRISES AS PART OF THE CURRICULUM OF ALL PRIMARY AND SECONDARY SCHOOLS, AND FOR OTHER PURPOSES",PENDING IN THE COMMITTEE DATE : 8/31/2022
320,"Juan Edgardo ""Sonny""  Angara",Senator Senate of the Philippines,SBN-919,"AN ACT STRENGTHENING AND INSTITUTIONALIZING THE BARANGAY PRIMARY HEALTH CARE PROGRAM, PROVIDING SECURITY OF TENURE, BENEFITS AND INCENTIVES TO BARANGAY HEALTH WORKERS, AMENDING FOR THE PURPOSE REPUBLIC ACT NO. 7883 ALSO KNOWN AS THE 'BARANGAY HEALTH WORKERS' BENEFITS AND INCENTIVES ACT OF 1995' AND FOR OTHER PURPOSES",PENDING IN THE COMMITTEE DATE : 8/31/2022
320,"Juan Edgardo ""Sonny""  Angara",Senator Senate of the Philippines,SBN-920,"AN ACT AMENDING REPUBLIC ACT NO. 11036, OTHERWISE KNOWN AS THE MENTAL HEALTH ACT",PENDING IN THE COMMITTEE DATE : 8/31/2022
320,"Juan Edgardo ""Sonny""  Angara",Senator Senate of the Philippines,SBN-93,AN ACT ESTABLISHING SATELLITE SPECIALTY HOSPITALS TO FACILITATE ACCESS TO SPECIALIZED MEDICAL CARE IN IDENTIFIED REGIONS OF THE PHILIPPINES AND APPROPRIATING FUNDS THEREFOR,PENDING IN THE COMMITTEE DATE : 7/27/2022
320,"Juan Edgardo ""Sonny""  Angara",Senator Senate of the Philippines,SBN-94,AN ACT PROVIDING FOR A TEACHING SUPPLIES ALLOWANCE FOR PUBLIC SCHOOL TEACHERS AND APPROPRIATING FUNDS THEREFOR,PENDING IN THE COMMITTEE DATE : 7/27/2022
320,"Juan Edgardo ""Sonny""  Angara",Senator Senate of the Philippines,SBN-95,"AN ACT GRANTING FIVE PERCENT (5%) DISCOUNT ON BASIC AND EDUCATION SERVICES TO UNDERPRIVILEGED STUDENTS IN ALL LEVELS, INCLUDING THOSE ENROLLED IN
TECHNICAL-VOCATIONAL (TECH-VOC) INSTITUTIONS",PENDING IN THE COMMITTEE DATE : 7/27/2022
320,"Juan Edgardo ""Sonny""  Angara",Senator Senate of the Philippines,SBN-96,"AN ACT PROVIDING FOR THE MAGNA CARTA OF WORKERS IN INFORMAL ECONOMY, INSTITUTIONALIZING MECHANISMS FOR IMPLEMENTATION THEREOF AND FOR OTHER PURPOSES",PENDING IN THE COMMITTEE DATE : 7/27/2022
320,"Juan Edgardo ""Sonny""  Angara",Senator Senate of the Philippines,SBN-97,AN ACT INSTITUTIONALIZING THE POVERTY REDUCTION THROUGH SOCIAL ENTREPRENEURSHIP (PRESENT) PROGRAM AND PROMOTING SOCIAL ENTERPRISES WITH THE POOR AS PRIMARY STAKEHOLDERS,PENDING IN THE COMMITTEE DATE : 7/27/2022
320,"Juan Edgardo ""Sonny""  Angara",Senator Senate of the Philippines,SBN-98,"AN ACT ESTABLISHING THE LEGAL FRAMEWORK FOR ENSURING THE AVAILABILITY, ADEQUACY, ACCESSIBILITY AND SAFETY OF FOOD FOR ALL FILIPINOS",PENDING IN THE COMMITTEE DATE : 7/27/2022
320,"Juan Edgardo ""Sonny""  Angara",Senator Senate of the Philippines,SBN-994,"AN ACT AUTHORIZING WIRETAPPING IN CASES INVOLVING VIOLATIONS OF REPUBLIC ACT NO. 9165, OTHERWISE KNOWN AS THE ?COMPREHENSIVE DANGEROUS DRUGS ACT OF 2002?, AMENDING FOR THE PURPOSE SECTION 3 OF REPUBLIC ACT NO. 4200, ENTITLED ?AN ACT TO PROHIBIT AND PENALIZE WIRETAPPING AND OTHER RELATED VIOLATIONS OF THE PRIVACY OF COMMUNICATION, AND FOR OTHER PURPOSES",PENDING IN THE COMMITTEE DATE : 9/5/2022
320,"Juan Edgardo ""Sonny""  Angara",Senator Senate of the Philippines,SBN-995,"AN ACT AMENDING ARTICLES 29, 97, 99, 171, AND 174, AND CREATING A NEW ARTICLE 99-A UNDER ACT NO. 3815, AS AMENDED, OTHERWISE KNOWN AS ?THE REVISED PENAL CODE?",PENDING IN THE COMMITTEE DATE : 9/5/2022
320,"Juan Edgardo ""Sonny""  Angara",Senator Senate of the Philippines,SBN-996,"AN ACT PROVIDING FOR THE PROTECTION, SECURITY AND BENEFITS OF WHISTLEBLOWERS, APPROPRIATING FUNDS THEREFOR AND FOR OTHER PURPOSES",PENDING IN THE COMMITTEE DATE : 9/5/2022
320,"Juan Edgardo ""Sonny""  Angara",Senator Senate of the Philippines,SBN-997,"AN ACT STRENGTHENING THE WITNESS PROTECTION, SECURITY AND BENEFIT PROGRAM, AMENDING FOR THE PURPOSE REPUBLIC ACT NO. 6981, OTHERWISE KNOWN AS THE ?WITNESS PROTECTION, SECURITY AND BENEFIT ACT?",PENDING IN THE COMMITTEE DATE : 9/5/2022
320,"Juan Edgardo ""Sonny""  Angara",Senator Senate of the Philippines,SBN-998,AN ACT ESTABLISHING THE AGRICULTURE INFORMATION SYSTEM IN ALL CITIES AND MUNICIPALITIES,PENDING IN THE COMMITTEE DATE : 9/5/2022
320,"Juan Edgardo ""Sonny""  Angara",Senator Senate of the Philippines,SBN-999,"AN ACT PROMOTING THE SCIENTIFIC PROPAGATION, PROCESSING, UTILIZATION AND DEVELOPMENT OF PHILIPPINE NATIVE ANIMALS, HEREBY CREATING THE PHILIPPINE NATIVE ANIMAL DEVELOPMENT CENTER",PENDING IN THE COMMITTEE DATE : 9/5/2022
320,"Juan Edgardo ""Sonny""  Angara",Senator Senate of the Philippines,SRN-151,RESOLUTION HONORING AND COMMENDING THE 2022 METROBANK FOUNDATION OUTSTANDING FILIPINOS,"CONSOLIDATED WITH ADOPTED RESOLUTION DATE : 9/13/2022
Consolidated with SRN-106 which was adopted as RESOLUTION NO. 17."
320,"Juan Edgardo ""Sonny""  Angara",Senator Senate of the Philippines,SRN-152,RESOLUTION COMMENDING AND CONGRATULATING THE EIGHT (8) INDIVIDUALS RECENTLY CONFERRED WITH THE ORDER OF NATIONAL ARTISTS (ONA),"CONSOLIDATED WITH ADOPTED RESOLUTION DATE : 9/28/2022
Consolidated with SRN-16 which was adopted as RESOLUTION NO. 22."
320,"Juan Edgardo ""Sonny""  Angara",Senator Senate of the Philippines,SRN-155,"RESOLUTION DIRECTING THE SENATE COMMITTEE ON YOUTH TO CONDUCT AN INQUIRY, IN AID OF LEGISLATION, ON THE STATE OF YOUTH UNEMPLOYMENT AND UNDEREMPLOYMENT WITH THE END IN VIEW OF STRENGTHENING EXISTING GOVERNMENT PROGRAMS AIMED AT ASSISTING YOUTH EMPLOYMENT AND INSTITUTIONALIZING ADDITIONAL REFORMS",PENDING IN THE COMMITTEE DATE : 8/23/2022
320,"Juan Edgardo ""Sonny""  Angara",Senator Senate of the Philippines,SRN-186,RESOLUTION CONGRATULATING AND COMMENDING DR. BERNADETTE J. MADRID FOR BEING AWARDED THE 2022 RAMON MAGSAYSAY AWARD FOR HER STEADFAST COMMITMENT TO A NOBLE ADVOCACY IN CHILD PROTECTION,CONSOLIDATED WITH ADOPTED RESOLUTION DATE : 9/6/2022
320,"Juan Edgardo ""Sonny""  Angara",Senator Senate of the Philippines,SRN-201,"RESOLUTION CONGRATULATING AND COMMENDING ALEXANDRA M. EALA FOR WINNING AND DOMINATING THE JUNIOR GIRLS' SINGLES FINAL OF THE 2022 US OPEN HELD IN NEW YORK CITY, USA",CONSOLIDATED WITH ADOPTED RESOLUTION DATE : 9/12/2022
320,"Juan Edgardo ""Sonny""  Angara",Senator Senate of the Philippines,SRN-226,"RESOLUTION DIRECTING THE SENATE COMMITTEE ON YOUTH TO CONDUCT AN INQUIRY IN AID OF LEGISLATION ON THE REPORTED DECLINE IN THE PHYSICAL AND MENTAL WELL-BEING OF OUR YOUTH WITH THE END IN VIEW OF CRAFTING A
WHOLE-OF-GOVERNMENT STRATEGY TO ADDRESS
THESE ISSUES AND PROMOTE QUALITY OF LIFE
FOR OUR YOUNG PEOPLE",PENDING IN THE COMMITTEE DATE : 9/21/2022
320,"Juan Edgardo ""Sonny""  Angara",Senator Senate of the Philippines,SRN-283,RESOLUTION RECOGNIZING AND COMMENDING THE OUTSTANDING WOMEN IN THE NATION'S SERVICE (TOWNS) 2022,CONSOLIDATED WITH ADOPTED RESOLUTION DATE : 1/23/2023
320,"Juan Edgardo ""Sonny""  Angara",Senator Senate of the Philippines,SRN-30,"RESOLUTION DIRECTING THE SENATE COMMITTEE ON FINANCE TO CONDUCT AN INQUIRY, IN AID OF LEGISLATION, ON THE STATE OF HEALTH FINANCING IN THE PHILIPPINES INCLUDING THE STATE OF HEALTH INFRASTRUCTURE, HEALTH PERSONNEL, HEALTH INSURANCE AND THE LINKAGES BETWEEN LOCAL AND NATIONAL HEALTH INITIATIVES, WITH THE END IN VIEW OF DETERMINING THE NEEDED LEGISLATION TO STRENGTHEN THE COUNTRY'S HEALTHCARE SYSTEM",PENDING IN THE COMMITTEE DATE : 8/9/2022
320,"Juan Edgardo ""Sonny""  Angara",Senator Senate of the Philippines,SRN-31,"RESOLUTION DIRECTING THE APPROPRIATE SENATE COMMITTEE TO CONDUCT AN INQUIRY, IN AID OF LEGISLATION, ON THE REPORTED LACK OF ACCESS OF CERTAIN FILIPINO MIGRANT WORKERS TO SOCIAL PROTECTION PROGRAMS WITH THE END IN VIEW OF IDENTIFYING SPECIFIC INTERVENTIONS TO PRESERVE AND PROMOTE THE WELFARE OF ALL OVERSEAS FILIPINO WORKERS",PENDING IN THE COMMITTEE DATE : 8/9/2022
320,"Juan Edgardo ""Sonny""  Angara",Senator Senate of the Philippines,SRN-4,"RESOLUTION URGING THE SENATE COMMITTEE ON FINANCE TO CONDUCT AN INQUIRY, IN AID OF LEGISLATION, ON THE BUDGETARY APPROPRIATIONS, AND THE EXPENDITURE AND IMPLEMENTATION THEREOF, OF THE GOVERNMENT'S INDUSTRIALIZATION AND EMPLOYMENT-GENERATION INITIATIVES, WITH THE END-VIEW OF DETERMINING THE FUNDING REQUIREMENTS FOR A MULTI-YEAR  EXPENDITURE PLAN FOR BOLSTERING FILIPINO OR 'TATAK PINOY' PRODUCTIVE SECTORS AND ENCOURAGING INCLUSIVE GROWTH ACROSS THE COUNTRY",PENDING IN THE COMMITTEE DATE : 8/9/2022
320,"Juan Edgardo ""Sonny""  Angara",Senator Senate of the Philippines,SRN-440,RESOLUTION CONGRATULATING AND COMMENDING THE OUTSTANDING YOUNG MEN (TOYM) 2022 AWARDEES FOR THEIR EXEMPLARY CONTRIBUTION TO THE COUNTRY,PENDING IN THE COMMITTEE DATE : 2/8/2023
320,"Juan Edgardo ""Sonny""  Angara",Senator Senate of the Philippines,SRN-91,RESOLUTION CONGRATULATING AND COMMENDING THE OUTSTANDING YOUNG MEN (TOYM) 2021 AWARDEES,CONSOLIDATED WITH ADOPTED RESOLUTION DATE : 8/8/2022
321,Maria Lourdes Nancy S. Binay,Senator Senate of the Philippines,SRN-198,RESOLUTION EXPRESSING THE PROFOUND SYMPATHY AND SINCERE CONDOLENCES OF THE SENATE OF THE PHILIPPINES ON THE DEATH OF QUEEN ELIZABETH II OF THE UNITED KINGDOM OF GREAT BRITAIN AND NORTHERN IRELAND,
321,Maria Lourdes Nancy S. Binay,Senator Senate of the Philippines,SBN-109,"AN ACT ESTABLISHING A PANDEMIC AND OTHER PUBLIC HEALTH EMERGENCY PREPAREDNESS PLAN, APPROPRIATING FUNDS THEREFOR, AND FOR OTHER PURPOSES",PENDING IN THE COMMITTEE DATE : 8/1/2022
321,Maria Lourdes Nancy S. Binay,Senator Senate of the Philippines,SBN-110,AN ACT ESTABLISHING A SAFETY INTERNET EDUCATION PROGRAM IN THE CURRICULUM OF ALL ELEMENTARY AND SECONDARY SCHOOLS,PENDING IN THE COMMITTEE DATE : 8/1/2022
321,Maria Lourdes Nancy S. Binay,Senator Senate of the Philippines,SBN-111,"AN ACT EXCLUDING 13TH MONTH PAY FROM THE COMPUTATION OF TAXABLE INCOME, AMENDING FOR THIS PURPOSE SECTION 32 (B)(7)(E) OF THE NATIONAL INTERNAL REVENUE CODE OF 1997, AS AMENDED",PENDING IN THE COMMITTEE DATE : 8/1/2022
321,Maria Lourdes Nancy S. Binay,Senator Senate of the Philippines,SBN-112,"AN ACT ADDRESSING FOOD SECURITY CONCERNS THROUGH INTEGRATING INSTRUCTIONAL GARDENS IN PRIMARY AND SECONDARY SCHOOL CURRICULA AND PROMOTING THE USE OF URBAN AGRICULTURE, AND FOR OTHER PURPOSES",PENDING IN THE COMMITTEE DATE : 8/1/2022
321,Maria Lourdes Nancy S. Binay,Senator Senate of the Philippines,SBN-113,"AN ACT ESTABLISHING THE NATIONAL COASTAL GREENBELT ACTION PLAN, PROVIDNG FUNDS THEREFOR, AND FOR OTHER PURPOSES",PENDING IN THE COMMITTEE DATE : 8/1/2022
321,Maria Lourdes Nancy S. Binay,Senator Senate of the Philippines,SBN-114,"AN ACT CREATING THE ENVIRONMENTAL PROTECTION AND ENFORCEMENT BUREAU (EPEB) UNDER THE DEPARTMENT OF ENVIRONMENT AND NATURAL RESOURCES (DENR), PROVIDING FOR ITS POWERS AND FUNCTIONS AND APPROPRIATING FUNDS THEREFOR, AND FOR OTHER PURPOSES",PENDING IN THE COMMITTEE DATE : 8/1/2022
321,Maria Lourdes Nancy S. Binay,Senator Senate of the Philippines,SBN-117,"AN ACT STRENGTHENING THE CONSERVATION AND PROTECTION OF OUR NATIONAL CULTURAL HERITAGE, THROUGH AN ENHANCED CULTURAL POLICY, HERITAGE EDUCATION, AND CULTURAL MAPPING PROGRAM, AMENDING FOR THE PURPOSE REPUBLIC ACT NO. 10066 OR THE NATIONAL CULTURE HERITAGE ACT OF 2009",PENDING IN THE COMMITTEE DATE : 8/1/2022
321,Maria Lourdes Nancy S. Binay,Senator Senate of the Philippines,SBN-340,"AN ACT AMENDING SECTIONS 443, 454, AND 463 OF REPUBLIC ACT NO. 7160 OTHERWISE KNOWN AS THE 'LOCAL GOVERNMENT CODE OF 1991'",PENDING IN THE COMMITTEE DATE : 8/8/2022
321,Maria Lourdes Nancy S. Binay,Senator Senate of the Philippines,SBN-341,"AN ACT ALLOWING WOMEN TO REVERT TO THEIR MAIDEN SURNAME, ESTABLISHING A PROCEDURE FOR REVERSION AND APPROPRIATING FUNDS THEREFOR",PENDING IN THE COMMITTEE DATE : 8/8/2022
321,Maria Lourdes Nancy S. Binay,Senator Senate of the Philippines,SBN-342,AN ACT INSTITUTIONALIZING RAINWATER HARVESTING SYSTEM IN METRO MANILA AND MAJOR CITIES IN THE PHILIPPINES AND FOR OTHER PURPOSES,PENDING IN THE COMMITTEE DATE : 8/8/2022
321,Maria Lourdes Nancy S. Binay,Senator Senate of the Philippines,SBN-343,AN ACT INSTITUTING THE MAGNA CARTA FOR CHILD DEVELOPMENT WORKERS AND PROVIDING FUNDS THEREFOR,PENDING IN THE COMMITTEE DATE : 8/8/2022
321,Maria Lourdes Nancy S. Binay,Senator Senate of the Philippines,SBN-344,AN ACT PROVIDING BENEFITS AND INCENTIVES TO OVERSEAS FILIPINO WORKERS INVESTING IN BUSINESS IN THE PHILIPPINES,PENDING IN THE COMMITTEE DATE : 8/8/2022
321,Maria Lourdes Nancy S. Binay,Senator Senate of the Philippines,SBN-345,"AN ACT GRANTING TAX INCENTIVES TO EMPLOYERS THAT HIRE ALTERNATIVE LEARNING SYSTEM LEARNERS AND GRADUATES, APPROPRIATING FUNDS THEREFOR AND FOR OTHER PURPOSES",PENDING IN THE COMMITTEE DATE : 8/8/2022
321,Maria Lourdes Nancy S. Binay,Senator Senate of the Philippines,SBN-346,"AN ACT GRANTING TAX INCENTIVES TO EMPLOYERS THAT HIRE FRESH GRADUATES  FROM PROVINCIAL COLLEGES, UNIVERSITIES AND TRAINING CENTERS, APPROPRIATING FUNDS THEREFOR AND FOR OTHER PURPOSES",PENDING IN THE COMMITTEE DATE : 8/8/2022
321,Maria Lourdes Nancy S. Binay,Senator Senate of the Philippines,SBN-347,AN ACT PROVIDING FOR INCENTIVES TO MEMBERS OF THE LEGAL PROFESSION ENGAGED IN THE DEFENSE OF THE RIGHTS OF INDIGENT INDIGENOUS PEOPLES,PENDING IN THE COMMITTEE DATE : 8/8/2022
321,Maria Lourdes Nancy S. Binay,Senator Senate of the Philippines,SBN-348,"AN ACT REQUIRING ALL GOVERNMENT AND PRIVATE HOSPITALS, MEDICAL CENTERS, CLINICS, INFIRMARIES AND PUERICULTURE CENTERS TO GIVE FREE MEDICAL AND DENTAL ASSISTANCE TO
INDIGENT CHILDREN",PENDING IN THE COMMITTEE DATE : 8/8/2022
321,Maria Lourdes Nancy S. Binay,Senator Senate of the Philippines,SRN-108,RESOLUTION HONORING AND COMMENDING THE AWARDEES OF THE METROBANK FOUNDATION OUTSTANDING FILIPINOS OF 2022,"CONSOLIDATED WITH ADOPTED RESOLUTION DATE : 9/13/2022
Consolidated with SRN-106 which was adopted as RESOLUTION NO. 17."
321,Maria Lourdes Nancy S. Binay,Senator Senate of the Philippines,SRN-138,RESOLUTION EXPRESSING THE SINCEREST CONDOLENCES OF THE SENATE AND HONORING THE MEMORY OF PHILIPPINE ATHLETICS LEGEND LYDIA DE VEGA-MERCADO,CONSOLIDATED WITH ADOPTED RESOLUTION DATE : 8/16/2022
321,Maria Lourdes Nancy S. Binay,Senator Senate of the Philippines,SRN-182,"RESOLUTION DIRECTING THE PROPER SENATE COMMITTEE TO INVESTIGATE, IN AID OF LEGISLATION, ON THE UPSURGE OF TEXT SCAMS, SMISHING, TEXT SPAMS, AND OTHER MALICIOUS SOLICITATIONS AND UNWANTED TEXT  MESSAGES, AND INQUIRE ON THE CONCRETE SOLUTIONS BEING UNDERTAKEN BY RESPONSIBLE GOVERNMENT AGENCIES TO PUT AN END TO THE UNRESTRICTED INTENSIFICATION OF THE MENTIONED ACTIVITIES","CONSOLIDATED/SUBSTITUTED IN THE COMMITTEE REPORT DATE : 9/13/2022
Committee Report No.:5 Date:9/13/2022"
321,Maria Lourdes Nancy S. Binay,Senator Senate of the Philippines,SRN-211,"RESOLUTION DIRECTING THE PROPER SENATE COMMITTEES TO CONDUCT AN INQUIRY, IN AID OF LEGISLATION, ON THE STATUS OF THE COUNTRY'S SALT SUPPLY AND IMPORTATION WITH THE OBJECTIVE OF INTRODUCING NEW POLICIES AND REVIEWING EXISTING MEASURES AND PROGRAMS TO CREATE SALT
SELF-SUFFICIENCY",PENDING IN THE COMMITTEE DATE : 9/21/2022
321,Maria Lourdes Nancy S. Binay,Senator Senate of the Philippines,SRN-251,RESOLUTION CONGRATULATING AND COMMENDING THE BAYANIHAN PHILIPPINE DANCE COMPANY FOR WINNING THE GRAND PRIZE AT THE CHEONAN WORLD DANCE FESTIVAL 2022,PENDING IN THE COMMITTEE DATE : 11/7/2022
321,Maria Lourdes Nancy S. Binay,Senator Senate of the Philippines,SRN-257,"RESOLUTION DIRECTING THE PROPER SENATE COMMITTEES, TO CONDUCT AN INQUIRY, IN AID OF LEGISLATION, ON FAR EASTERN UNIVERSITY PUBLIC POLICY CENTER'S FINDINGS THAT ELEMENTARY TEXTBOOKS CONTAIN FACTUAL INACCURACIES",PENDING IN THE COMMITTEE DATE : 11/7/2022
321,Maria Lourdes Nancy S. Binay,Senator Senate of the Philippines,SRN-259,"RESOLUTION DIRECTING THE PROPER SENATE COMMITTEES TO CONDUCT AN INQUIRY, IN AID OF LEGISLATION, ON THE REPORTED WARNING ISSUED BY THE WORLD HEALTH ORGANIZATION (WHO) OVER INDIA-MADE COUGH SYRUPS AFTER DEATHS IN THE GAMBIA WITH THE OBJECTIVE OF REVIEWING THE EXISTING MEASURES ON THE PROCUREMENT OF MEDICINES IN THE COUNTRY",PENDING IN THE COMMITTEE DATE : 11/7/2022
321,Maria Lourdes Nancy S. Binay,Senator Senate of the Philippines,SRN-381,"RESOLUTION COMMENDING AND CONGRATULATING THE OUTSTANDING YOUNG MEN
(TOYM) AWARDEES FOR 2022",PENDING IN THE COMMITTEE DATE : 12/14/2022
321,Maria Lourdes Nancy S. Binay,Senator Senate of the Philippines,SRN-386,"RESOLUTION DIRECTING THE COMMITTEE ON TOURISM TO INQUIRE, IN AID OF LEGISLATION, INTO THE CURRENT CAPACITY OF OUR AIRPORTS TO RECEIVE INFLUX OF TRAVELERS AND TOURISTS AS OUR COUNTRY REOPENS ITS BORDERS FOR TOURISM",PENDING IN THE COMMITTEE DATE : 1/31/2023
321,Maria Lourdes Nancy S. Binay,Senator Senate of the Philippines,SRN-402,"RESOLUTION DIRECTING THE PROPER SENATE COMMITTEES TO CONDUCT AN INQUIRY, IN AID OF LEGISLATION, ON THE REPORTED AIRPORT SERVICE FAILURE THAT CRIPPLED INTERNATIONAL AND DOMESTIC FLIGHT OPERATIONS WITH THE OBJECTIVE OF REVIEWING ALL THE NAVIGATIONAL AND
COMMUNICATIONS EQUIPMENT INSTALLED IN ALL AIRPORTS AND SEAPORTS",PENDING IN THE COMMITTEE DATE : 2/6/2023
321,Maria Lourdes Nancy S. Binay,Senator Senate of the Philippines,SRN-478,"RESOLUTION DIRECTING THE PROPER SENATE COMMITTEES TO CONDUCT AN
INQUIRY, IN AID OF LEGISLATION, TO ADDRESS THE FAST TRANSMISSION OF HAND, FOOT AND MOUTH DISEASE AMONG FILIPINO CHILDREN IN THE COUNTRY",PENDING IN THE COMMITTEE DATE : 2/14/2023
321,Maria Lourdes Nancy S. Binay,Senator Senate of the Philippines,SRN-479,"RESOLUTION COMMENDING GLENN SUERTE BANAGUAS FOR BECOMING THE FIRST FILIPINO SCIENCE DIPLOMAT NAMED AS FELLOW AT THE ROYAL SOCIETY FOR THE ENCOURAGEMENT OF ARTS, MANUFACTURES AND COMMERCE (RSA) IN THE UNITED KINGDOM",PENDING IN THE COMMITTEE DATE : 2/14/2023
335,Raffy T. Tulfo,Senator Senate of the Philippines,SRN-198,RESOLUTION EXPRESSING THE PROFOUND SYMPATHY AND SINCERE CONDOLENCES OF THE SENATE OF THE PHILIPPINES ON THE DEATH OF QUEEN ELIZABETH II OF THE UNITED KINGDOM OF GREAT BRITAIN AND NORTHERN IRELAND,
335,Raffy T. Tulfo,Senator Senate of the Philippines,SBN-1610,AN ACT PROMOTING ACCESS TO QUALITY LEGAL EDUCATION BY PROVIDING FOR FREE TUITION AND OTHER SCHOOL FEES IN STATE UNIVERSITIES AND COLLEGES AND APPROPRIATING FUNDS THEREFOR,
335,Raffy T. Tulfo,Senator Senate of the Philippines,SBN-1650,AN ACT PROVIDING FOR A SYSTEM OF REDISTRIBUTING AND RECYCLING FOOD WASTE TO PROMOTE FOOD SECURITY,
335,Raffy T. Tulfo,Senator Senate of the Philippines,SBN-1651,AN ACT RATIONALIZING THE CELEBRATION OF NATIONAL HOLIDAYS AMENDING FOR THE PURPOSE REPUBLIC ACT NO. 9492,
335,Raffy T. Tulfo,Senator Senate of the Philippines,SBN-1652,"AN ACT ESTABLISHING EVACUATION CENTERS IN EVERY CITY AND MUNICIPALITY, AND APPROPRIATING FUNDS THEREFOR",
335,Raffy T. Tulfo,Senator Senate of the Philippines,SBN-1653,"AN ACT STRENGTHENING THE LEGAL EDUCATION BOARD, THEREBY AMENDING REPUBLIC ACT NO. 7662, OTHERWISE KNOWN AS THE LEGAL EDUCATION REFORM ACT OF 1993, AND APPROPRIATING FUNDS THEREFOR",
335,Raffy T. Tulfo,Senator Senate of the Philippines,SBN-1682,"AN ACT TO IMPROVE AND TO PROMOTE QUALITY DELIVERY OF HEALTH SERVICES IN BARANGAYS, ENACTING THE BARANGAY HEALTH WORKERS AND SERVICES REFORM ACT OF 2023",
335,Raffy T. Tulfo,Senator Senate of the Philippines,SBN-1683,AN ACT DECLARING AN ELECTIVE OFFICIAL IPSO FACTO RESIGNED FROM HIS ELECTIVE OFFICE UPON THE FILING OF HIS CERTIFICATE OF CANDIDACY,
335,Raffy T. Tulfo,Senator Senate of the Philippines,SBN-1684,AN ACT MANDATING THE USE OF A HEALTH RATING SYSTEM ON THE LABELS OF PACKAGED FOOD PRODUCTS,
335,Raffy T. Tulfo,Senator Senate of the Philippines,SBN-1685,"AN ACT REVITALIZING THE SALT INDUSTRY OF THE PHILIPPINES, AMENDING FOR THE PURPOSE REPUBLIC ACT NO. 8172, OTHERWISE KNOWN AS AN ACT FOR SALT IODIZATION NATIONWIDE (ASIN), PROVIDING FUNDS THEREFOR, AND FOR OTHER PURPOSES",
335,Raffy T. Tulfo,Senator Senate of the Philippines,SBN-1686,AN ACT MANDATING THE FULL ACCOUNTING OF ALL DISASTER-RE LIEF AID OR DONATIONS RECEIVED BY THE PHILIPPINE GOVERNMENT FOR NATURAL AND HUMAN-INDUCED CALAMITIES,
335,Raffy T. Tulfo,Senator Senate of the Philippines,SBN-1687,"AN ACT INSTITUTING STRATEGIES TO ADDRESS AND MITIGATE THE DAMAGE CAUSED BY WEATHER ABERRATIONS AND NATURAL DISASTERS
WHERE EXCESSIVE RAINWATER CAUSE MASSIVE FLOODING THAT DESTROY PROPERTY, LIVES AND INFRASTRUCTURE BUT UTILIZING THE
SAME TO REMEDY PROBLEMS DUE TO LACK OF IT TO LESSEN THE IMPACT OF DROUGHTS, TYPHOONS AND EARTHQUAKES, STRENGTHENING THE
ABILITY OF GOVERNMENT TO REDUCE AND CONTROL DISASTER ATTRIBUTABLE TO
RAINWATER AND FOR OTHER PURPOSES",
335,Raffy T. Tulfo,Senator Senate of the Philippines,SBN-1689,AN ACT ESTABLISHING JOB PLACEMENT OFFICES IN PUBLIC HIGH SCHOOLS TO PROVIDE CAREER SERVICES TO THE YOUTH,
335,Raffy T. Tulfo,Senator Senate of the Philippines,SBN-1692,AN ACT PROVIDING FOR THE MAGNA CARTA FOR THE PUBLIC DISASTER RISK REDUCTION AND MANAGEMENT WORKERS,
335,Raffy T. Tulfo,Senator Senate of the Philippines,SBN-1693,"AN ACT PROVIDING ENHANCED PROTECTION, SECURITY AND BENEFITS FOR MEDIA WORKERS",
335,Raffy T. Tulfo,Senator Senate of the Philippines,SBN-1694,"AN ACT TO SUPPORT RESEARCH AND DEVELOPMENT OF NEW INDUSTRIAL PROCESSES AND TECHNOLOGIES THAT OPTIMIZE ENERGY EFFICIENCY AND ENVIRONMENTAL PERFORMANCE, UTILIZE DIVERSE SOURCES OF ENERGY, AND INCREASE ECONOMIC COMPETITIVENESS",
335,Raffy T. Tulfo,Senator Senate of the Philippines,SBN-1695,"AN ACT GRANTING FREE FUNERAL SERVICES TO POOR FAMILIES NATIONWIDE, APPROPRIATING FUNDS THEREFOR AND FOR OTHER PURPOSES",
335,Raffy T. Tulfo,Senator Senate of the Philippines,SBN-1696,"AN ACT PROVIDING FOR A MAGNA CARTA FOR BARANGAY OFFICIALS PERSONNEL AND VOLUNTEER WORKERS, AND FOR OTHER PURPOSES",
335,Raffy T. Tulfo,Senator Senate of the Philippines,SBN-1697,"AN ACT DECLARING THE THREE (3) NAUTICAL MILES SURROUNDING THE KALAYAAN ISLAND GROUP AND SCARBOROUGH SHOAL IN THE WEST PHILIPPINE SEA AS MARINE PROTECTED AREA UNDER REPUBLIC ACT NO. 7586 OR THE NATIONAL INTEGRATED PROTECTED AREAS SYSTEM ACT OF 1992, AS AMENDED BY REPUBLIC ACT NO. 11038, OR THE EXPANDED NATIONAL INTEGRATED PROTECTED AREAS SYSTEM ACT OF 2018",
335,Raffy T. Tulfo,Senator Senate of the Philippines,SBN-1698,"AN ACT PROVIDING FOR BICYCLE RIGHTS, CREATION OF LOCAL BIKEWAYS OFFICE (LBO), ESTABLISHING INFRASTRUCTURE IN RELATION THERETO AND FOR OTHER PURPOSES",
335,Raffy T. Tulfo,Senator Senate of the Philippines,SBN-1699,"AN ACT ESTABLISHING A COLLEGE OF MEDICINE IN THE BENGUET STATE UNIVERSITY IN THE MUNICIPALITY OF LA TRINIDAD, PROVINCE OF BENGUET, TO BE KNOWN AS THE BENGUET STATE UNIVERSITY COLLEGE OF MEDICINE, AND APPROPRIATING FUNDS THEREFOR",
335,Raffy T. Tulfo,Senator Senate of the Philippines,SBN-1700,"AN ACT PROVIDING ACCESSIBILITY OF PERSONS WITH DISABILITIES TO THE BUILT ENVIRONMENT, TRANSPORTATION, INFORMATION AND COMMUNICATION TECHNOLOGY AND OTHER FACILITIES AND SERVICES OPEN OR PROVIDED TO THE PUBLIC AMENDING FOR THE PURPOSE BATAS PAMBANSA BILANG 344 OTHERWISE KNOWN AS THE ACCESSIBILITY LAW",
335,Raffy T. Tulfo,Senator Senate of the Philippines,SBN-1701,AN ACT REQUIRING CRITICAL INFORMATION INFRASTRUCTURE INSTITUTIONS TO ADOPT AND IMPLEMENT ADEQUATE MEASURES TO PROTECT THEIR INFORMATION AND COMMUNICATIONS TECHNOLOGY (ICT) SYSTEMS AND INFRASTRUCTURE,
335,Raffy T. Tulfo,Senator Senate of the Philippines,SBN-1702,"AN ACT MANDATING THE ESTABLISHMENT OF FISHERFOLK RESETTLEMENT AREAS BY THE DEPARTMENT OF AGRICULTURE, DEPARTMENT OF HUMAN SETTLEMENTS AND URBAN DEVELOPMENT, AND THE LOCAL GOVERNMENT UNITS, AMENDING FOR THE PURPOSE SEC. 108 OF REPUBLIC ACT NO. 8550, OTHERWISE KNOWN AS THE PHILIPPINE FISHERIES CODE OF 1998,  AS AMENDED BY REPUBLIC ACT NO. 1065",
335,Raffy T. Tulfo,Senator Senate of the Philippines,SBN-1760,AN ACT MANDATING THE ESTABLISHMENT OF PUBLIC CREMATORIUMS IN CITIES AND MUNICIPALITIES AND EXTENDING FREE CREMATION SERVICES TO INDIGENT FAMILIES AMENDING FOR SUCH PURPOSE THE LOCAL GOVERNMENT CODE AND THE CODE OF SANITATION,
335,Raffy T. Tulfo,Senator Senate of the Philippines,SBN-1761,"AN ACT DEFINING AND PROVIDING FOR MORE SEVERE PENALTIES FOR LARGE SCALE EXPLORATION AND EXPLOITATION OF CORALS AND CORAL REEFS, TAKING ENDANGERED SPECIES, AND OTHER SIMILAR ACTS OF DESTRUCTION OF MARINE RESOURCES, FURTHER AMENDING FOR THIS PURPOSE CERTAIN PROVISIONS OF REPUBLIC ACT NO. 8550, OTHERWISE KNOWN AS THE PHILIPPINE FISHERIES CODE OF 1998, AS AMENDED BY REPUBLIC ACT NO. 10654",
335,Raffy T. Tulfo,Senator Senate of the Philippines,SBN-1762,"AN ACT PROHIBITING THE USE OF PLASTIC POSTERS DURING THE CAMPAIGN SEASON, AMENDING FOR THE PURPOSE OF SECTION 3 OF REPUBLIC ACT NO. 9006, AS AMENDED, OTHERWISE KNOWN AS FAIR ELECTION ACT",
335,Raffy T. Tulfo,Senator Senate of the Philippines,SBN-1763,AN ACT PROMOTING CORPORATIVE FARMING AND PROVIDING INCENTIVES FOR ITS EFFECTIVE IMPLEMENTATION,
335,Raffy T. Tulfo,Senator Senate of the Philippines,SBN-1764,"AN ACT PROVIDING FOR THE LIFETIME VALIDITY OF PERSON WITH DISABILITY IDENTIFICATION CARDS, AMENDING FOR THE PURPOSE REPUBLIC ACT NO. 7277, OTHERWISE KNOWN AS THE MAGNA CARTA FOR DISABLED PERSONS, AS AMENDED BY REPUBLIC ACT NO. 9442 AND REPUBLIC ACT NO. 10524",
335,Raffy T. Tulfo,Senator Senate of the Philippines,SBN-1775,"AN ACT REQUIRING ALL GOVERNMENT AND NON-GOVERNMENT OFFICES AND ESTABLISHMENTS TO ADOPT POLICIES TO PREVENT AND ADDRESS THE ACTS OF BULLYING
AND OTHER SIMILAR ACTS IN THEIR WORKPLACE",
335,Raffy T. Tulfo,Senator Senate of the Philippines,SBN-1776,AN ACT PROVIDING HMO BENEFITS TO ALL GOVERNMENT EMPLOYEES IN THE PHILIPPINES AND APPROPRIATING FUNDS THEREFOR,
335,Raffy T. Tulfo,Senator Senate of the Philippines,SBN-1777,AN ACT REGULATING THE OWNERSHIP AND OPERATION OF DRONES BY PRIVATE PERSONS,
335,Raffy T. Tulfo,Senator Senate of the Philippines,SBN-1778,"AN ACT REPEALING REPUBLIC ACT NO. 4635 OR AN ACT TO SAFEGUARD THE HEALTH OF THE PEOPLE AND MAINTAIN THE DIGNITY OF THE NATION BY DECLARING IT A NATIONAL POLICY TO PROHIBIT THE COMMERCIAL IMPORTATION OF TEXTILE ARTICLES COMMONLY KNOWN AS USED CLOTHING AND RAGS, SETTING NATIONAL POLICIES ON THE COMMERCIAL IMPORTATION OF USED TEXTILES, AND FOR OTHER PURPOSES",
335,Raffy T. Tulfo,Senator Senate of the Philippines,SBN-1779,AN ACT RIGHTSIZING THE NATIONAL GOVERNMENT TO IMPROVE PUBLIC SERVICE DELIVERY AND FOR OTHER PURPOSES,
335,Raffy T. Tulfo,Senator Senate of the Philippines,SBN-1814,"AN ACT ESTABLISHING THE MAHARLIKA INVESTMENT FUND, PROVIDING FOR THE MANAGEMENT, INVESTMENT, AND USE OF THE PROCEEDS OF THE FUND, AND APPROPRIATING FUNDS THEREFOR",
335,Raffy T. Tulfo,Senator Senate of the Philippines,SBN-1815,AN ACT TO REGULATE PUBLIC SOLICITATION PROVIDING FUNDS THEREFORE AND FOR OTHER PURPOSES,
335,Raffy T. Tulfo,Senator Senate of the Philippines,SBN-1816,"AN ACT INSTITUTING A SYSTEM OF COMBAT PAY AND COMBAT INCENTIVE PAY OF THE ARMED FORCES OF THE PHILIPPINES (AFP),  THE PHILIPPINE NATIONAL POLICE (PNP) AND THE PHILIPPINE COAST GUARD (PCG), SETTING THE RATES THEREFOR AND FOR OTHER PURPOSES",
335,Raffy T. Tulfo,Senator Senate of the Philippines,SBN-1817,AN ACT PROMOTING THE MENTAL HEALTH OF EMPLOYEES AND PROVIDING FOR MENTAL HEALTH LEAVE AND FOR OTHER PURPOSES,
335,Raffy T. Tulfo,Senator Senate of the Philippines,SBN-1818,VIROLOGY AND VACCINE INSTITUTE OF THE PHILIPPINES ACT,
335,Raffy T. Tulfo,Senator Senate of the Philippines,SBN-1819,"AN ACT INSTITUTIONALIZING THE
COMMUNITY-DRIVEN DEVELOPMENT APPROACH AS A NATIONAL STRATEGY FOR INCLUSIVE GROWTH AND SOCIAL PROTECTION, ESTABLISHING FOR THE PURPOSE THE CDD KNOWLEDGE AND RESOURCE INSTITUTE, AND APPROPRIATING FUNDS THEREFOR",
335,Raffy T. Tulfo,Senator Senate of the Philippines,SBN-1820,"AN ACT GIVING SENIOR CITIZENS A 20% DISCOUNT ON TRAVEL TAX, FURTHER AMENDING FOR THIS PURPOSE REPUBLIC ACT NO. 7432, OTHERWISE KNOWN AS AN ACT TO MAXIMIZE THE CONTRIBUTION OF SENIOR CITIZENS TO NATION BUILDING, GRANT BENEFITS AND SPECIAL PRIVILEGES AND FOR OTHER PURPOSES",
335,Raffy T. Tulfo,Senator Senate of the Philippines,SBN-1821,AN ACT INSTITUTIONALIZING THE ASSISTANCE TO INDIVIDUALS IN CRISIS SITUATION (AICS) PROGRAM AND PROVIDING FUNDS THEREFOR,
335,Raffy T. Tulfo,Senator Senate of the Philippines,SBN-1842,"AN ACT INSTITUTING THE EXPANDED BALIKBAYAN PROGRAM, AMENDING FOR THE PURPOSE REPUBLIC ACT NO. 6768, AS AMENDED BY REPUBLIC ACT NO. 9174, AND FOR OTHER PURPOSES",
335,Raffy T. Tulfo,Senator Senate of the Philippines,SBN-1843,"AN ACT EXPANDING THE COVERAGE OF THE FREE SCHOOL MEALS PROGRAM AND MANDATING
THE PROCUREMENT FROM SMALL SCALE FARMERS IN THE IMPLEMENTATION OF THE NATIONAL FEEDING PROGRAM AMENDING FOR THE PURPOSE REPUBLIC ACT 11037 OTHERWISE KNOWN AS THE MASUSTANSYANG PAGKAIN
PARA SA BATANG PILIPINO ACT",
335,Raffy T. Tulfo,Senator Senate of the Philippines,SBN-1844,"AN ACT IMPOSING EXCISE TAX ON SINGLE-USE PLASTIC BAGS, AMENDING FOR THE PURPOSE SECTION 288 AND ADDING A NEW SECTION 150-C IN THE NATIONAL INTERNAL REVENUE CODE OF 1997, AS AMENDED",
335,Raffy T. Tulfo,Senator Senate of the Philippines,SBN-1845,AN ACT PROMOTING OPEN ACCESS IN INTERNET SERVICES AND FOR OTHER PURPOSES,
335,Raffy T. Tulfo,Senator Senate of the Philippines,SBN-1848,"AN ACT AMENDING SECTIONS 6, 22, 24, 25, 27, 28,
32, 34, 37, 38, 39, 42, 51, 52, 54, 56, 57, 73,108, 109,112,121, 122,123, 127, 149,174, 176,179, 181, 182,183,
184,185, 186,187,190,195, 198, 199, 204, 222, 237, 237-A,
255, 256, 257, 258, 261, 263, 264, 266, 275; INSERTING NEW SECTION 270-A; AND REPEALING SECTIONS 175,177,178, 180,188,192, AND 193; ALL UNDER REPUBLIC ACT NO. 8424, OTHERWISE KNOWN AS THE NATIONAL INTERNAL REVENUE CODE OF 1997, AS AMENDED",
335,Raffy T. Tulfo,Senator Senate of the Philippines,SBN-1872,"AN ACT REQUIRING THE COMPLETION OF AN ECONOMICS AND PERSONAL FINANCE (EPF) LITERACY COURSE AS AN ELEMENTARY, SECONDARY, TERTIARY GRADUATION REQUIREMENT IN PUBLIC AND PRIVATE SCHOOLS, LOCAL UNIVERSITIES AND COLLEGES, STATE AND PRIVATE COLLEGES AND UNIVERSITIES",
335,Raffy T. Tulfo,Senator Senate of the Philippines,SBN-1873,AN ACT MANDATING THE INSTALLATION OF TIMERS IN TRAFFIC LIGHTS,
335,Raffy T. Tulfo,Senator Senate of the Philippines,SBN-1874,"AN ACT AMENDING SECTION 13, ARTICLE XVI OF REPUBLIC ACT NO. 11054, OTHERWISE KNOWN AS THE ORGANIC LAW FOR THE BANGSAMORO AUTONOMOUS REGION IN MUSLIM MINDANAO, AS AMENDED BY REPUBLIC ACT NO. 11593, FOR THE PURPOSE OF EXTENDING THE TRANSITION PERIOD TO ENSURE THE SUCCESSFUL IMPLEMENTATION OF THE ANNEX ON NORMALIZATION UNDER THE FRAMEWORK AGREEMENT ON THE BANGSAMORO (FAB), AND ALLOWING THE FIRST REGULAR ELECTION FOR THE BANGSAMORO PARLIAMENT TO BE SYNCHRONIZED WITH THE 2028 NATIONAL ELECTIONS",
335,Raffy T. Tulfo,Senator Senate of the Philippines,SBN-1875,"AN ACT CREATING THE PHILIPPINE RENEWABLE ENERGY CORPORATION, DEFINING ITS POWERS AND FUNCTIONS, AND APPROPRIATING FUNDS THEREFOR",
335,Raffy T. Tulfo,Senator Senate of the Philippines,SBN-1880,AN ACT CREATING PROGRAMS FOR INCARCERATED PARENTS AND THEIR CHILDREN,
335,Raffy T. Tulfo,Senator Senate of the Philippines,SBN-1881,AN ACT CREATING THE MEDIA ARTS UNIVERSITY OF THE PHILIPPINES,
335,Raffy T. Tulfo,Senator Senate of the Philippines,SBN-1882,AN ACT MANDATING IMMEDIATE RESPONSE TO EMERGENCY SERVICE REQUESTS RELATED TO CRITICAL INFRASTRUCTURE AND FOR OTHER PURPOSES,
335,Raffy T. Tulfo,Senator Senate of the Philippines,SBN-1883,AN ACT INSTITUTIONALIZING A NATIONAL MEDICINE SYSTEM IN THE PHILIPPINES,
335,Raffy T. Tulfo,Senator Senate of the Philippines,SBN-1884,"AN ACT MANDATING THE INSTALLATION OF AUDIBLE TRAFFIC SIGNS WITH PUSH BUTTONS FOR THE BENEFIT OF PERSONS WITH DISABILIES, THE ELDERLY AND PREGNANT WOMEN",
335,Raffy T. Tulfo,Senator Senate of the Philippines,SBN-208,"AN ACT PENALIZING THE ACT OF WAGE THEFT BY AMENDING FOR THIS PURPOSE ARTICLES 87 &
116 OF PRESIDENTIAL DECREE NO. 442, OTHERWISE KNOWN AS THE LABOR CODE OF THE PHILIPPINES",
335,Raffy T. Tulfo,Senator Senate of the Philippines,SBN-209,"AN ACT MODIFYING THE PRESCRIPTIVE PERIOD OF MONEY CLAIMS ARISING OUT OF EMPLOYER-EMPLOYEE RELATIONS AMENDING
FOR THIS PURPOSE ARTICLE 306 OF PRESIDENTIAL DECREE NUMBER 442, AS AMENDED, OTHERWISE KNOWN AS THE LABOR CODE OF THE PHILIPPINES",
335,Raffy T. Tulfo,Senator Senate of the Philippines,SBN-210,AN ACT PROVIDING POOR JOB APPLICANTS A 20% DISCOUNT IN THE PAYMENT OF FEES AND CHARGE FOR CERTAIN CERTIFICATES AND CLEARANCES ISSUED BY GOVERNMENT AGENCIES,
335,Raffy T. Tulfo,Senator Senate of the Philippines,SBN-211,"AN ACT AMENDING REPUBLIC ACT NO. 9262, OR THE ANTI-VIOLENCE AGAINST WOMEN AND THEIR CHILDREN ACT OF 2004, EXPANDING THE SCOPE OF THE PROTECTION TO AL FORMS OF DOMESTIC VIOLENCE REGARDLESS OF SEXUAL ORIENTATION, PROVIDING FOR THE SAME PROTECTIVE MEASURES, PRESCRIBING THE SAME PENALTIES THEREFOR, AND FOR OTHER PURPOSES",
335,Raffy T. Tulfo,Senator Senate of the Philippines,SBN-212,"AN ACT ENSURING THE FUNDAMENTAL EQUALITY OF MEN AND WOMEN ON LAWS RELATING TO CRIMES AGAINST CHASTITY, AMENDING FOR THIS PURPOSE ARTICLE 333 AND REPEALING ARTICLE 334 OF ACT 3815, OTHERWISE KNOWN AS THE REVISED PENAL CODE, AND FOR OTHER PURPOSES",
335,Raffy T. Tulfo,Senator Senate of the Philippines,SBN-213,"AN ACT AMENDING CERTAIN PROVISIONS OF EXECUTIVE ORDER 209 AS AMENDED, IN ORDER TO DEFINE AND INTRODUCE DIVORCE AND FOR OTHER PURPOSES",
335,Raffy T. Tulfo,Senator Senate of the Philippines,SBN-214,"AN ACT PROVIDNG FOR THE MODERNIZATION OF THE JUDICIAL DEPARTMENT, APPROPRIATING FUNDS THEREFOR, AND FOR OTHER PURPOSES",
335,Raffy T. Tulfo,Senator Senate of the Philippines,SBN-215,"AN ACT REDEFINING THE CRIME OF ILLEGAL RECRUITMENT COMMITTED BY A SYNDICATE, AMENDING FOR THE PURPOSE ARTICLE 38 OF PRESIDENTIAL DECREE NO. 442, OTHERWISE KNOWN AS THE ?LABOR CODE OF THE PHILIPPINES?, AS AMENDED AND SECTION 6 OF REPUBLIC ACT NO. 10022 OTHERWISE KNOWN AS THE MIGRANT WORKERS ACT, AS AMENDED",
335,Raffy T. Tulfo,Senator Senate of the Philippines,SBN-216,AN ACT INSTITUTING THE MAGNA CARTA OF FILIPINO SEAFARERS,
335,Raffy T. Tulfo,Senator Senate of the Philippines,SBN-217,"AN ACT AN ACT REMOVING THE PUBLIC OFFERING REQUIREMENT OF GENERATION COMPANIES, AMENDING FOR THE PURPOSE SECTION 43(T) OF REPUBLIC ACT NO. 9136, OTHERWISE KNOWN AS THE ELECTRIC POWER INDUSTRY REFORM ACT OF 2001",
335,Raffy T. Tulfo,Senator Senate of the Philippines,SBN-657,"AN ACT GRANTING LIFETIME VALIDITY OF PHILIPPINE PASSPORTS ISSUED TO SENIOR CITIZENS, FURTHER AMENDING FOR THE PURPOSE SECTION 10 OF REPUBLIC ACT NO. 8239, OTHERWISE KNOWN AS THE 'PHILIPPINE PASSPORT ACT OF 1996', AS AMENDED",
335,Raffy T. Tulfo,Senator Senate of the Philippines,SBN-658,"AN ACT ENHANCING THE PROMOTION AND ADOPTION OF SOLAR TECHNOLOGY AND
NET-METERING AMONG END-USERS, AMENDING FOR THE PURPOSE REPUBLIC ACT NO. 9513, OTHERWISE KNOWN AS THE 'RENEWABLE ENERGY ACT OF 2008', AND FOR OTHER PURPOSES",
335,Raffy T. Tulfo,Senator Senate of the Philippines,SBN-659,"AN ACT AMENDING REPUBLIC ACT NO. 8042, AS AMENDED BY REPUBLIC ACT NO. 10022, OTHERWISE KNOWN AS THE 'MIGRANT WORKERS AND OVERSEAS FILIPINOS ACT OF 1995,' PROVIDING FOR THE DEPOSIT IN AN ESCROW ACCOUNT THE AWARDS FOR MONEY CLAIMS ARISING OUT OF AN EMPLOYER-EMPLOYEE RELATIONSHIP, AND FOR OTHER PURPOSES",
335,Raffy T. Tulfo,Senator Senate of the Philippines,SBN-752,"AN ACT INSTITUTING A COMPREHENSIVE NATIONAL CARE PLAN TO  ENCOURAGE COOPERATION, ACCOUNTABILITY AND RESEARCH FOR THE EDUCATION AND SUPPORT OF PERSONS WITH AUTISM AND FOR OTHER PURPOSES",
335,Raffy T. Tulfo,Senator Senate of the Philippines,SBN-753,"AN ACT EXPANDING THE SCOPE OF AND PROVIDING FOR EXTENDED PATERNITY LEAVE, AMENDING FOR THE PURPOSE REPUBLIC ACT NO. 8187, AND FOR OTHER PURPOSES",
335,Raffy T. Tulfo,Senator Senate of the Philippines,SRN-107,A RESOLUTION DIRECTING THE SENATE COMMITTEE ON ENERGY TO CONDUCT AN INQUIRY IN AID OF LEGISLATION ON THE PERSISTENT AND RECURRING POWER OUTAGES AND ROTATIONAL BLACKOUTS IN THE DIFFERENT PARTS OF THE COUNTRY AND ON THE RISING COST OF ELECTRICITY AMID THESE POWER INTERRUPTIONS,
335,Raffy T. Tulfo,Senator Senate of the Philippines,SRN-156,"A RESOLUTION DIRECTING THE APPROPRIATE SENATE COMMITTEE TO CONDUCT AN INQUIRY IN AID OF LEGISLATION ON THE ABRUPT, RECKLESS, INDISCRIMINATE AND UNCEREMONIUOS PERMANENT CLOSURE OF THE COLEGIO DE SAN LORENZO IN QUEZON CITY",
335,Raffy T. Tulfo,Senator Senate of the Philippines,SRN-187,"A RESOLUTION DIRECTING THE APPROPRIATE SENATE COMMITTEE TO CONDUCT AN INQUIRY IN AID OF LEGISLATION ON THE ALLEGED DEFICIENCES AND CONTINUED FAILURE BY THE PHILIPPINES SEAFARERS' EDUCATION AND TRAINING SYSTEM TO COMPLY WITH THE INTERNATIONAL STANDARDS OF TRAINING, CERTIFICATION AND WATCHKEEPING (STCW) FOR SEAFARERS CONVENTION, AS REPORTED BY THE EUROPEAN UNION COMMISSION",
335,Raffy T. Tulfo,Senator Senate of the Philippines,SRN-448,"RESOLUTION DIRECTING THE APPROPRIATE SENATE COMMITTEE TO CONDUCT AN INQUIRY IN AID OF LEGISLATION TO REVISIT, RE-EXAMINE AND REVIEW THE EXISTING BILATERAL AGREEMENT AND STANDARD EMPLOYMENT CONTRACT GOVERNING OFWS IN KUWAIT, WITH THE END VIEW OF ESTABLISHING STRICTER POLICIES, PREVENTIVE MEASURES AND APPLICABLE SANCTIONS OR BAN IN THE DEPLOYMENT OF OFWS IN KUWAIT",
335,Raffy T. Tulfo,Senator Senate of the Philippines,SRN-466,RESOLUTION DIRECTING THE APPROPRIATE COMMITTEE OF THE SENATE TO UNDERTAKE AN INQUIRY IN AID OF LEGISLATION ON THE STATUS OF THE PRIZE FUND TAX REMITTED BY THE PHILIPPINE CHARITY SWEEPSTAKES OFFICE (PCSO) TO THE BUREAU OF INTERNAL REVENUE (BIR),
335,Raffy T. Tulfo,Senator Senate of the Philippines,SRN-467,"A RESOLUTION REQUESTING THE COMMITTEE ON HEALTH AND DEMOGRAPHY TO CONDUCT AN INQUIRY IN AID OF LEGISLATION ON REPORTS OF BULLYING IN THE HOSPITAL HIERARCHY AFFECTING CLERKS, INTERNS, RESIDENTS, NURSES, AND OTHER MEDICAL PROFESSIONALS",
335,Raffy T. Tulfo,Senator Senate of the Philippines,SRN-476,"RESOLUTION DIRECTING THE SENATE COMMITTEE ON LABOR TO CONDUCT AN INQUIRY IN AID OF LEGISLATION TO REVIEW EXISTING POLICIES ON THE MINIMUM WAGE INCREASES WITH THE END VIEW OF IMPROVING THE STANDARD OF LIVING AND QUALITY OF LIFE FOR WORKERS, PARTICULARLY THOSE IN THE LOWER INCOME BRACKET",
335,Raffy T. Tulfo,Senator Senate of the Philippines,SRN-480,RESOLUTION EXPRESSING THE PROFOUND SYMPATHIES OF THE PHILIPPINE SENATE TO THE CASUALTIES OF THE DEVASTATING EARTHQUAKES IN TURKEY AND SYRIA,
323,Pia S. Cayetano,Senator Senate of the Philippines,SRN-198,RESOLUTION EXPRESSING THE PROFOUND SYMPATHY AND SINCERE CONDOLENCES OF THE SENATE OF THE PHILIPPINES ON THE DEATH OF QUEEN ELIZABETH II OF THE UNITED KINGDOM OF GREAT BRITAIN AND NORTHERN IRELAND,
336,Cynthia A. Villar,Senator Senate of the Philippines,SRN-198,RESOLUTION EXPRESSING THE PROFOUND SYMPATHY AND SINCERE CONDOLENCES OF THE SENATE OF THE PHILIPPINES ON THE DEATH OF QUEEN ELIZABETH II OF THE UNITED KINGDOM OF GREAT BRITAIN AND NORTHERN IRELAND,
336,Cynthia A. Villar,Senator Senate of the Philippines,SBN-1014,AN ACT PROVIDING FOR PROTECTION OF THE REMITTANCES OF OVERSEAS FILIPINO WORKERS,
336,Cynthia A. Villar,Senator Senate of the Philippines,SBN-119,"AN ACT TO DEVELOP, PROTECT AND PROMOTE THE LIVESTOCK, POULTRY, AND DAIRY INDUSTRIES AND THEIR VALUE CHAIN, TO PROVIDE FOR A LIVESTOCK, POULTRY, AND DAIRY COMPETITIVENESS ENHANCEMENT FUND, AND FOR OTHER PURPOSES",
336,Cynthia A. Villar,Senator Senate of the Philippines,SBN-120,"AN ACT TO DEVELOP AND PROMOTE THE YELLOW CORN INDUSTRY, TO ENHANCE THE AVAILABILITY OF AFFORDABLE AND QUALITY FEEDS, TO PROVIDE FOR A CORN COMPETITIVENES ENHANCEMENT FUND, AND FOR OTHER PURPOSES",
336,Cynthia A. Villar,Senator Senate of the Philippines,SBN-121,"AN ACT ESTABLISHING A MULTI-SPECIES MARINE HATCHERY IN BAYBAY CITY, PROVINCE OF LEYTE, AND APPROPRIATING FUNDS THEREFOR",
336,Cynthia A. Villar,Senator Senate of the Philippines,SBN-122,"AN ACT ESTABLISHING A MULTI-SPECIES MARINE HATCHERY IN THE MUNIICIPALITY OF TALACOGON, PROVINCE OF AGUSAN DEL SUR, AND APPROPRIATING FUNDS THEREFOR",
336,Cynthia A. Villar,Senator Senate of the Philippines,SBN-123,AN ACT PROVIDING FOR A NEW CHARTER OF THE LAND BANK OF THE PHILIPPINES,
336,Cynthia A. Villar,Senator Senate of the Philippines,SBN-1237,"AN ACT ESTABLISHING THE NATIONAL COASTAL GREENBELT ZONES AND THE NATIONAL COASTAL GREENBELT MANAGEMENT ACTION PLAN, PROVIDING FUNDS THEREFOR AND FOR OTHER PURPOSES",
336,Cynthia A. Villar,Senator Senate of the Philippines,SBN-1238,"AN ACT PROHIBITING TEXT SCAMS, MISLEADING ADVERTISEMENTS, AND FRAUDULENT SALES PROMOTIONS, MANDATING FOR THIS PURPOSE THE REGISTRATION OF ALL USERS OF SUBSCRIBER IDENTITY MODULE (SIM)
CARDS, AND PROVIDING PENALTIES FOR THE VIOLATIONS THEREOF",
336,Cynthia A. Villar,Senator Senate of the Philippines,SBN-1239,AN ACT PROVIDING FOR A FREE ANNUAL MEDICAL CHECK-UP FOR FILIPINOS AND APPROPRIATING FUNDS THEREFOR,
336,Cynthia A. Villar,Senator Senate of the Philippines,SBN-124,"AN ACT ESTABLISHING A NATIONAL WETLAND POLICY, PROVIDING MECHANISMS FOR ITS INSTITUTIONALIZATION, AND APPROPRIATING FUNDS THEREFOR",
336,Cynthia A. Villar,Senator Senate of the Philippines,SBN-126,AN ACT TO ADOPT INTEGRATED COASTAL MANAGEMENT AS A NATIONAL STRATEGY TO ENSURE THE SUSTAINABLE DEVELOPMENT OF THE COASTAL AND MARINE ENVIRONMENT AND RESOURCES AND TO ESTABLISH SUPPORTING MECHANISMS FOR ITS IMPLEMENTATION AND PROVIDE FUNDS THEREFOR,
336,Cynthia A. Villar,Senator Senate of the Philippines,SBN-127,"AN ACT PROVIDING FOR THE PRESERVATION, REFORESTATION, AFFORESTATION AND SUSTAINABLE DEVELOPMENT OF MANGROVE FORESTS IN THE PHILIPPINES, PROVIDING PENALTIES THEREFOR AND FOR OTHER PURPOSES",
336,Cynthia A. Villar,Senator Senate of the Philippines,SBN-1334,"AN ACT STRENGTHENING AND REVITALIZING THE DEVELOPMENT OF THE SALT INDUSTRY IN THE PHILIPPINES, APPROPRIATING FUNDS THEREFOR, AMENDING REPUBLIC ACT NO. 8550, OTHERWISE KNOWN AS THE PHILIPPINE FISHERIES CODE OF 1998, AND FOR OTHER PURPOSES",
336,Cynthia A. Villar,Senator Senate of the Philippines,SBN-1690,"AN ACT DECLARING THE PANAON ISLAND AND ITS SURROUNDING AREAS, SITUATED IN THE PROVINCE OF SOUTHERN LEYTE, AS PROTECTED SEASCAPE, PURSUANT TO REPUBLIC ACT 11038, OTHERWISE KNOWN AS THE EXPANDED NATIONAL INTEGRATED PROTECTED SYSTEM (ENIPAS) ACT OF 2018",
336,Cynthia A. Villar,Senator Senate of the Philippines,SBN-350,AN ACT PROMOTING INTEGRATED URBAN AGRICULTURE IN URBAN AREAS NATIONWIDE TO ADDRESS FOOD SECURITY AND APPROPRIATING FUNDS THEREFOR,
336,Cynthia A. Villar,Senator Senate of the Philippines,SBN-351,AN ACT ESTABLISHING THE INTEGRATED AGRICULTURE INFORMATION SYSTEM (AIS) IN THE COUNTRY IN COOPERATION WITH CITIES AND MUNICIPALITIES NATIONWIDE,
336,Cynthia A. Villar,Senator Senate of the Philippines,SBN-352,"AN ACT DECLARING OCTOBER SIXTEEN OF EVERY YEAR AS A SPECIAL WORKING HOLIDAY TO BE KNOWN AS THE 'NATIONAL FARMERS, FISHERFOLKS AND AGRI-WORKERS' DAY'",
336,Cynthia A. Villar,Senator Senate of the Philippines,SBN-353,"AN ACT CRIMINALIZING THE MOVEMENT OF LIVE ANIMALS OR PLANTS THAT ARE INFECTED OR INFESTED WITH CONTAGIOUS DISEASE OR PEST, PRESCRIBING PENALTIES THEREFOR AND FOR OTHER PURPOSES",
336,Cynthia A. Villar,Senator Senate of the Philippines,SBN-356,"AN ACT DECLARING A PARCEL OF LAND LOCATED IN THE CITY OF GAPAN AND MUNICIPALITY OF GENERAL TINIO IN THE PROVINCE OF NUEVA ECIJA, A   PROTECTED AREA WITH THE CATEGORY OF PROTECTED LANDSCAPE UNDER THE NATIONAL INTEGRATED PROTECTED AREA SYSTEM, TO BE REFERRED TO AS THE MINALUNGAO PROTECTED LANDSCAPE, PROVIDING FOR ITS MANAGEMENT, AND APPROPRIATING FUNDS THEREFOR",
336,Cynthia A. Villar,Senator Senate of the Philippines,SBN-357,"AN ACT DESIGNATING THE MONTH OF
NOVEMBER AS ?BUY PINOY, BUILD PINOY MONTH? TO ENCOURAGE THE PUBLIC AND PRIVATE SECTORS TO PRIORITIZE THE PURCHASE AND UTILIZATION OF FILIPINO PRODUCTS, LABOR
AND SERVICES",
336,Cynthia A. Villar,Senator Senate of the Philippines,SBN-358,AN ACT ESTABLISHING THE SMALL AND MEDIUM ENTERPRISES STOCK EXCHANGE,
336,Cynthia A. Villar,Senator Senate of the Philippines,SBN-518,"AN ACT DECLARING THE VERDE ISLAND PASSAGE IN THE PROVINCES OF BATANGAS, MARINDUQUE, OCCIDENTAL MINDORO, ORIENTAL MINDORO, ROMBLON AND QUEZON, A PROTECTED AREA WITH THE CATEGORY OF PROTECTED SEASCAPE UNDER THE NATIONAL INTEGRATED PROTECTED AREAS SYSTEM (NIPAS), TO BE REFERRED TO AS THE VERDE ISLAND PASSAGE PROTECTED SEASCAPE, PROVIDING FOR ITS MANAGEMENT, AND APPROPRIATING FUNDS THEREFOR",
336,Cynthia A. Villar,Senator Senate of the Philippines,SBN-519,"AN ACT DECLARING A PORTION OF THE PHILIPPINE RISE SITUATED WITHIN THE EXCLUSIVE ECONOMIC ZONE OF THE PHILIPPINE SEA AS A PROTECTED AREA WITH THE CATEGORY OF MARINE RESOURCE RESERVE UNDER THE NATIONAL INTEGRATED PROTECTED AREAS SYSTEM (NIPAS), TO BE REFERRED TO AS
THE PHILIPPINE RISE MARINE RESOURCE RESERVE, PROVIDING FOR ITS MANAGEMENT, AND APPROPRIATING FUNDS THEREFOR",
336,Cynthia A. Villar,Senator Senate of the Philippines,SBN-520,"AN ACT REGULATING THE CATCHING, SALE, PURCHASE, POSSESSION, TRANSPORTATION, IMPORTATION, AND EXPORTATION OF ALL SHARKS, RAYS, AND CHIMAERAS AND ANY PART THEREOF IN THE COUNTRY",
336,Cynthia A. Villar,Senator Senate of the Philippines,SBN-521,"AN ACT ESTABLISHING PHILIPPINE EHEALTH SYSTEM AND SERVICES IN SUPPORT OF UNIVERSAL HEALTH CARE, AND APPROPRIATING FUNDS THEREFOR",
336,Cynthia A. Villar,Senator Senate of the Philippines,SBN-522,"AN ACT STRENGTHENING THE REGULATORY SYSTEM IN THE COUNTRY TO COMBAT COUNTERFEIT PHARMACEUTICAL PRODUCTS, DECLARING THE MANUFACTURE, IMPORTATION, DISTRIBUTION, SALE OR OFFER FOR SALE, OR POSSESSION OF COUNTERFEIT PHARMACEUTICAL PRODUCTS AS AN OFFENSE INVOLVING ECONOMIC SABOTAGE, PROVIDING FOR THE PROHIBITIONS AND PENALTIES FOR VIOLATIONS AND REVISING FOR THE PURPOSE REPUBLIC ACT NO. 8203 OR THE 'SPECIAL LAW ON COUNTERFEIT DRUGS'",
336,Cynthia A. Villar,Senator Senate of the Philippines,SBN-523,"AN ACT TO CONSERVE, PROTECT AND SUSTAINABLY MANAGE PEATLANDS AND ITS RESOURCES, AND FOR OTHER PURPOSES",
336,Cynthia A. Villar,Senator Senate of the Philippines,SBN-524,"AN ACT PENALIZING THE IMPOSITION OF A 'NO PERMIT, NO EXAM' POLICY OR ANY SUCH POLICY THAT PROHIBITS STUDENTS OF POST SECONDARY AND HIGHER EDUCATION FROM TAKING THEIR MIDTERM OR FINAL EXAMINATIONS, OR OTHER SIMILAR ASSESSMENTS DUE TO UNPAID TUITION AND OTHER SCHOOL FEES",
336,Cynthia A. Villar,Senator Senate of the Philippines,SBN-525,"AN ACT GRANTING THE MAGNA CARTA FOR DAY CARE WORKERS, PROVIDING FUNDS THEREFOR AND FOR OTHER PURPOSES",
336,Cynthia A. Villar,Senator Senate of the Philippines,SBN-526,"AN ACT PROVIDING STIFFER PENALTIES FOR THEFT, ROBBERY AND DESTRUCTION OF PUBLIC SCHOOL PROPERTY",
336,Cynthia A. Villar,Senator Senate of the Philippines,SBN-527,"AN ACT MANDATING THE INCLUSION OF BARANGAY OFFICIALS WITHIN THE COVERAGE OF THE GOVERNMENT SERVICE INSURANCE SYSTEM (GSIS), AMENDING FOR THIS PURPOSE REPUBLIC ACT NO. 8291 ENTITLED 'THE GOVERNMENT SERVICE INSURANCE SYSTEM ACT OF 1997', AND FOR OTHER PURPOSES",
336,Cynthia A. Villar,Senator Senate of the Philippines,SBN-528,"AN ACT TO ESTABLISH THE FOREST CADASTRE, PROVIDING FOR ITS PROCEDURES AND FOR OTHER PURPOSES",
336,Cynthia A. Villar,Senator Senate of the Philippines,SBN-529,AN ACT TO PROMOTE REFORESTATION AND TO INCREASE WOOD PRODUCTION THROUGH THE ESTABLISHMENT OF TREE GROWING,
336,Cynthia A. Villar,Senator Senate of the Philippines,SBN-530,"AN ACT REQUIRING ALL NATIONAL, REGIONAL, AND PROVINCIAL GOVERNMENT HOSPITALS TO ESTABLISH, OPERATE AND MAINTAIN A DIALYSIS WARD OR UNIT IN THEIR RESPECTIVE HOSPITAL AND PROVIDING FREE DIALYSIS TREATMENT TO INDIGENT PATIENTS",
336,Cynthia A. Villar,Senator Senate of the Philippines,SBN-615,"AN ACT INSTITUTIONALIZING BAMBOO INDUSTRY DEVELOPMENT IN THE  PHILIPPINES, CREATING THE BAMBOO INDUSTRY DEVELOPMENT CENTER, APPROPRIATING FUNDS THEREFOR, AND FOR OTHER PURPOSES",
336,Cynthia A. Villar,Senator Senate of the Philippines,SRN-158,"RESOLUTION DIRECTING THE COMMITTEE ON AGRICULTURE, FOOD AND AGRARIAN REFORM TO CONDUCT AN INQUIRY, IN AID OF LEGISLATION, ON PHILMECH'S APPARENT FAILURE TO IMPLEMENT THE MECHANIZATION PROGRAM UNDER RICE TARRIFICATION LAW THAT CREATED THE RICE COMPETITIVENESS ENHANCEMENT FUND (RCEF) TO THE DETRIMENT OF THE RICE INDUSTY",
336,Cynthia A. Villar,Senator Senate of the Philippines,SRN-159,"RESOLUTION DIRECTING THE COMMITTEE ON AGRICULTURE, FOOD AND AGRARIAN REFORM TO CONDUCT AN INQUIRY, IN AID OF LEGISLATION, ON THE LACK OF CAPACITY ENHANCEMENT AND TRAININGS TO THE BENEFICIARIES OF THE COMPOSTING FACILITY FOR BIODEGRADABLE WASTE (CFBW) UNITS BY THE BUREAU OF SOILS AND WATER MANAGEMENT (BSWM) AND THE UNJUSTIFIED DOWNGRADING OF THE TECHNICAL SPECIFICATIONS IN THE PROCUREMENT AND
REPORTED INFERIOR QUALITY OF THE DELIVERED CFBW UNITS TO THE PREJUDICE OF THE LOCAL FARMERS",
336,Cynthia A. Villar,Senator Senate of the Philippines,SRN-167,"RESOLUTION DIRECTING THE COMMITTEE ON AGRICULTURE, FOOD AND AGRARIAN REFORM TO CONDUCT AN INQUIRY, IN AID OF LEGISLATION, INTO THE DELAY ON THE IMPLEMENTATION OF REPUBLIC ACT NO. 11524, OTHERWISE KNOWN AS THE 'COCONUT FARMERS AND INDUSTRY TRUST FUND ACT', WITH THE END GOAL OF DELIVERING THE BENEFITS IT HAS PROMISED",
336,Cynthia A. Villar,Senator Senate of the Philippines,SRN-192,"RESOLUTION DIRECTING THE APPROPRIATE SENATE COMMITTEE/S TO CONDUCT AN INQUIRY, IN AID OF LEGISLATION, ON THE STATUS OF THE IMPLEMENTATION OF THE DEPARTMENT OF AGRICULTURE AND ITS PARTNER AGENCIES AND LOCAL GOVERNMENT UNITS OF THE CASH ASSISTANCE DISTRIBUTION TO FILIPINO FARMERS UNDER R.A. NO. 11598 WITH THE END IN VIEW OF FACILITATING THE SAME AND TARGETING THE CORRECT BENEFICIARIES",
336,Cynthia A. Villar,Senator Senate of the Philippines,SRN-228,"RESOLUTION DIRECTING THE PROPER SENATE COMMITTEE TO CONDUCT AN INQUIRY, IN AID OF LEGISLATION, TO LOOK INTO THE SEEMING LACK OF AN ORDERLY SYSTEM BY THE PARA?AQUE INTEGRATED TERMINAL EXCHANGE (PITX) ADMINISTRATION THAT HAS RESULTED IN ALLOWING PUBLIC UTILITY VEHICLES, SUPPOSEDLY STATIONED WITHIN THE CONFINES OF THE PITX COMPLEX, TO INSTEAD USE AS THEIR WAITING AND PARKING AREAS CERTAIN ROADS  OUTSIDE THE PITX COMPLEX, THEREBY CAUSING INCONVENIENCE TO THE PUBLIC WHO
ARE SUPPOSEDLY ENJOYING THE USE OF THE SAID ROADS.",
336,Cynthia A. Villar,Senator Senate of the Philippines,SRN-242,"RESOLUTION DIRECTING THE SENATE COMMITTEE ON AGRICULTURE, FOOD AND AGRARIAN REFORM TO INVESTIGATE ON THE PROLIFERATION OF FAKE FERTILIZERS, AND CONDUCT AN INQUIRY, IN AID OF LEGISLATION, ON THE CONCRETE SOLUTIONS BEING UNDERTAKEN BY THE FERTILIZER AND PESTICIDE AUTHORITY UNDER THE DEPARTMENT OF AGRICULTURE",
336,Cynthia A. Villar,Senator Senate of the Philippines,SRN-281,"RESOLUTION CONGRATULATING AND COMMENDING CARLOS EDRIEL P. YULO FOR WINNING ONE SILVER MEDAL AND ONE BRONZE MEDAL IN THE 51ST FEDERATION INTERNATIONAL DE GYMNASTIQUE (FIG) ARTISTIC GYMNASTICS WORLD CHAMPIONSHIPS HELD IN LIVERPOOL, ENGLAND ON 6 NOVEMBER 2022",
336,Cynthia A. Villar,Senator Senate of the Philippines,SRN-282,"RESOLUTION CONGRATULATING AND COMMENDING KIMBERLY ANNE CUSTODIO FOR WINNING A GOLD MEDAL IN THE 2022 JIU-JITSU INTERNATIONAL FEDERATION WORLD CHAMPIONSHIPS IN DUBAI, UAE ON 2 NOVEMBER 2022",
336,Cynthia A. Villar,Senator Senate of the Philippines,SRN-372,"RESOLUTION CONGRATULATING AND COMMENDING THE OLYMPIC GOLD MEDALIST HIDILYN DIAZ FOR SWEEPING THREE GOLD MEDALS AT THE 2022 INTERNATIONAL WEIGHTLIFTING FEDERATION (IWF) WORLD WEIGHTLIFTING CHAMPIONSHIP HELD ON 7 DECEMBER 2022 AT BOGOTA, COLUMBIA",
336,Cynthia A. Villar,Senator Senate of the Philippines,SRN-408,RESOLUTION CONGRATULATING THE PENTECOSTAL MISSIONARY CHURCH OF CHRIST (4TH WATCH) ON THE OCCASION OF ITS INTERNATIONAL MISSIONARY DAY,
336,Cynthia A. Villar,Senator Senate of the Philippines,SRN-438,"RESOLUTION CONGRATULATING AND COMMENDING THE ATENEO DE MANILA UNIVERSITY DEBATE TEAM, ESPECIALLY DAVID AFRICA AND TOBI LEUNG, FOR PARTICIPATING AND WINNING IN THE 2023 WORLD UNIVERSITIES DEBATING CHAMPIONSHIP HELD ON DECEMBER 29, 2022 TO JANUARY 3, 2023 IN MADRID, SPAIN",
336,Cynthia A. Villar,Senator Senate of the Philippines,SRN-439,"RESOLUTION CONGRATULATING AND COMMENDING THE PHILIPPINES NATIONAL FENCING TEAM FOR WINNING EIGHT GOLD MEDALS, SEVEN SILVER MEDALS AND ELEVEN BRONZE MEDALS THEREBY EMERGING AS THE SECOND OVER-ALL CHAMPION AT THE 2023 SOUTHEAST ASIAN FENCING FEDERATION CHAMPIONSHIPS HELD ON JANUARY 5 TO 13, 2023 AT KUALA LUMPUR, MALAYSIA",
322,Alan Peter S. Cayetano,Senator Senate of the Philippines,SRN-198,RESOLUTION EXPRESSING THE PROFOUND SYMPATHY AND SINCERE CONDOLENCES OF THE SENATE OF THE PHILIPPINES ON THE DEATH OF QUEEN ELIZABETH II OF THE UNITED KINGDOM OF GREAT BRITAIN AND NORTHERN IRELAND,
322,Alan Peter S. Cayetano,Senator Senate of the Philippines,SBN-298,"AN ACT ESTABLISHING A FRAMEWORK FOR A SMART PHILIPPINES, ENSURING ACCESSIBLE AND AFFORDABLE INTERNET FOR ALL, APPROPRIATING FUNDS THEREFOR, AND FOR OTHER PURPOSES",PENDING IN THE COMMITTEE DATE : 8/3/2022
322,Alan Peter S. Cayetano,Senator Senate of the Philippines,SBN-299,"AN ACT PROVIDING FOR ADDITIONAL RIGHTS AND BENEFITS TO KASAMBAHAYS UNDER REPUBLIC ACT NO. 10361, ENTITLED ?AN ACT INSTITUTING POLICIES FOR THE PROTECTION AND WELFARE OF DOMESTIC WORKERS?, OTHERWISE KNOWN AS THE ?DOMESTIC WORKERS ACT? OR ?BATAS KASAMBAHAY?, AND FOR OTHER PURPOSES",PENDING IN THE COMMITTEE DATE : 8/3/2022
322,Alan Peter S. Cayetano,Senator Senate of the Philippines,SBN-300,"AN ACT DECENTRALIZING ECONOMIC DEVELOPMENT TO FACILITATE FURTHER GROWTH IN OTHER AREAS OF THE PHILIPPINES, AND FOR OTHER PURPOSES",PENDING IN THE COMMITTEE DATE : 8/3/2022
322,Alan Peter S. Cayetano,Senator Senate of the Philippines,SBN-301,"AN ACT PROVIDING FOR A NATIONAL PROGRAM TO SUPPORT AND CARE FOR THE ABANDONED, NEGLECTED, AND VOLUNTARILY COMMITTED CHILDREN, CREATING A SPECIAL TRUST FUND, AND FOR OTHER PURPOSES",PENDING IN THE COMMITTEE DATE : 8/8/2022
322,Alan Peter S. Cayetano,Senator Senate of the Philippines,SBN-302,"AN ACT AMENDING REPUBLIC ACT NO. 11310 OR THE PANTAWID PAMILYANG PILIPINO PROGRAM (4PS) ACT BY INCLUDING VICTIMS OF NATURAL OR MAN-MADE DISASTERS AS ELIGIBLE BENEFICIARIES, AND FOR OTHER PURPOSES",PENDING IN THE COMMITTEE DATE : 8/8/2022
322,Alan Peter S. Cayetano,Senator Senate of the Philippines,SBN-303,"AN ACT MANDATING THE ESTABLISHMENT OF HEALTH CENTERS IN ALL BARANGAYS APPROPRIATING FUNDS THEREFORE, AND FOR OTHER PURPOSES",PENDING IN THE COMMITTEE DATE : 8/8/2022
322,Alan Peter S. Cayetano,Senator Senate of the Philippines,SBN-304,"AN ACT PROVIDING FOR THE CREATION OF SUPER HEALTH CENTERS IN EVERY CITY AND MUNICIPALITY, APPROPRIATING FUNDS THEREFOR, AND FOR OTHER PURPOSES",PENDING IN THE COMMITTEE DATE : 8/8/2022
322,Alan Peter S. Cayetano,Senator Senate of the Philippines,SBN-305,"AN ACT STRENGTHENING THE PHILIPPINE NAVY, THE PHILIPPINE COAST GUARD, AND THE PHILIPPINE NATIONAL POLICE MARITIME GROUP, BY THE PURCHASE AND ESTABLISHMENT OF FLOATING HOSPITALS UNDER THEIR JURISDICTION, APPROPRIATING FUNDS THEREFOR, AND FOR OTHER PURPOSES",PENDING IN THE COMMITTEE DATE : 8/8/2022
322,Alan Peter S. Cayetano,Senator Senate of the Philippines,SBN-306,"AN ACT ESTABLISHING A CAMP DEVELOPMENT FUND FOR THE ARMED FORCES OF THE PHILIPPINES, APPROPRIATING THE SUM OF FIVE BILLION PESOS ANNUALLY FOR FIVE YEARS, AND FOR OTHER PURPOSES",PENDING IN THE COMMITTEE DATE : 8/8/2022
322,Alan Peter S. Cayetano,Senator Senate of the Philippines,SBN-307,"AN ACT ESTABLISHING A CAMP DEVELOPMENT FUND FOR THE PHILIPPINE NATIONAL POLICE, APPROPRIATING THE SUM OF FIVE BILLION PESOS ANNUALLY FOR FIVE YEARS, AND FOR OTHER PURPOSES",PENDING IN THE COMMITTEE DATE : 8/8/2022
322,Alan Peter S. Cayetano,Senator Senate of the Philippines,SBN-61,"AN ACT INSTITUTIONALIZING A NATIONAL VALUES, ETIQUETTE, AND MORAL UPRIGHTNESS PROGRAM; A COMMISSION ON FILIPINO VALUES; AND AN INTER-FAITH PRESIDENTIAL COUNCIL, INSTITUTING A FAITH-BASED AND
VALUES-ORIENTED LEADERSHIP, AND FOR OTHER PURPOSES",PENDING IN THE COMMITTEE DATE : 7/27/2022
322,Alan Peter S. Cayetano,Senator Senate of the Philippines,SBN-614,"AN ACT CREATING A DEPARTMENT OF FISHERIES AND AQUATIC RESOURCES, PROVIDING FOR ITS POWERS AND FUNCTIONS, AND FOR OTHER PURPOSES",PENDING IN THE COMMITTEE DATE : 8/17/2022
322,Alan Peter S. Cayetano,Senator Senate of the Philippines,SBN-62,"AN ACT PROVIDING PHP 10, 000 CASH ASSISTANCE TO ALL FILIPINO FAMILIES TO HELP THEM COPE WITH THE EFFECTS OF THE CURRENT CORONAVIRUS PANDEMIC AND THE INCREASING PRICES OF GOODS AND SERVICES, AND FOR OTHER PURPOSES",PENDING IN THE COMMITTEE DATE : 7/27/2022
322,Alan Peter S. Cayetano,Senator Senate of the Philippines,SBN-63,"AN ACT PROHIBITING ONLINE GAMBLING, PENALIZING THE PLACING OF WAGERS OR BETS THROUGH THE INTERNET OR ANY FORM OF ONLINE GAMBLING ACTIVITIES, AND FOR OTHER PURPOSES",PENDING IN THE COMMITTEE DATE : 7/27/2022
322,Alan Peter S. Cayetano,Senator Senate of the Philippines,SBN-64,"AN ACT ESTABLISHING THE ?MICRO-ENTERPRISE RECOVERY AS A CATALYST FOR HEALING AND NATIONAL TRANSFORMATION? LOAN PROGRAM, APPROPRIATING FUNDS THEREFOR, AND FOR OTHER PURPOSES",PENDING IN THE COMMITTEE DATE : 7/27/2022
322,Alan Peter S. Cayetano,Senator Senate of the Philippines,SBN-65,"AN ACT INSTITUTIONALIZING MICROFINANCE PROGRAMS AND ACCESS TO CAPITAL TO SUPPORT AND GROW MICRO ENTERPRISES, APPROPRIATING FUNDS THEREFOR, AND FOR OTHER PURPOSES",PENDING IN THE COMMITTEE DATE : 7/27/2022
322,Alan Peter S. Cayetano,Senator Senate of the Philippines,SBN-66,"AN ACT CREATING THE EMERGENCY RESPONSE DEPARTMENT (ERD), APPROPRIATING FUNDS THEREFOR, AND FOR OTHER PURPOSES",PENDING IN THE COMMITTEE DATE : 7/27/2022
322,Alan Peter S. Cayetano,Senator Senate of the Philippines,SBN-67,"AN ACT INSTITUTIONALIZING THE USE OF ?MOBILE APPLICATION PARA SA PILIPINO? OTHERWISE KNOWN AS ?MOBILE A. P. P.? IN THE DELIVERY OF BASIC GOVERNMENT SERVICES AND PROGRAMS, PROVIDING FUNDS THEREFOR, AND FOR OTHER PURPOSES",PENDING IN THE COMMITTEE DATE : 7/27/2022
322,Alan Peter S. Cayetano,Senator Senate of the Philippines,SBN-68,"AN ACT STRENGTHENING OUR PRIMARY HEALTH CARE SYSTEM THROUGH THE APPOINTMENT OF SUFFICIENT BARANGAY HEALTH WORKERS IN CITIES AND MUNICIPALITIES AND ELEVATING THEIR STATUS FROM VOLUNTEERS TO JOB ORDER, CONTRACTUAL, CASUAL, OR REGULAR EMPLOYEES AND FURTHER STRENGTHENING THE BARANGAY HEALTHCARE SYSTEM, AND FOR OTHER PURPOSES",PENDING IN THE COMMITTEE DATE : 7/27/2022
322,Alan Peter S. Cayetano,Senator Senate of the Philippines,SBN-69,"AN ACT PROVIDING FOR THE CREATION OF CENTERS FOR THE ELDERLY IN EVERY CITY AND MUNICIPALITY, APPROPRIATING FUNDS THEREFOR, AND FOR OTHER PURPOSES",PENDING IN THE COMMITTEE DATE : 7/27/2022
322,Alan Peter S. Cayetano,Senator Senate of the Philippines,SBN-70,"AN ACT ESTABLISHING THE NATIONAL HEALTH PASSPORT SYSTEM AND STRENGTHENING THE PRIMARY HEALTHCARE SYSTEM, APPROPRIATING FUNDS THEREFOR AND FOR OTHER PURPOSES",PENDING IN THE COMMITTEE DATE : 7/27/2022
322,Alan Peter S. Cayetano,Senator Senate of the Philippines,SRN-134,"RESOLUTION DIRECTING THE SENATE COMMITTEE ON ACCOUNTABILITY OF PUBLIC OFFICERS AND INVESTIGATIONS (BLUE RIBBON) TO CONDUCT AN INQUIRY, IN AID OF LEGISLATION, ON THE PROCUREMENT BY THE DEPARTMENT OF EDUCATION, THROUGH THE PROCUREMENT SERVICE OF THE DEPARTMENT OF BUDGET AND MANAGEMENT, OF LAPTOPS FOR TEACHERS FOR USE IN DISTANCE LEARNING","COMMITTEE REPORT APPROVED
DATE : 2/14/2023
Committee Report No.:19 Date:1/12/2023"
322,Alan Peter S. Cayetano,Senator Senate of the Philippines,SRN-157,"RESOLUTION EXPRESSING THE SENSE OF THE SENATE TO STRONGLY URGE THE UNIVERSITY OF THE PHILIPPINES TO ADMINISTER THE UNIVERSITY OF THE PHILIPPINES COLLEGE ADMISSION TEST (UPCAT) STARTING ACADEMIC YEAR 2023-2024 WHICH MAKES
THE ADMISSION PROCESS MORE HOLISTIC",PENDING IN THE COMMITTEE DATE : 8/30/2022
322,Alan Peter S. Cayetano,Senator Senate of the Philippines,SRN-436,"RESOLUTION CONGRATULATING AND COMMENDING CHERRY ANN ''SISI'' RONDINA AND PHILIPPINE ARMY SGT. JOVELYN GONZAGA, AND FLOREMEL RODRIGUEZ AND GENESA ESLAPOR, FOR WINNING THE GOLD AND SILVER MEDALS, RESPECTIVELY, IN THE WOMEN?S DIVISION OF THE VOLLEYBALL WORLD BEACH PRO TOUR FUTURES HELD IN SUBIC BAY, ZAMBALES FROM 08 TO 11 DECEMBER 2022",PENDING IN THE COMMITTEE DATE : 2/8/2023
322,Alan Peter S. Cayetano,Senator Senate of the Philippines,SRN-437,"RESOLUTION CONGRATULATING AND COMMENDING E-SPORTS  (ELECTRONIC SPORTS) ATHLETES FROM ECHO AND
BLACKLIST INTERNATIONAL FOR FINISHING AS CHAMPIONS AND RUNNERS-UP, RESPECTIVELY, IN THE MOBILE LEGENDS
M4 WORLD CHAMPIONSHIP HELD IN JAKARTA,
INDONESIA FROM 01 TO 15 JANUARY 2023",PENDING IN THE COMMITTEE DATE : 2/8/2023
326,Jinggoy Ejercito Estrada,Senator Senate of the Philippines,SRN-198,RESOLUTION EXPRESSING THE PROFOUND SYMPATHY AND SINCERE CONDOLENCES OF THE SENATE OF THE PHILIPPINES ON THE DEATH OF QUEEN ELIZABETH II OF THE UNITED KINGDOM OF GREAT BRITAIN AND NORTHERN IRELAND,
326,Jinggoy Ejercito Estrada,Senator Senate of the Philippines,SBN-1017,"AN ACT INSTITUTING THE MEDICAL RESERVE CORPS, APPROPRIATING FUNDS THEREFOR AND FOR OTHER PURPOSES",PENDING IN THE COMMITTEE DATE : 9/5/2022
326,Jinggoy Ejercito Estrada,Senator Senate of the Philippines,SBN-1018,"AN ACT INSTITUTING REFORMS IN REAL PROPERTY VALUATION AND ASSESSMENT IN THE PHILIPPINES, REORGANIZING THE BUREAU OF LOCAL GOVERNMENT FINANCE, AND APPROPRIATING FUNDS THEREFOR",PENDING IN THE COMMITTEE DATE : 9/5/2022
326,Jinggoy Ejercito Estrada,Senator Senate of the Philippines,SBN-1019,"AN ACT INSTITUTING A NATIONAL LAND USE POLICY, PROVIDING THE IMPLEMENTING MECHANISMS THEREFOR, AND FOR OTHER PURPOSES",PENDING IN THE COMMITTEE DATE : 9/5/2022
326,Jinggoy Ejercito Estrada,Senator Senate of the Philippines,SBN-1020,"AN ACT INSTITUTIONALIZING THE CASH BUDGETING SYSTEM, AND FOR OTHER PURPOSES",PENDING IN THE COMMITTEE DATE : 9/5/2022
326,Jinggoy Ejercito Estrada,Senator Senate of the Philippines,SBN-1021,"AN ACT ESTABLISHING THE NATIONAL FRAMEWORK FOR WATER RESOURCE MANAGEMENT AND CREATING THE DEPARTMENT OF WATER RESOURCES AND THE WATER REGULATORY COMMISSION, DEFINING THEIR MANDATES, POWERS AND FUNCTIONS, AND APPROPRIATING FUNDS THEREFOR",PENDING IN THE COMMITTEE DATE : 9/5/2022
326,Jinggoy Ejercito Estrada,Senator Senate of the Philippines,SBN-1022,"AN ACT STRENGTHENING PUBLIC-PRIVATE PARTNERSHIPS, APPROPRIATING FUNDS THEREFOR, AND FOR OTHER PURPOSES",PENDING IN THE COMMITTEE DATE : 9/5/2022
326,Jinggoy Ejercito Estrada,Senator Senate of the Philippines,SBN-1023,"AN ACT AMENDING REPUBLIC ACT NO. 9184, OTHERWISE KNOWN AS THE GOVERNMENT PROCUREMENT REFORM ACT, WITHDRAWING FROM ITS APPLICATION ALL REFERENCES TO THE LOCAL GOVERNMENT UNITS",PENDING IN THE COMMITTEE DATE : 9/5/2022
326,Jinggoy Ejercito Estrada,Senator Senate of the Philippines,SBN-1024,"AN ACT AMENDING CERTAIN PROVISIONS OF REPUBLIC ACT NO. 7160, OTHERWISE KNOWN AS THE LOCAL GOVERNMENT CODE OF 1991, AND FOR OTHER PURPOSES",PENDING IN THE COMMITTEE DATE : 9/5/2022
326,Jinggoy Ejercito Estrada,Senator Senate of the Philippines,SBN-1025,"AN ACT ESTABLISHING AN ON-SITE, IN-CITY OR NEAR-CITY OR OFF-CITY GOVERNMENT RESETTLEMENT PROGRAM FOR INFORMAL SETTLER FAMILIES IN ACCORDANCE WITH A PEOPLE?S PLAN AND MANDATING THE IMPLEMENTING LOCAL GOVERNMENT UNIT, JOINTLY WITH THE DEPARTMENT OF HUMAN SETTLEMENTS AND URBAN DEVELOPMENT, IN CASES OF NEAR-CITY OR OFF-CITY RESETTLEMENT, TO PROVIDE OTHER BASIC SERVICES AND LIVELIHOOD COMPONENTS IN FAVOR OF THE RECIPIENT LOCAL GOVERNMENT UNIT, AMENDING FOR THE PURPOSE REPUBLIC ACT NO. 7279, AS AMENDED, OTHERWISE KNOWN AS THE ?URBAN DEVELOPMENT AND HOUSING ACT OF 1992",PENDING IN THE COMMITTEE DATE : 9/5/2022
326,Jinggoy Ejercito Estrada,Senator Senate of the Philippines,SBN-1026,AN ACT ENSURING EQUAL EMPLOYMENT OPPORTUNITIES TO MEMBERS OF INDIGENOUS CULTURAL COMMUNITIES AND PREFERENCE IN CERTAIN CASES AND FOR OTHER PURPOSES,PENDING IN THE COMMITTEE DATE : 9/5/2022
326,Jinggoy Ejercito Estrada,Senator Senate of the Philippines,SBN-1027,AN ACT INCREASING THE PERSONNEL ECONOMIC RELIEF ALLOWANCE GRANTED TO GOVERNMENT EMPLOYEES TO FOUR THOUSAND PESOS AND APPROPRIATING FUNDS THEREFOR,PENDING IN THE COMMITTEE DATE : 9/5/2022
326,Jinggoy Ejercito Estrada,Senator Senate of the Philippines,SBN-1028,"AN ACT UPHOLDING THE RIGHT OF ACQUISITION BY QUALIFIED BENEFICIARIES OF
GOVERNMENT-OWNED LANDS THEY ACTUALLY OCCUPY, AMENDING CERTAIN PROVISIONS OF REPUBLIC ACT NUMBER SEVEN THOUSAND TWO HUNDRED SEVENTY-NINE (R.A. 7279), OTHERWISE KNOWN AS THE URBAN DEVELOPMENT AND HOUSING ACT OF 1992, AND FOR OTHER PURPOSES",PENDING IN THE COMMITTEE DATE : 9/5/2022
326,Jinggoy Ejercito Estrada,Senator Senate of the Philippines,SBN-1029,"AN ACT REQUIRING LOCAL GOVERNMENT UNITS TO EARMARK PORTION OF THEIR NATIONAL TAX ALLOTMENTS FOR FREE MEDICINES TO INDIGENT PATIENTS IN THEIR LOCALITIES, AND FOR OTHER PURPOSES",PENDING IN THE COMMITTEE DATE : 9/5/2022
326,Jinggoy Ejercito Estrada,Senator Senate of the Philippines,SBN-1030,"AN ACT ESTABLISHING THE PHILIPPINE EAR, NOSE AND THROAT (ENT) CENTER AND APPROPRIATING FUNDS THEREFOR",PENDING IN THE COMMITTEE DATE : 9/5/2022
326,Jinggoy Ejercito Estrada,Senator Senate of the Philippines,SBN-1031,AN ACT ESTABLISHING A CENTER FOR AUTISM AND FOR OTHER PURPOSES,PENDING IN THE COMMITTEE DATE : 9/5/2022
326,Jinggoy Ejercito Estrada,Senator Senate of the Philippines,SBN-1032,"AN ACT PROMOTING THE PRODUCTION OF OUTSTANDING AND WORLD-CLASS FILIPINO MOTION PICTURES, PROVIDING INCENTIVES TO FILMMAKERS AND ACTORS CLAIMING HONORS IN INTERNATIONAL FILM COMPETITIONS AND FOR OTHER PURPOSES",PENDING IN THE COMMITTEE DATE : 9/5/2022
326,Jinggoy Ejercito Estrada,Senator Senate of the Philippines,SBN-1033,AN ACT CREATING THE NATIONAL FILM ARCHIVE OF THE PHILIPPINES AND APPROPRIATING FUNDS THEREFOR,PENDING IN THE COMMITTEE DATE : 9/5/2022
326,Jinggoy Ejercito Estrada,Senator Senate of the Philippines,SBN-1034,AN ACT CREATING AND ESTABLISHING THE INSTITUTE FOR STRATEGIC STUDIES AND FOR OTHER PURPOSES,PENDING IN THE COMMITTEE DATE : 9/5/2022
326,Jinggoy Ejercito Estrada,Senator Senate of the Philippines,SBN-1035,AN ACT ESTABLISHING THE PUBLIC SCHOOLS OF THE FUTURE IN TECHNOLOGY AND APPROPRIATING FUNDS THEREFOR,PENDING IN THE COMMITTEE DATE : 9/5/2022
326,Jinggoy Ejercito Estrada,Senator Senate of the Philippines,SBN-1036,"AN ACT PROVIDING FOR A NEW PASSPORT LAW, REPEALING FOR THE PURPOSE REPUBLIC ACT NO. 8239, OTHERWISE KNOWN AS THE ?PHILIPPINE PASSPORT ACT OF 1996?",PENDING IN THE COMMITTEE DATE : 9/5/2022
326,Jinggoy Ejercito Estrada,Senator Senate of the Philippines,SBN-1079,"AN ACT ESTABLISHING THE NATIONAL CENTER FOR GERIATRIC HEALTH AND RESEARCH INSTITUTE, DEFINING ITS POWERS AND FUNCTIONS, CREATING REGIONAL GERIATRIC SPECIALTY CENTERS IN THE DEPARTMENT OF HEALTH-RETAINED HOSPITALS, AND APPROPRIATING FUNDS THEREFOR",PENDING IN THE COMMITTEE DATE : 9/6/2022
326,Jinggoy Ejercito Estrada,Senator Senate of the Philippines,SBN-1080,"AN ACT PROVIDING FOR THE PRESERVATION, REFORESTATION, AFFORESTATION AND SUSTAINABLE DEVELOPMENT OF ALL PHILIPPINE MANGROVE RESOURCES, DEFINING FOR THAT PURPOSE THE ACTS PROHIBITED WITHIN MANGROVE FORESTS, AND FOR OTHER PURPOSES",PENDING IN THE COMMITTEE DATE : 9/6/2022
326,Jinggoy Ejercito Estrada,Senator Senate of the Philippines,SBN-1081,AN ACT REQUIRING THE ESTABLISHMENT OF FULLY EQUIPPED SCIENCE LABORATORIES IN EVERY PUBLIC ELEMENTARY AND SECONDARY SCHOOL AND FOR OTHER PURPOSES,PENDING IN THE COMMITTEE DATE : 9/6/2022
326,Jinggoy Ejercito Estrada,Senator Senate of the Philippines,SBN-1082,"AN ACT INSTITUTIONALIZING THE PARTICIPATION OF CIVIL SOCIETY ORGANIZATIONS (CSOS) IN THE PREPARATION AND AUTHORIZATION PROCESS OF THE ANNUAL NATIONAL BUDGET, PROVIDING EFFECTIVE MECHANISMS THEREFOR, AND FOR OTHER PURPOSES",PENDING IN THE COMMITTEE DATE : 9/6/2022
326,Jinggoy Ejercito Estrada,Senator Senate of the Philippines,SBN-1084,AN ACT PROVIDING FOR A MAGNA CARTA OF AGRICULTURAL DEVELOPMENT WORKERS,PENDING IN THE COMMITTEE DATE : 9/6/2022
326,Jinggoy Ejercito Estrada,Senator Senate of the Philippines,SBN-1085,"AN ACT MODERNIZING THE BUREAU OF IMMIGRATION BY DEFINING ITS POWERS AND FUNCTIONS, EXPANDING, RATIONALIZING AND FURTHER PROFESSIONALIZING ITS ORGANIZATION, UPGRADING THE COMPENSATION AND BENEFITS OF ITS OFFICIALS AND EMPLOYEES, AND APPROPRIATING FUNDS THEREFOR, AND FOR OTHER PURPOSES",PENDING IN THE COMMITTEE DATE : 9/6/2022
326,Jinggoy Ejercito Estrada,Senator Senate of the Philippines,SBN-1086,AN ACT PROVIDING FOR A MAGNA CARTA FOR CHILD DEVELOPMENT WORKERS,PENDING IN THE COMMITTEE DATE : 9/6/2022
326,Jinggoy Ejercito Estrada,Senator Senate of the Philippines,SBN-1087,AN ACT DECLARING THE TWENTY SEVENTH DAY OF JULY OF EVERY YEAR A SPECIAL WORKING HOLIDAY IN OBSERVANCE OF THE FOUNDING ANNIVERSARY OF THE IGLESIA NI CRISTO (INC) AND FOR OTHER PURPOSES,PENDING IN THE COMMITTEE DATE : 9/6/2022
326,Jinggoy Ejercito Estrada,Senator Senate of the Philippines,SBN-1088,AN ACT PRESERVING THE INDIGENOUS GAMES OF THE PHILIPPINES,PENDING IN THE COMMITTEE DATE : 9/6/2022
326,Jinggoy Ejercito Estrada,Senator Senate of the Philippines,SBN-1089,AN ACT DEFINING THE MARITIME ZONES UNDER THE JURISDICTION OF THE REPUBLIC OF THE PHILIPPINES,PENDING IN THE COMMITTEE DATE : 9/6/2022
326,Jinggoy Ejercito Estrada,Senator Senate of the Philippines,SBN-1090,"AN ACT TO AMEND CERTAIN SECTIONS OF REPUBLIC ACT SEVEN THOUSAND FOUR HUNDRED THIRTY-ONE (R.A. 7431) OTHERWISE KNOWN AS THE ?RADIOLOGIC TECHNOLOGY ACT OF 1992, AND FOR OTHER PURPOSES?",PENDING IN THE COMMITTEE DATE : 9/6/2022
326,Jinggoy Ejercito Estrada,Senator Senate of the Philippines,SBN-1107,"AN ACT TO REQUIRE THE GIVING OF FREE MEDICAL AND DENTAL SERVICE TO INDIGENT CHILDREN, AND FOR OTHER PURPOSES",PENDING IN THE COMMITTEE DATE : 9/6/2022
326,Jinggoy Ejercito Estrada,Senator Senate of the Philippines,SBN-1108,AN ACT PROTECTING THE USERS OF RADIO FREQUENCY IDENTIFICATION DEVICES,PENDING IN THE COMMITTEE DATE : 9/6/2022
326,Jinggoy Ejercito Estrada,Senator Senate of the Philippines,SBN-1109,"AN ACT ADVANCING SCIENCE, TECHNOLOGY AND INNOVATION THROUGH A HARMONIZED NATIONAL RESEARCH AND DEVELOPMENT AGENDA AND MANDATORY ADOPTION OF PUBLICLY FUNDED AND GENERATED TECHNOLOGIES IN ALL GOVERNMENT ENTITIES, THEREBY ESTABLISHING THE SCIENCE FOR CHANGE PROGRAM (S4CP)",PENDING IN THE COMMITTEE DATE : 9/6/2022
326,Jinggoy Ejercito Estrada,Senator Senate of the Philippines,SBN-1110,"AN ACT EXPANDING THE PURPOSES AND APPLICATION OF THE SPECIAL EDUCATION FUND (SEF) AMENDING FOR THE PURPOSE SECTION 272 OF REPUBLIC ACT NO. 7160, OTHERWISE KNOWN AS THE LOCAL GOVERNMENT CODE OF 1991, AND FOR OTHER PURPOSES",PENDING IN THE COMMITTEE DATE : 9/6/2022
326,Jinggoy Ejercito Estrada,Senator Senate of the Philippines,SBN-1133,AN ACT ESTABLISHING THE PHILIPPINE AIR FORCE ACADEMY (PAFA) AND APPROPRIATING FUNDS THEREFOR,PENDING IN THE COMMITTEE DATE : 9/6/2022
326,Jinggoy Ejercito Estrada,Senator Senate of the Philippines,SBN-1228,"AN ACT STRENGTHENING THE EMPLOYMENT RIGHTS FOR MEMBERS OF THE
CITIZEN ARMED FORCES OR THE RESERVE FORCE OF THE ARMED FORCES
OF THE PHILIPPINES AND FOR OTHER PURPOSES",PENDING IN THE COMMITTEE DATE : 9/7/2022
326,Jinggoy Ejercito Estrada,Senator Senate of the Philippines,SBN-1291,AN ACT ESTABLISHING A NATIONAL SEX OFFENDER REGISTRATION DATABASE AND PROVIDING FUNDS THREFORE AND FOR OTHER PURPOSES,PENDING IN THE COMMITTEE DATE : 9/20/2022
326,Jinggoy Ejercito Estrada,Senator Senate of the Philippines,SBN-1292,AN ACT ESTABLISHING THE BARANGAY INTEGRATED DEVELOPMENT APPROACH FOR NUTRITION IMPROVEMENT OF THE RURAL POOR AS A LINKAGE PROGRAM FOR ALL STATE UNIVERSITIES AND COLLEGES AND COMMUNITY COLLEGES AND APPROPRIATING FUNDS THEREFOR,PENDING IN THE COMMITTEE DATE : 9/20/2022
326,Jinggoy Ejercito Estrada,Senator Senate of the Philippines,SBN-1293,"AN ACT ADJUSTING THE MONTHLY PENSION AND DISABILITY BENEFITS OF RETIREES OF THE DEPARTMENT OF FOREIGN AFFAIRS, AND APPROPRIATING FUNDS THEREFOR",PENDING IN THE COMMITTEE DATE : 9/20/2022
326,Jinggoy Ejercito Estrada,Senator Senate of the Philippines,SBN-1294,AN ACT PROMOTING RURAL FINANCIAL INCLUSION AND LITERACY,PENDING IN THE COMMITTEE DATE : 9/20/2022
326,Jinggoy Ejercito Estrada,Senator Senate of the Philippines,SBN-1295,"AN ACT STRENGTHENING THE NATIONAL PROGRAM FOR THE ELIMINATION OF TUBERCULOSIS, AMENDING FOR THE PURPOSE REPUBLIC ACT NO. 10767 OR THE 'COMPREHENSIVE TUBERCULOSIS ELIMINATION PLAN ACT'",PENDING IN THE COMMITTEE DATE : 9/20/2022
326,Jinggoy Ejercito Estrada,Senator Senate of the Philippines,SBN-1296,"AN ACT CRIMINALIZING THE CREATION AND DISSEMINATION OF FAKE NEWS FOR THE PROTECTION FROM ONLINE FALSEHOODS AND MANIPULATION, AMENDING FOR THE PURPOSE, REPUBLIC ACT NO 10175, OTHERWISE KNOWN AS THE CYBERCRIME PREVENTION ACT OF 2012",PENDING IN THE COMMITTEE DATE : 9/20/2022
326,Jinggoy Ejercito Estrada,Senator Senate of the Philippines,SBN-1300,"AN ACT PROTECTING AND PROMOTING THE RIGHTS TO EQUALITY AND NONDISCRIMINATION ON THE BASIS OF RACE, ETHNICITY AND RELIGION",PENDING IN THE COMMITTEE DATE : 9/20/2022
326,Jinggoy Ejercito Estrada,Senator Senate of the Philippines,SBN-1301,"AN ACT ESTABLISHING A SPECIAL DEFENSE ECONOMIC ZONE (SPEDEZ) INSIDE THE GOVERNMENT ARSENAL DEFENSE INDUSTRIAL ESTATE LOCATED IN CAMP GEN. ANTONIO LUNA, LAMAO, MUNICIPALITY OF LIMAY, PROVINCE OF BATAAN, CREATING FOR THIS PURPOSE THE SPECIAL DEFENSE ECONOMIC ZONE AUTHORITY (SPEDEZA) AND APPROPRIATING FUNDS THEREFOR",PENDING IN THE COMMITTEE DATE : 9/20/2022
326,Jinggoy Ejercito Estrada,Senator Senate of the Philippines,SBN-1333,"AN ACT PROMOTING INCLUSIVE AND SUSTAINABLE PRODUCTIVITY GROWTH, REPEALING FOR THE PURPOSE REPUBLIC ACT NO. 6971, OTHERWISE KNOWN AS THE PRODUCTIVITY INCENTIVES ACT OF 1990",PENDING IN THE COMMITTEE DATE : 9/27/2022
326,Jinggoy Ejercito Estrada,Senator Senate of the Philippines,SBN-1364,"AN ACT AMENDING SECTIONS 22, 24, 25, 27, 28, 29,
30, 32, 34, 37, 38, 39, 42, 51, 52, 54, 56, 57, 73, 108, 121,","PENDING IN THE COMMITTEE
DATE : 11/7/2022"
326,Jinggoy Ejercito Estrada,Senator Senate of the Philippines,SBN-1436,"AN ACT ESTABLISHING AN ONLINE DEATH VERIFICATION (ODV) SYSTEM UNDER THE PHILIPPINE STATISTICS AUTHORITY (PSA), THEREBY ENSURING GOVERNMENT EFFICIENCY AND FACILITATING THE ADMINISTRATION OF JUSTICE BY STRENGTHENING THE FRAUD DETECTION, PREVENTION AND ELIMINATION CAPABILITY OF THE GOVERNMENT",PENDING IN THE COMMITTEE DATE : 11/21/2022
326,Jinggoy Ejercito Estrada,Senator Senate of the Philippines,SBN-1437,AN ACT INSTITUTIONALIZING A RESULTS-BASED NATIONAL EVALUATION POLICY,PENDING IN THE COMMITTEE DATE : 11/21/2022
326,Jinggoy Ejercito Estrada,Senator Senate of the Philippines,SBN-1438,AN ACT PROVIDING A FRAMEWORK TO PROTECT AND PROMOTE THE RIGHT TO ADEQUATE FOOD,PENDING IN THE COMMITTEE DATE : 11/21/2022
326,Jinggoy Ejercito Estrada,Senator Senate of the Philippines,SBN-1439,"AN ACT ESTABLISHING THE PHILIPPINE NATIONAL PUBLIC PARKS SYSTEM, AND APPROPRIATING FUNDS THEREFOR",PENDING IN THE COMMITTEE DATE : 11/21/2022
326,Jinggoy Ejercito Estrada,Senator Senate of the Philippines,SBN-1440,AN ACT INSTITUTING POLICIES FOR THE PROTECTION AND WELFARE OF CAREGIVERS IN THE PRACTICE OF THEIR PROFESSION,PENDING IN THE COMMITTEE DATE : 11/21/2022
326,Jinggoy Ejercito Estrada,Senator Senate of the Philippines,SBN-1441,AN ACT INSTITUTIONALIZING THE POVERTY REDUCTION THROUGH SOCIAL ENTREPRENEURSHIP (PRESENT) PROGRAM AND PROMOTING SOCIAL ENTERPRISES WITH THE POOR AS PRIMARY STAKEHOLDERS,PENDING IN THE COMMITTEE DATE : 11/21/2022
326,Jinggoy Ejercito Estrada,Senator Senate of the Philippines,SBN-1442,"AN ACT AMENDING SECTION 8 OF REPUBLIC ACT NO. 10699 OR THE NATIONAL ATHLETES AND COACHES BENEFITS AND INCENTIVES ACT, THEREBY PROVIDING EQUAL CASH INCENTIVES TO NATIONAL ATHLETES AND ATHLETES WITH DISABILITIES WHO WIN MEDALS IN INTERNATIONAL SPORTS COMPETITIONS",PENDING IN THE COMMITTEE DATE : 11/21/2022
326,Jinggoy Ejercito Estrada,Senator Senate of the Philippines,SBN-1443,AN ACT INTEGRATING THE TEACHING OF THE 1987 PHILIPPINE CONSTITUTION IN THE SECONDARY EDUCATION CURRICULUM OF ALL PUBLIC AND PRIVATE EDUCATIONAL INSTITUTIONS,PENDING IN THE COMMITTEE DATE : 11/21/2022
326,Jinggoy Ejercito Estrada,Senator Senate of the Philippines,SBN-1444,"AN ACT MANDATING THE SUBMISSION OF A
TREE PLANTING PLAN AS A REQUIREMENT IN THE APPLICATION FOR BUILDING PERMITS",PENDING IN THE COMMITTEE DATE : 11/21/2022
326,Jinggoy Ejercito Estrada,Senator Senate of the Philippines,SBN-1445,AN ACT DECLARING THE SIXTEENTH DAY OF MAY OF EVERY YEAR AS A SPECIAL WORKING HOLIDAY TO BE KNOWN AS THE NATIONAL EDUCATION SUPPORT PERSONNEL DAY,PENDING IN THE COMMITTEE DATE : 11/21/2022
326,Jinggoy Ejercito Estrada,Senator Senate of the Philippines,SBN-1507,AN ACT REGULATING THE PRACTICE OF MICROBIOLOGY IN THE PHILIPPINES AND APPROPRIATING FUNDS THEREFOR,PENDING IN THE COMMITTEE DATE : 11/22/2022
326,Jinggoy Ejercito Estrada,Senator Senate of the Philippines,SBN-1508,AN ACT STRENGTHENING THE MENTAL HEALTH SERVICES OF STATE UNIVERSITIES AND COLLEGES AND APPROPRIATING FUNDS THEREFOR,PENDING IN THE COMMITTEE DATE : 11/22/2022
326,Jinggoy Ejercito Estrada,Senator Senate of the Philippines,SBN-1601,AN ACT FURTHER STRENGTHENING PROFESSIONALISM AND PROMOTING THE CONTINUITY OF POLICIES AND MODERNIZATION INITIATIVES IN THE ARMED FORCES OF THE PHILIPPINES,"CONSOLIDATED/SUBSTITUTED IN THE COMMITTEE REPORT DATE : 2/7/2023
Committee Report No.:23 Date:2/7/2023
SUBSTITUTED BY SBN-1849 UNDER COMMITTEE REPORT NO. 23."
326,Jinggoy Ejercito Estrada,Senator Senate of the Philippines,SBN-1634,"AN ACT PROVIDING FOR A MORE RESPONSIVE AND COMPREHENSIVE REGULATION FOR THE LICENSING, REGISTRATION, CERTIFICATION AND PRACTICE OF ENVIRONMENTAL AND SANITARY ENGINEERS, ENVIRONMENTAL AND SANITARY ENGINEERING TECHNOLOGISTS AND ENVIRONMENTAL AND SANITARY ENGINEERING TECHNICIANS IN THE PHILIPPINES, FOR THE PURPOSE OF AMENDING REPUBLIC ACT 1364, AND FOR OTHER PURPOSES",PENDING IN THE COMMITTEE DATE : 1/23/2023
326,Jinggoy Ejercito Estrada,Senator Senate of the Philippines,SBN-1641,AN ACT PROHIBITING GAME-FIXING AND PROVIDING PENALTIES FOR VIOLATIONS THEREOF,PENDING IN THE COMMITTEE DATE : 1/23/2023
326,Jinggoy Ejercito Estrada,Senator Senate of the Philippines,SBN-1642,"AN ACT AMENDING REPUBLIC ACT NO. 10366, OTHERWISE KNOWN AS AN ACT AUTHORIZING THE COMMISSION ON ELECTIONS TO ESTABLISH PRECINCTS ASSIGNED TO ACCESSIBLE POLLING PLACES EXCLUSIVELY FOR PERSONS WITH DISABILITIES AND SENIOR CITIZENS",PENDING IN THE COMMITTEE DATE : 1/23/2023
326,Jinggoy Ejercito Estrada,Senator Senate of the Philippines,SBN-1643,"AN ACT REGULATING THE REGISTRATION, LICENSURE, AND PRACTICE OF PHYSICAL THERAPY, AND APPROPRIATING FUNDS THEREFOR",PENDING IN THE COMMITTEE DATE : 1/23/2023
326,Jinggoy Ejercito Estrada,Senator Senate of the Philippines,SBN-1644,AN ACT REDUCING WASTAGE BY DONATING AND RECYCLING EXCESS EDIBLE FOOD,PENDING IN THE COMMITTEE DATE : 1/23/2023
326,Jinggoy Ejercito Estrada,Senator Senate of the Philippines,SBN-1645,AN ACT PROVIDING FOR THE PUBLICATION OF LAWS IN THE PRINT OR ONLINE VERSION OF THE OFFICIAL GAZETTE AND OF A NEWSPAPER OF GENERAL CIRCULATION,PENDING IN THE COMMITTEE DATE : 1/23/2023
326,Jinggoy Ejercito Estrada,Senator Senate of the Philippines,SBN-1807,"AN ACT PROMOTING PHILIPPINE INDIGENOUS AND TRADITIONAL WRITING SYSTEMS AND PROVIDING FOR THEIR PROTECTION, PRESERVATION, AND CONSERVATION",PENDING IN THE COMMITTEE DATE : 2/1/2023
326,Jinggoy Ejercito Estrada,Senator Senate of the Philippines,SBN-1808,"AN ACT EXPANDING THE PROHIBITED ACTS OF DISCRIMINATION AGAINST WOMEN ON ACCOUNT OF SEX, AMENDING FOR THE PURPOSE PRESIDENTIAL DECREE NO. 442, AS AMENDED,
OTHERWISE KNOWN AS THE LABOR CODE OF THE
PHILIPPINES",PENDING IN THE COMMITTEE DATE : 2/1/2023
326,Jinggoy Ejercito Estrada,Senator Senate of the Philippines,SBN-1809,"AN ACT GRANTING THE BASES CONVERSION DEVELOPMENT AUTHORITY, THE POWER TO ASSIST THE DEPARTMENT OF NATIONAL DEFENSE IN THE CREATION OF NEW MILITARY BASES AND FACILITIES, AMENDING FOR THE PURPOSE REPUBLIC ACT NO. 7227, AS AMENDED BY REPUBLIC ACT NO. 9400, OTHERWISE KNOWN AS THE BASES CONVERSION AND DEVELOPMENT ACT OF 1992",PENDING IN THE COMMITTEE DATE : 2/1/2023
326,Jinggoy Ejercito Estrada,Senator Senate of the Philippines,SBN-278,"AN ACT PROVIDING FOR THE RESETTLEMENT, AID AND REHABILITATION SERVICES FOR THE INFORMAL SETTLERS AFFECTED BY THE DEMOLITION OF HOUSES / DWELLINGS ALONG DANGER AREAS AS WELL AS THE VICTIMS OF DISASTERS AND CALAMITIES AND THOSE AFFECTED BY GOVERNMENT INFRASTRUCTURE PROJECTS IN URBAN AREAS AND FOR OTHER PURPOSES",PENDING IN THE COMMITTEE DATE : 8/3/2022
326,Jinggoy Ejercito Estrada,Senator Senate of the Philippines,SBN-279,"AN ACT EXPANDING THE COVERAGE OF THE TERTIARY EDUCATION SUBSIDY, AMENDING FOR THE PURPOSE REPUBLIC ACT NO. 10931, OTHERWISE KNOWN AS THE ?UNIVERSAL ACCESS TO QUALITY TERTIARY EDUCATION ACT","CONSOLIDATED/SUBSTITUTED IN THE COMMITTEE REPORT DATE : 11/7/2022
Committee Report No.:7 Date:10/4/2022 SUBSTITUTED BY SBN-1360
UNDER COMMITTEE REPORT NO. 7."
326,Jinggoy Ejercito Estrada,Senator Senate of the Philippines,SBN-280,AN ACT PROVIDING FOR ADDITIONAL BENEFITS AND PROTECTION TO PUBLIC UTILITY VEHICLE DRIVERS THROUGH THE IMPLEMENTATION OF A COMPREHENSIVE ASSISTANCE PROGRAM,PENDING IN THE COMMITTEE DATE : 8/3/2022
326,Jinggoy Ejercito Estrada,Senator Senate of the Philippines,SBN-281,AN ACT ESTABLISHING THE PHILIPPINE VIROLOGY SCIENCE AND TECHNOLOGY INSTITUTE AND APPROPRIATING FUNDS THEREFOR,PENDING IN THE COMMITTEE DATE : 8/3/2022
326,Jinggoy Ejercito Estrada,Senator Senate of the Philippines,SBN-282,AN ACT REQUIRING ALL PUBLIC TELECOMMUNICATIONS ENTITIES AND INTERNET SERVICE PROVIDERS IN THE COUNTRY TO INCREASE SERVICE COVERAGE AND DELIVER A MINIMUM STANDARD FOR INTERNET CONNECTION SPEED,PENDING IN THE COMMITTEE DATE : 8/3/2022
326,Jinggoy Ejercito Estrada,Senator Senate of the Philippines,SBN-283,"AN ACT ADDRESSING FOOD SECURITY CONCERNS THROUGH INTEGRATING INSTRUCTIONAL GARDENS IN PRIMARY AND SECONDARY SCHOOL CURRICULA AND PROMOTING THE USE OF URBAN AGRICULTURE, AND FOR OTHER PURPOSES",PENDING IN THE COMMITTEE DATE : 8/3/2022
326,Jinggoy Ejercito Estrada,Senator Senate of the Philippines,SBN-284,"AN ACT PROVIDING FOR A UNIFIED SYSTEM FOR SEPARATION, RETIREMENT, AND PENSION OF THE MILITARY AND UNIFORMED PERSONNEL (MUP) SERVICES OF THE REPUBLIC OF THE PHILIPPINES, CREATING THE MILITARY AND UNIFORM PERSONNEL RETIREMENT FUND AUTHORITY, PROVIDING FUNDS THEREFOR, AND FOR OTHER PURPOSES",PENDING IN THE COMMITTEE DATE : 8/3/2022
326,Jinggoy Ejercito Estrada,Senator Senate of the Philippines,SBN-285,AN ACT ESTABLISHING THE NATIONAL DEFENSE UNIVERSITY OF THE PHILIPPINES AND FOR OTHER PURPOSES,PENDING IN THE COMMITTEE DATE : 8/3/2022
326,Jinggoy Ejercito Estrada,Senator Senate of the Philippines,SBN-286,"AN ACT PROMOTING THE ?ONE TOWN, ONE PRODUCT? CONCEPT TO ENHANCE INCLUSIVE AND SUSTAINABLE ECONOMIC DEVELOPMENT, APPROPRIATING FUNDS THEREFOR, AND FOR OTHER PURPOSES","CONSOLIDATED/SUBSTITUTED IN THE COMMITTEE REPORT DATE : 12/7/2022
Committee Report No.:14 Date:12/5/2022 SUBSTITUTED BY SBN-1594
UNDER COMMITTEE REPORT
NO. 14."
326,Jinggoy Ejercito Estrada,Senator Senate of the Philippines,SBN-287,AN ACT AUTHORIZING THE DEPARTMENT OF HEALTH (DOH) TO SET AND APPROVE THE BED CAPACITY AND SERVICE CAPABILITY OF ALL DOH HOSPITALS,PENDING IN THE COMMITTEE DATE : 8/3/2022
326,Jinggoy Ejercito Estrada,Senator Senate of the Philippines,SBN-41,"AN ACT FURTHER STRENGTHENING THE NATIONAL WAGES AND PRODUCTIVITY COMMISSION, FURTHER AMENDING FOR THIS PURPOSE ARTICLES 121 AND 122 OF PRESIDENTIAL DECREE NO. 442, OTHERWISE KNOWN AS THE LABOR CODE OF THE PHILIPPINES, AS AMENDED BY R. A. 6727",PENDING IN THE COMMITTEE DATE : 7/27/2022
326,Jinggoy Ejercito Estrada,Senator Senate of the Philippines,SBN-42,"AN ACT PROVIDING FOR A MAGNA CARTA FOR WORKERS, ENTERPRISES AND ORGANIZATIONS IN THE INFORMAL ECONOMY AND PROVIDING MECHANISMS FOR RECOGNITION, INTEGRATION, AND TRANSITION TO THE FORMAL ECONOMY",PENDING IN THE COMMITTEE DATE : 7/27/2022
326,Jinggoy Ejercito Estrada,Senator Senate of the Philippines,SBN-43,"AN ACT PROVIDING FOR THE CONDONATION OF PENALTIES FOR UNPAID SOCIAL SECURITY SYSTEM CONTRIBUTIONS OF HOUSEHOLD EMPLOYERS RELATIVE TO REPUBLIC ACT NO. 7655, ENTITLED ?AN ACT INCREASING THE MINIMUM WAGE OF HOUSEHELPERS, AMENDING FOR THE PURPOSE ARTICLE 143 OF PRESIDENTIAL DECREE NO. 442, AS AMENDED? AND REPUBLIC ACT NO.
10361, ALSO KNOWN AS THE ?DOMESTIC WORKERS ACT? OR ?BATAS KASAMBAHAY",PENDING IN THE COMMITTEE DATE : 7/27/2022
326,Jinggoy Ejercito Estrada,Senator Senate of the Philippines,SBN-44,"AN ACT PROVIDING FOR A WORKING TIME FLEXIBILIZATION IN THE PRIVATE SECTOR AND FOR OTHER PURPOSES, THEREBY AMENDING ARTICLE 83, 85 AND 87 OF PRESIDENTIAL DECREE FOUR HUNDRED FORTY-TWO (PD 442), AS AMENDED, OTHERWISE KNOWN AS THE LABOR CODE OF THE PHILIPPINES",PENDING IN THE COMMITTEE DATE : 7/27/2022
326,Jinggoy Ejercito Estrada,Senator Senate of the Philippines,SBN-45,AN ACT PROVIDING PROTECTION TO FREELANCERS AND FOR OTHER PURPOSES,PENDING IN THE COMMITTEE DATE : 7/27/2022
326,Jinggoy Ejercito Estrada,Senator Senate of the Philippines,SBN-453,"AN ACT POSTPONING THE DECEMBER 2022 BARANGAY AND SANGGUNIANG KABATAAN ELECTIONS, AMENDING FOR THE PURPOSE REPUBLIC ACT NO. 9164, AS AMENDED, AND FOR OTHER PURPOSES","CONSOLIDATED/SUBSTITUTED IN THE COMMITTEE REPORT DATE : 9/13/2022
Committee Report No.:4 Date:9/12/2022 SUBSTITUTED BY SBN-1306
UNDER COMMITTEE REPORT NO. 4, WHICH BECAME REPUBLIC ACT NO. 11935 ON OCTOBER 10, 2022."
326,Jinggoy Ejercito Estrada,Senator Senate of the Philippines,SBN-454,"AN ACT MANDATING THE ESTABLISHMENT, MANAGEMENT, MAINTENANCE, AND REGULATION OF A RAINWATER HARVESTING FACILITY IN ALL NEW INSTITUTIONAL, COMMERCIAL, INDUSTRIAL, AND RESIDENTIAL DEVELOPMENT PROJECTS IN METRO MANILA",PENDING IN THE COMMITTEE DATE : 8/10/2022
326,Jinggoy Ejercito Estrada,Senator Senate of the Philippines,SBN-455,"AN ACT ESTABLISHING THE E-GOVERNMENT, DEFINING ITS POWERS AND FUNCTIONS, AND FOR OTHER PURPOSES",PENDING IN THE COMMITTEE DATE : 8/10/2022
326,Jinggoy Ejercito Estrada,Senator Senate of the Philippines,SBN-456,"AN ACT ESTABLISHING GREATER RESPONSIBILITY AND ACCOUNTABILITY FROM PRIVATE EMPLOYMENT AGENCIES, AMENDING FOR THE PURPOSE REPUBLIC ACT NO. 10361, OTHERWISE KNOWN AS THE 'BATAS KASAMBAHAY'",PENDING IN THE COMMITTEE DATE : 8/10/2022
326,Jinggoy Ejercito Estrada,Senator Senate of the Philippines,SBN-457,"AN ACT STRENGTHENING THE INSPECTION FUNCTION OF THE DEPARTMENT OF LABOR AND EMPLOYMENT, AMENDING FOR THIS PURPOSE REPUBLIC ACT NO. 6727, OTHERWISE KNOWN AS THE WAGE RATIONALIZATION ACT, AND FOR OTHER PURPOSES",PENDING IN THE COMMITTEE DATE : 8/10/2022
326,Jinggoy Ejercito Estrada,Senator Senate of the Philippines,SBN-458,"AN ACT AMENDING ARTICLE 123 OF PRESIDENTIAL DECREE NO. 442, AS AMENDED, OTHERWISE KNOWN AS THE LABOR CODE OF THE PHILIPPINES, BY REQUIRING THE REGIONAL BOARD TO ISSUE A WAGE ORDER EVERY YEAR OR AN EXPLANATION FOR NOT ISSUING SUCH WAGE ORDER",PENDING IN THE COMMITTEE DATE : 8/10/2022
326,Jinggoy Ejercito Estrada,Senator Senate of the Philippines,SBN-459,"AN ACT INCREASING THE PENALTIES FOR NON-COMPLIANCE OF THE PRESCRIBED INCREASES AND ADJUSTMENTS IN THE WAGE RATES OF WORKERS, AMENDING FOR THE PURPOSE REPUBLIC ACT NO. 6727, OTHERWISE
KNOWN AS THE 'WAGE RATIONALIZATION ACT,' AND FOR OTHER PURPOSES",PENDING IN THE COMMITTEE DATE : 8/10/2022
326,Jinggoy Ejercito Estrada,Senator Senate of the Philippines,SBN-460,AN ACT PROVIDING FOR OCCUPATIONAL SAFETY AND HEALTH STANDARDS FOR THE WORKERS AND TALENTS IN THE MOVIE AND TELEVISION INDUSTRY,PENDING IN THE COMMITTEE DATE : 8/10/2022
326,Jinggoy Ejercito Estrada,Senator Senate of the Philippines,SBN-461,"AN ACT PROVIDING ENHANCED PROTECTION, SECURITY AND BENEFITS FOR MEDIA AND ENTERTAINMENT WORKERS",PENDING IN THE COMMITTEE DATE : 8/10/2022
326,Jinggoy Ejercito Estrada,Senator Senate of the Philippines,SBN-462,"AN ACT ESTABLISHING THE ARCHIPELAGIC SEA LANES IN THE PHILIPPINE ARCHIPELAGIC WATERS, PRESCRIBING THE RIGHTS AND OBLIGATIONS OF FOREIGN SHIPS AND AIRCRAFT EXERCISING THE RIGHT OF ARCHIPELAGIC SEA LANES PASSAGE THROUGH THE ESTABLISHED ARCHIPELAGIC SEA LANES AND PROVIDING FOR THE ASSOCIATED PROTECTED MEASURES THEREIN",PENDING IN THE COMMITTEE DATE : 8/10/2022
326,Jinggoy Ejercito Estrada,Senator Senate of the Philippines,SBN-463,"AN ACT ESTABLISHING A RENTAL SUBSIDY PROGRAM FOR INFORMAL SETTLER FAMILIES, APPROPRIATING FUNDS THEREFOR, AND FOR OTHER PURPOSES",PENDING IN THE COMMITTEE DATE : 8/10/2022
326,Jinggoy Ejercito Estrada,Senator Senate of the Philippines,SBN-464,"AN ACT ENSURING THE OCCUPATIONAL HEALTH, SAFETY AND WELFARE OF BUSINESS PROCESS OUTSOURCING (BPO) WORKERS AND OTHER SIMILARLY SITUATED PROFESSIONALS",PENDING IN THE COMMITTEE DATE : 8/10/2022
326,Jinggoy Ejercito Estrada,Senator Senate of the Philippines,SBN-465,AN ACT PROVIDING FOR THE CONSTRUCTION OF A MULTIPURPOSE GYM IN ALL MUNICIPALITIES AND CITIES TO SERVE AS EVACUATION CENTER DURING TIMES OF CALAMITY OR DISASTER AND APPROPRIATING FUNDS THEREFOR,PENDING IN THE COMMITTEE DATE : 8/10/2022
326,Jinggoy Ejercito Estrada,Senator Senate of the Philippines,SBN-466,AN ACT ESTABLISHING THE AGRICULTURE INFORMATION SYSTEM IN ALL CITIES AND MUNICIPALITIES,PENDING IN THE COMMITTEE DATE : 8/10/2022
326,Jinggoy Ejercito Estrada,Senator Senate of the Philippines,SBN-467,"AN ACT STRENGTHENING THE WILDLIFE CONSERVATION AND PROTECTION MECHANISM IN THE PHILIPPINES, AMENDING FOR THIS PURPOSE REPUBLIC ACT NO. 9147, OTHERWISE KNOWN AS THE 'WILDLIFE RESOURCES CONSERVATION AND PROTECTION ACT', PROVIDING FUNDS THEREFOR AND FOR OTHER PURPOSES",PENDING IN THE COMMITTEE DATE : 8/10/2022
326,Jinggoy Ejercito Estrada,Senator Senate of the Philippines,SBN-468,"AN ACT STRENGTHENING THE CITIZEN ARMED FORCES OF THE PHILIPPINES, REINSTITUTING FOR THE PURPOSE A MANDATORY RESERVE OFFICERS' TRAINING CORPS (ROTC) PROGRAM IN THE CURRICULUM OF ALL UNDERGRADUATE DEGREE, DIPLOMA, CERTIFICATE OR TECHNICALVOCATIONAL PROGRAMS IN PUBLIC AND PRIVATE TERTIARY-LEVEL EDUCATIONAL INSTITUTIONS, APPROPRIATING FUNDS THEREFOR, AND FOR OTHER PURPOSES",PENDING IN THE COMMITTEE DATE : 8/10/2022
326,Jinggoy Ejercito Estrada,Senator Senate of the Philippines,SBN-469,AN ACT TO PROVIDE INCENTIVES FOR THE PRIVATE SECTOR TO UNDERTAKE RENTAL RESIDENTIAL HOUSING AT RATES AFFORDABLE TO LOW AND MIDDLE-INCOME FAMILIES AND FOR OTHER PURPOSES,PENDING IN THE COMMITTEE DATE : 8/10/2022
326,Jinggoy Ejercito Estrada,Senator Senate of the Philippines,SBN-47,AN ACT PROVIDING INDIGENT JOB APPLICANTS A TWENTY PERCENT (20%) DISCOUNT IN THE PAYMENT OF FEES AND CHARGES FOR CERTAIN CERTIFICATES AND CLEARANCES ISSUED BY GOVERNMENT ISSUED BY GOVERNMENT AGENCIES,PENDING IN THE COMMITTEE DATE : 7/27/2022
326,Jinggoy Ejercito Estrada,Senator Senate of the Philippines,SBN-470,"AN ACT INSTITUTIONALIZING ANTI-DRUG ABUSE COUNCILS IN EVERY PROVINCE, CITY, AND MUNICIPALITY, AND FOR OTHER PUPOSES",PENDING IN THE COMMITTEE DATE : 8/10/2022
326,Jinggoy Ejercito Estrada,Senator Senate of the Philippines,SBN-471,AN ACT ENABLING BANKS TO EXPAND SERVICE DELIVERY CHANNELS THROUGH CASH AGENTS AND PROVIDING GUIDELINES THEREFOR,PENDING IN THE COMMITTEE DATE : 8/10/2022
326,Jinggoy Ejercito Estrada,Senator Senate of the Philippines,SBN-472,AN ACT ESTABLISHING A SAFE PATHWAYS NETWORK OF BICYCLE LANES AND SLOW STREETS AND FOR OTHER PURPOSES,"CONSOLIDATED/SUBSTITUTED IN THE COMMITTEE REPORT DATE : 9/7/2022
Committee Report No.:2 Date:9/7/2022
SUBSTITUTED BY SBN-1290 UNDER COMMITTEE REPORT NO. 2."
326,Jinggoy Ejercito Estrada,Senator Senate of the Philippines,SBN-48,AN ACT REGULATING THE COMPENSATION OF PUBLIC UTILITY BUS DRIVERS AND CONDUCTORS BY REQUIRING BUS OPERATORS TO PAY THEM FIXED MONTHLY SALARIES AND PROVIDING PENALTIES FOR VIOLATIONS THEREOF,PENDING IN THE COMMITTEE DATE : 7/27/2022
326,Jinggoy Ejercito Estrada,Senator Senate of the Philippines,SBN-49,"AN ACT ESTABLISHING THE NATIONAL MANPOWER DATA AND PLACEMENT CENTER, AND PROVIDING FUNDS THEREFOR",PENDING IN THE COMMITTEE DATE : 7/27/2022
326,Jinggoy Ejercito Estrada,Senator Senate of the Philippines,SBN-50,AN ACT ESTABLISHING THE NATIONAL EMPLOYMENT ASSISTANCE CENTER OF THE PHILIPPINES AND APPROPRIATING FUNDS THEREFOR,PENDING IN THE COMMITTEE DATE : 7/27/2022
326,Jinggoy Ejercito Estrada,Senator Senate of the Philippines,SBN-664,AN ACT PROVIDING FOR THE DELINEATION OF THE SPECIFIC FOREST LIMITS OF THE PUBLIC DOMAIN AND FOR OTHER PURPOSES,PENDING IN THE COMMITTEE DATE : 8/23/2022
326,Jinggoy Ejercito Estrada,Senator Senate of the Philippines,SBN-665,"AN ACT PROVIDING MECHANISMS THAT SHALL ENSURE THE EFFECTIVE IMPLEMENTATION OF REPUBLIC ACT NO. 10176, OTHERWISE KNOWN AS THE 'ARBOR DAY ACT OF 2012'",PENDING IN THE COMMITTEE DATE : 8/23/2022
326,Jinggoy Ejercito Estrada,Senator Senate of the Philippines,SBN-666,"AN ACT INCREASING THE RECRUITMENT QUOTA REQUIREMENT OF FEMALE PHILIPPINE NATIONAL POLICE (PNP) OFFICERS, AMENDING SECTION 58 OF REPUBLIC ACT NO. 8551, APPROPRIATING FUNDS THEREFOR, AND FOR OTHER PURPOSES",PENDING IN THE COMMITTEE DATE : 8/23/2022
326,Jinggoy Ejercito Estrada,Senator Senate of the Philippines,SBN-667,AN ACT PROVIDING FOR THE ESTABLISHMENT OF REGISTRIES OF PROFESSIONALS AND SKILLED WORKERS IN BARANGAYS AND FOR OTHER PURPOSES,PENDING IN THE COMMITTEE DATE : 8/23/2022
326,Jinggoy Ejercito Estrada,Senator Senate of the Philippines,SBN-668,"AN ACT PROVIDING FOR THE RANK CLASSIFICATION AND ORGANIZATION OF KEY POSITIONS IN THE BUREAU OF FIRE PROTECTION (BFP) AND BUREAU OF JAIL MANAGEMENT AND PENOLOGY (BJMP), AMENDING FOR THE PURPOSE REPUBLIC ACT NO. 9263, OTHERWISE KNOWN AS THE 'BUREAU OF FIRE PROTECTION AND BUREAU OF JAIL MANAGEMENT AND PENOLOGY PROFESSIONALIZATION ACT OF 2004', AS AMENDED BY REPUBLIC ACT NO. 9592, AND FOR OTHER PURPOSES",PENDING IN THE COMMITTEE DATE : 8/23/2022
326,Jinggoy Ejercito Estrada,Senator Senate of the Philippines,SBN-669,"AN ACT REGULATING THE IMPOSITION OF FEES FOR THE USE OF PARKING SPACES LOCATED WITHIN COMMERCIAL AND BUSINESS ESTABLISHMENTS, INSTITUTIONS AND OTHER PARKING FACILITIES",PENDING IN THE COMMITTEE DATE : 8/23/2022
326,Jinggoy Ejercito Estrada,Senator Senate of the Philippines,SBN-670,"AN ACT MANDATING THE SECRETARIES OF THE DEPARTMENT OF FINANCE, NATIONAL ECONOMIC AND DEVELOPMENT AUTHORITY, AND DEPARTMENT OF BUDGET AND MANAGEMENT, AND THE GOVERNOR OF THE BANGKO SENTRAL NG PILIPINAS, TO APPEAR SEMI-ANNUALLY BEFORE CONGRESS TO REPORT ON THE STATUS AND DIRECTIONS OF THE FISCAL AND MONETARY POLICIES OF THE STATE",PENDING IN THE COMMITTEE DATE : 8/23/2022
326,Jinggoy Ejercito Estrada,Senator Senate of the Philippines,SBN-671,"AN ACT EDUCATING THE PUBLIC, SENIOR CITIZENS, THEIR FAMILIES AND THEIR CAREGIVERS ON IDENTIFYING AND PREVENTING FRAUDULENT ACTIVITIES TARGETING SENIOR CITIZENS",PENDING IN THE COMMITTEE DATE : 8/23/2022
326,Jinggoy Ejercito Estrada,Senator Senate of the Philippines,SBN-672,AN ACT ESTABLISHING THE TELEVISION BROADCASTING EDUCATION PROGRAM AS AN ALTERNATIVE LEARNING SYSTEM FOR BASIC EDUCATION,PENDING IN THE COMMITTEE DATE : 8/23/2022
326,Jinggoy Ejercito Estrada,Senator Senate of the Philippines,SBN-673,AN ACT CREATING THE OFFICE OF THE MOBILITY CZAR TO COORDINATE URGENT MEASURES NECESSARY AND PROPER TO EFFECTIVELY ADDRESS THE TRANSPORT AND TRAFFIC CRISIS AND FOR OTHER PURPOSES,PENDING IN THE COMMITTEE DATE : 8/23/2022
326,Jinggoy Ejercito Estrada,Senator Senate of the Philippines,SBN-674,AN ACT PROVIDING FOR GOVERNMENT FINANCIAL INSTITUTIONS UNIFIED INITIATIVES TO DISTRESSED ENTERPRISES FOR ECONOMIC RECOVERY (GUIDE),PENDING IN THE COMMITTEE DATE : 8/23/2022
326,Jinggoy Ejercito Estrada,Senator Senate of the Philippines,SBN-675,"AN ACT ESTABLISHING THE YOUNG FARMERS AND FISHERFOLK CHALLENGE PROGRAM, CREATING FOR THE PURPOSE THE YOUNG FARMERS AND FISHERFOLK CHALLENGE COUNCIL, AND APPROPRIATING FUNDS THEREFOR",PENDING IN THE COMMITTEE DATE : 8/23/2022
326,Jinggoy Ejercito Estrada,Senator Senate of the Philippines,SBN-676,"AN ACT STRENGTHENING THE COMMISSION ON HIGHER EDUCATION, REPEALING FOR THE PURPOSE REPUBLIC ACT NO. 7722, OTHERWISE KNOWN AS THE 'HIGHER EDUCATION ACT OF 1994', AND FOR OTHER PURPOSES",PENDING IN THE COMMITTEE DATE : 8/23/2022
326,Jinggoy Ejercito Estrada,Senator Senate of the Philippines,SBN-677,AN ACT INSTITUTIONALIZING THE GRANT OF A TEACHING SUPPLIES ALLOWANCE FOR PUBLIC SCHOOL TEACHERS AND APPROPRIATING FUNDS THEREFOR,PENDING IN THE COMMITTEE DATE : 8/23/2022
326,Jinggoy Ejercito Estrada,Senator Senate of the Philippines,SBN-678,AN ACT INSTITUTIONALIZING THE EXPANDED CAREER PROGRESSION SYSTEM FOR PUBLIC SCHOOL TEACHERS,PENDING IN THE COMMITTEE DATE : 8/23/2022
326,Jinggoy Ejercito Estrada,Senator Senate of the Philippines,SBN-679,"AN ACT CREATING THE PHILIPPINE CENTER FOR DISEASE CONTROL AND PREVENTION, DEFINING ITS POWERS AND FUNCTIONS, AND FOR OTHER PURPOSES","CONSOLIDATED/SUBSTITUTED IN THE COMMITTEE REPORT DATE : 2/13/2023
Committee Report No.:28 Date:2/13/2023 SUBSTITUTED BY SBN-1869
UNDER COMMITTEE REPORT NO. 28."
326,Jinggoy Ejercito Estrada,Senator Senate of the Philippines,SBN-680,AN ACT REQUIRING DISASTER-RELATED INFORMATION TO BE STATED IN ACCESSIBLE LANGUAGE TO ENSURE PUBLIC UNDERSTANDING THEREOF TO PROTECT PUBLIC HEALTH AND SAFETY,PENDING IN THE COMMITTEE DATE : 8/23/2022
326,Jinggoy Ejercito Estrada,Senator Senate of the Philippines,SBN-681,"AN ACT PROVIDING FREE LEGAL ASSISTANCE TO ANY OFFICER OR ENLISTED PERSONNEL OF THE ARMED FORCES OF THE PHILIPPINES AND THE PHILIPPINE NATIONAL POLICE ON ANY CHARGE BEFORE THE PROSECUTOR'S OFFICE, COURT OR ANY COMPETENT BODY ARISING FROM AN INCIDENT OR INCIDENTS RELATED TO THE PERFORMANCE OF OFFICIAL DUTY",PENDING IN THE COMMITTEE DATE : 8/23/2022
326,Jinggoy Ejercito Estrada,Senator Senate of the Philippines,SBN-682,"AN ACT PROVIDING FOR THE DEVELOPMENT OF A NATIONAL DEFENSE INDUSTRY THROUGH THE STRENGTHENING AND REVITALIZING OF THE SELF RELIANT DEFENSE POSTURE (SRDP) PROGRAM, INCENTIVIZING IN COUNTRY ENTERPRISES, RATIONALIZING DEFENSE ACQUISITION, AND CREATING THE OFFICE OF THE UNDERSECRETARY FOR DEFENSE TECHNOLOGY RESEARCH AND INDUSTRY DEVELOPMENT UNDER THE DEPARTMENT OF NATIONAL DEFENSE, AND PROVIDING FUNDS THEREFOR",PENDING IN THE COMMITTEE DATE : 8/23/2022
326,Jinggoy Ejercito Estrada,Senator Senate of the Philippines,SBN-683,"AN ACT RATIONALIZING THE DISABILITY PENSION OF VETERANS, AMENDING FOR THE PURPOSE REPUBLIC ACT NO. 6948, ENTITLED, 'AN ACT STANDARDIZING AND UPGRADING THE BENEFITS FOR MILITARY VETERANS AND THEIR BENEFICIARIES,' AS AMENDED","CONSOLIDATED/SUBSTITUTED IN THE COMMITTEE REPORT DATE : 11/21/2022
Committee Report No.:11 Date:11/8/2022 SUBSTITUTED BY SBN-1480
UNDER COMMITTEE REPORT NO. 11."
326,Jinggoy Ejercito Estrada,Senator Senate of the Philippines,SBN-790,AN ACT ESTABLISHING THE NATIONAL MARICULTURE PROGRAM AND PROVIDING FUNDS THEREFOR,PENDING IN THE COMMITTEE DATE : 8/30/2022
326,Jinggoy Ejercito Estrada,Senator Senate of the Philippines,SBN-791,"AN ACT CREATING THE DEPARTMENT OF DISASTER RESILIENCE, DEFINING ITS MANDATE, POWERS AND FUNCTIONS, AND APPROPRIATING FUNDS THEREFOR",PENDING IN THE COMMITTEE DATE : 8/30/2022
326,Jinggoy Ejercito Estrada,Senator Senate of the Philippines,SBN-792,"AN ACT TO RESTRUCTURE AND RATIONALIZE THE LIVESTOCK INDUSTRY IN ORDER TO STRENGTHEN ITS DEVELOPMENT, PROTECTION AND REGULATORY FUNCTIONS, INCLUDING THE PROMOTION OF DAIRY AND NATIVE ANIMALS, AND TO PROVIDE FOR A LIVESTOCK DEVELOPMENT FUND, AND FOR OTHER PURPOSES",PENDING IN THE COMMITTEE DATE : 8/30/2022
326,Jinggoy Ejercito Estrada,Senator Senate of the Philippines,SBN-793,"AN ACT TO DEVELOP A NATIONAL QUALITY POLICY DEFINING THE PHILIPPINE NATIONAL QUALITY INFRASTRUCTURE (NQI) THEREOF, CREATING FOR THIS PURPOSE THE PHILIPPINE NATIONAL QUALITY INFRASTRUCTURE COORDINATING COUNCIL",PENDING IN THE COMMITTEE DATE : 8/30/2022
326,Jinggoy Ejercito Estrada,Senator Senate of the Philippines,SBN-794,"AN ACT GRANTING HAZARD PAY TO ALL
DULY-APPOINTED BARANGAY TANOD BRIGADES DURING THEIR INCUMBENCY, APPROPRIATING FUNDS THEREFOR",PENDING IN THE COMMITTEE DATE : 8/30/2022
326,Jinggoy Ejercito Estrada,Senator Senate of the Philippines,SBN-795,"AN ACT AMENDING SECTION 6 OF REPUBLIC ACT NO. 1379, OTHERWISE KNOWN AS THE FORFEITURE LAW, TO PROVIDE A FIXED PERCENTAGE OF THE VALUE OF FORFEITED PROPERTIES IN CORRUPTION CASES AS ADDITIONAL FUNDING FOR THE OFFICE OF THE OMBUDSMAN AND FOR OTHER PURPOSES",PENDING IN THE COMMITTEE DATE : 8/30/2022
326,Jinggoy Ejercito Estrada,Senator Senate of the Philippines,SBN-796,AN ACT TO INSTITUTE THE NATIONAL COMMISSION ON THE FAMILY AND FOR OTHER PURPOSES,PENDING IN THE COMMITTEE DATE : 8/30/2022
326,Jinggoy Ejercito Estrada,Senator Senate of the Philippines,SBN-797,"AN ACT ESTABLISHING MATERNAL AND INFANT HOME VISITATION PROGRAM, AND FOR OTHER PURPOSES",PENDING IN THE COMMITTEE DATE : 8/30/2022
326,Jinggoy Ejercito Estrada,Senator Senate of the Philippines,SBN-798,"AN ACT AMENDING CERTAIN SECTIONS REPUBLIC ACT NUMBER SEVEN THOUSAND THREE HUNDRED AND FIVE (R.A. 7305) OTHERWISE KNOWN AS THE MAGNA CARTA OF PUBLIC HEALTH WORKERS, AND FOR OTHER PURPOSES",PENDING IN THE COMMITTEE DATE : 8/30/2022
326,Jinggoy Ejercito Estrada,Senator Senate of the Philippines,SBN-799,AN ACT CREATING A LOCAL HOUSING BOARD IN ALL CITIES AND FIRST TO THIRD CLASS MUNICIPALITIES/ PROVIDING FOR ITS POWERS AND FUNCTIONS/ AND FOR OTHER PURPOSES,PENDING IN THE COMMITTEE DATE : 8/30/2022
326,Jinggoy Ejercito Estrada,Senator Senate of the Philippines,SBN-800,"AN ACT REQUIRING ALL NATIONAL, REGIONAL, AND PROVINCIAL GOVERNMENT HOSPITALS TO ESTABLISH, OPERATE AND MAINTAIN A DIALYSIS CENTERS IN THEIR RESPECTIVE HOSPITAL AND PROVIDING FREE DIALYSIS TREATMENT TO INDIGENT PATIENTS",PENDING IN THE COMMITTEE DATE : 8/30/2022
326,Jinggoy Ejercito Estrada,Senator Senate of the Philippines,SBN-801,"AN ACT ESTABLISHING A COMPREHENSIVE AND INTEGRATED NATIONAL POLICY AND PROGRAM GUIDELINES FOR THE OPERATION AND MAINTENANCE OF DORMITORIES AND BOARDING HOUSES, PROVIDING PENALTIES THEREFOR, AND FOR OTHER PURPOSES",PENDING IN THE COMMITTEE DATE : 8/30/2022
326,Jinggoy Ejercito Estrada,Senator Senate of the Philippines,SBN-802,"AN ACT TO ERADICATE MOBILE PHONE-AIDED TERRORISM AND CRIMINAL ACTIVITIES, MANDATING FOR THIS PURPOSE OWNERSHIP REGISRATION
OF ALL SIM CARDS FOR CELLULAR PHONES","CONSOLIDATED/SUBSTITUTED IN THE COMMITTEE REPORT DATE : 9/13/2022
Committee Report No.:5 Date:9/13/2022 SUBSTITUTED BY SBN-1310
UNDER COMMITTEE REPORT NO. 5, WHICH BECAME REPUBLIC ACT NO. 11934 ON OCTOBER 10, 2022."
326,Jinggoy Ejercito Estrada,Senator Senate of the Philippines,SBN-803,AN ACT PROMOTING THE ADOPTION OF DIGITAL PAYMENTS FOR FINANCIAL TRANSACTIONS OF THE GOVERNMENT AND ALL MERCHANTS AND FOR OTHER PURPOSES,PENDING IN THE COMMITTEE DATE : 8/30/2022
326,Jinggoy Ejercito Estrada,Senator Senate of the Philippines,SBN-804,"AN ACT ENHANCING THE REGULATION ON EMPLOYMENT OF FOREIGN NATIONALS AND TRANSFER OF TECHNOLOGY, AMENDING FOR THE PURPOSE ARTICLES 40, 41 AND 42 OF PRESIDENTIAL DECREE NO. 442, AS AMENDED, OTHERWISE KNOWN AS THE LABOR CODE OF THE PHILIPPINES AND FOR OTHER PURPOSES",PENDING IN THE COMMITTEE DATE : 8/30/2022
326,Jinggoy Ejercito Estrada,Senator Senate of the Philippines,SBN-805,AN ACT DECLARING THE FIRST DAY OF FEBRUARY OF EVERY YEAR AS NATIONAL HIJAB DAY AND PROMOTING AN UNDERSTANDING OF THE MUSLIM TRADITION OF WEARING A HIJAB,"CONSOLIDATED/SUBSTITUTED IN THE COMMITTEE REPORT DATE : 11/7/2022
Committee Report No.:8 Date:10/20/2022 SUBSTITUTED BY SBN-1410
UNDER COMMITTEE REPORT NO. 8."
326,Jinggoy Ejercito Estrada,Senator Senate of the Philippines,SBN-806,"AN ACT PROTECTING CONSUMERS AND MERCHANTS ENGAGED IN INTERNET TRANSACTIONS, CREATING FOR THIS PURPOSE THE E-COMMERCE
BUREAU, APPROPRIATING FUNDS THEREFOR, AND FOR OTHER PURPOSES","CONSOLIDATED/SUBSTITUTED IN THE COMMITTEE REPORT DATE : 2/7/2023
Committee Report No.:22 Date:2/6/2023
SUBSTITUTED BY SBN-1846 UNDER COMMITTEE REPORT NO. 22."
326,Jinggoy Ejercito Estrada,Senator Senate of the Philippines,SBN-807,"AN ACT PROVIDING FOR THE ESTABLISHMENT OF BREAST CARE CENTERS IN EVERY REGION NATIONWIDE, APPROPRIATING FUNDS THEREFORE AND FOR OTHER PURPOSES",PENDING IN THE COMMITTEE DATE : 8/30/2022
326,Jinggoy Ejercito Estrada,Senator Senate of the Philippines,SRN-110,"RESOLUTION COMMENDING AND CONGRATULATING THE PHILIPPINE CONTINGENT TO THE 11TH ASEAN PARA GAMES HELD IN SURAKARTA, INDONESIA FROM JULY 30 TO AUGUST 6, 2022, FOR A TRIUMPHANT CAMPAIGN AND FOR DELIVERING THE COUNTRY'S BEST PERFORMANCE IN THE BIENNIAL REGIONAL GAMES",PENDING IN THE COMMITTEE DATE : 8/16/2022
326,Jinggoy Ejercito Estrada,Senator Senate of the Philippines,SRN-131,"RESOLUTION EXPRESSING THE PROFOUND SYMPATHY AND SINCERE CONDOLENCES OF THE SENATE OF THE PHILIPPINES ON THE DEATH OF LYDIA DE VEGA-MERCADO, ASIA'S FASTEST WOMAN, TRACK AND FIELD LEGEND, AND FILIPINO SPORTS ICON",CONSOLIDATED WITH ADOPTED RESOLUTION DATE : 8/15/2022
326,Jinggoy Ejercito Estrada,Senator Senate of the Philippines,SRN-171,"RESOLUTION COMMENDING AND CONGRATULATING THE BAGUIO GENERAL HOSPITAL AND MEDICAL CENTER, QUIRINO MEMORIAL MEDICAL CENTER, MAKATI MEDICAL CENTER, GOVERNOR CELESTINO GALLARES MEMORIAL HOSPITAL, NORTHERN MINDANAO MEDICAL CENTER, PHILIPPINE GENERAL HOSPITAL, CORAZON LOCSIN MONTELIBANO MEMORIAL REGIONAL HOSPITAL, GREENCITY MEDICAL CENTER, JOSE R. REYES MEMORIAL MEDICAL CENTER AND MANILA DOCTORS HOSPITAL FOR GARNERING AWARDS AND RECOGNITION FROM THE WORLD STROKE ORGANIZATION (WSO) ANGELS INITIATIVES AWARDS AND TO THE PHILIPPINE HEART CENTER FOR HAVING BEEN CONFERRED THE DIAMOND STATUS, FOR THE THIRD TIME, BY THE ACCREDITATION CANADA INTERNATIONAL
(ACI), THEREBY GIVING HONOR AND PRIDE TO THE PHILIPPINE HOSPITAL AND MEDICAL HEALTH CARE SYSTEM AND PROFESSION",PENDING IN THE COMMITTEE DATE : 9/6/2022
326,Jinggoy Ejercito Estrada,Senator Senate of the Philippines,SRN-222,RESOLUTION COMMENDING AND CONGRATULATING OUR NATIONAL PRIDE FILIPINO POLE VAULTER ERNEST JOHN ''EJ'' OBIENA FOR HIS WINNING STREAK IN INTERNATIONAL COMPEHTIONS AND FOR A SUCCESSFUL 2022 CAMPAIGN,"CONSOLIDATED WITH ADOPTED RESOLUTION DATE : 9/19/2022
Consolidated with SRN-212 which was adopted as RESOLUTION
NO. 18."
326,Jinggoy Ejercito Estrada,Senator Senate of the Philippines,SRN-258,"RESOLUTION DIRECTING THE APPROPRIATE SENATE COMMITTEE TO CONDUCT AN INQUIRY, IN AID OF LEGISLATION AND IN THE EXERCISE OF THE SENATE'S OVERSIGHT POWERS, ON THE ATTEMPTED ESCAPE OF THREE DETAINEES AND THE SUBSEQUENT HOSTAGE-TAKING INCIDENT INSIDE THE CUSTODIAL CENTER OF THE PHILIPPINE NATIONAL POLICE IN CAMP CRAME, QUEZON CITY, WITH THE END VIEW OF ENSURING THE ENFORCEMENT OF ADEQUATE SECURITY AND SAFETY MEASURES INSIDE THE PNP DETENTION FACILITIES AND THE PREVENTION OF ANY UNTOWARD AND VIOLENT INCIDENTS WITHIN THEIR PREMISES",PENDING IN THE COMMITTEE DATE : 11/7/2022
326,Jinggoy Ejercito Estrada,Senator Senate of the Philippines,SRN-266,"RESOLUTION URGING THE APPROPRIATE SENATE COMMITTEE TO CONDUCT AN INQUIRY, IN AID OF LEGISLATION, ON THE REPORTED UPSURGE IN CHOLERA CASES IN THE COUNTRY, WITH THE  END VIEW OF REVIEWING EXISTING POLICIES AND STRENGTHENING LAWS TO PREVENT AND MITIGATE THE OUTBREAK OF THE DISEASE",PENDING IN THE COMMITTEE DATE : 11/21/2022
326,Jinggoy Ejercito Estrada,Senator Senate of the Philippines,SRN-308,"RESOLUTION COMMENDING AND CONGRATULATING THE NATIONAL YOUTH CHESS TEAM FOR EMERGING AS THE OVERALL CHAMPION IN THE EASTERN ASIA YOUTH CHESS CHAMPIONSHIP HELD IN BANGKOK, THAILAND FROM NOVEMBER 4-12, 2022","CONSOLIDATED WITH ADOPTED RESOLUTION DATE : 12/7/2022
CONSOLIDATED WITH SRN-304,
WHICH WAS ADOPTED AS RESOLUTION NO. 34."
326,Jinggoy Ejercito Estrada,Senator Senate of the Philippines,SRN-309,"RESOLUTION COMMENDING AND CONGRATULATING FILIPINO BOXERS CARLO PAALAM, NESTHY PETECIO AND HERGIE BACYADAN FOR WINNING MEDALS IN THE ASIAN BOXING CONFEDERATION (ASBC) ASIAN ELITE MEN AND WOMEN BOXING CHAMPIONSHIPS HELD IN AMMAN, JORDAN",PENDING IN THE COMMITTEE DATE : 11/28/2022
326,Jinggoy Ejercito Estrada,Senator Senate of the Philippines,SRN-341,"RESOLUTION COMMENDING AND CONGRATULATING FILIPINO DIRECTOR JUN ROBLES LANA FOR WINNING THE BEST FILM AWARD FROM THE CRITICS' PICKS COMPETITION OF THE 26TH TALLINN BLACK NIGHTS FILM FESTIVAL HELD FROM NOVEMBER 11 TO 27, 2022",PENDING IN THE COMMITTEE DATE : 12/6/2022
326,Jinggoy Ejercito Estrada,Senator Senate of the Philippines,SRN-345,"RESOLUTION EXPRESSING THE PROFOUND SYMPATHY AND SINCERE CONDOLENCES OF THE SENATE OF THE PHILIPPINES ON THE DEATH OF SINGER AND ACTRESS SYLVIA LA TORRE DE TAGLE, QUEEN OF KUNDIMAN AND FIRST
LADY OF PHILIPPINE TELEVISION",PENDING IN THE COMMITTEE DATE : 12/6/2022
326,Jinggoy Ejercito Estrada,Senator Senate of the Philippines,SRN-379,"RESOLUTION COMMENDING AND CONGRATULATING FILIPINO OLYMPIC GOLD MEDALIST AND WEIGHTLIFTER HIDILYN DIAZ-NARANJO FOR
WINNING THREE GOLD MEDALS AND BECOMING A WORLD CHAMPION IN THE WOMEN?S 55-KG CATEGORY AT THE IWF WORLD
WEIGHTLIFTING CHAMPIONSHIPS HELD IN BOGOTA, COLOMBIA FROM DECEMBER 05 TO 16,
2022",PENDING IN THE COMMITTEE DATE : 12/14/2022
326,Jinggoy Ejercito Estrada,Senator Senate of the Philippines,SRN-392,"RESOLUTION DIRECTING THE APPROPRIATE SENATE COMMITTEE/S TO CONDUCT AN INQUIRY, IN AID OF URGENT REMEDIAL LEGISLATION, ON THE REPORTED POWER OUTAGE AND TECHNICAL ISSUES IN THE NINOY AQUINO INTERNATIONAL AIRPORT (NAIA) ON JANUARY 1, 2023 WHICH RESULTED IN THE CANCELLATION OF HUNDREDS OF FLIGHTS, INCONVENIENCE OF THOUSANDS OF PASSENGERS, AND THE SHUTDOWN OF PHILIPPINE AIRSPACE, THEREBY FURTHER ADVERSELY IMPACTING THE IMAGE OF THE COUNTRY AS A TOURISM DESTINATION, AND HURTING THE NATIONAL ECONOMY",PENDING IN THE COMMITTEE DATE : 1/31/2023
326,Jinggoy Ejercito Estrada,Senator Senate of the Philippines,SRN-393,"RESOLUTION CONGRATULATING AND COMMENDING THE PHILIPPINE CONTINGENT TO THE 2022 ASIAN KICKBOXING CHAMPIONSHIPS HELD IN BANGKOK, THAILAND FOR WINNING FOUR (4) GOLD, ONE (1) SILVER, AND SIX (6) BRONZE MEDALS",PENDING IN THE COMMITTEE DATE : 1/31/2023
326,Jinggoy Ejercito Estrada,Senator Senate of the Philippines,SRN-416,"RESOLUTION COMMENDING AND CONGRATULATING DAVID DEMITRI AFRICA AND TOBI LEUNG OF THE ATENEO DE MANILA UNIVERSITY FOR WINNING THE WORLD UNIVERSITIES DEBATING CHAMPIONSHIP (WUDC) 2023 LAST JANUARY 3, 2023 IN MADRID, SPAIN",PENDING IN THE COMMITTEE DATE : 2/6/2023
326,Jinggoy Ejercito Estrada,Senator Senate of the Philippines,SRN-57,"RESOLUTION COMMENDING AND CONGRATULATING THE PHILIPPINE WOMEN'S NATIONAL FOOTBALL TEAM FOR THEIR HISTORIC WIN AT THE ASEAN FOOTBALL FEDERATION (AFF) WOMEN'S CHAMPIONSHIP HELD LAST JULY 17, 2022",PENDING IN THE COMMITTEE DATE : 8/9/2022
332,Grace L. Poe,Senator Senate of the Philippines,SRN-198,RESOLUTION EXPRESSING THE PROFOUND SYMPATHY AND SINCERE CONDOLENCES OF THE SENATE OF THE PHILIPPINES ON THE DEATH OF QUEEN ELIZABETH II OF THE UNITED KINGDOM OF GREAT BRITAIN AND NORTHERN IRELAND,
332,Grace L. Poe,Senator Senate of the Philippines,SBN-100,AN ACT IMPLEMENTING THE PEOPLE'S RIGHT TO INFORMATION AND THE CONSTITUTIONAL POLICIES OF FULL PUBLIC DISCLOSURE AND HONESTY IN THE PUBLIC SERVICE AND FOR OTHER PURPOSES,
332,Grace L. Poe,Senator Senate of the Philippines,SBN-102,"AN ACT ESTABLISHING THE NATIONAL FRAMEWORK FOR WATER RESOURCE MANAGEMENT AND CREATING THE DEPARTMENT OF WATER RESOURCES AND THE WATER REGULATORY COMMISSION, DEFINING THEIR MANDATE, POWERS AND FUNCTIONS, APPROPRIATING FUNDS THEREFOR, AND FOR OTHER PURPOSES",
332,Grace L. Poe,Senator Senate of the Philippines,SBN-103,"AN ACT REORGANIZING AND STRENGTHENING THE DISASTER RISK REDUCTION AND MANAGEMENT SYSTEM OF THE PHILIPPINES, ESTABLISHING FOR THE PURPOSE THE DEPARTMENT OF DISASTER RESILIENCE AND EMERGENCY MANAGEMENT, EMPOWERING THE REGIONAL FIELD OFFICES, ESTABLISHING COORDINATING MECHANISMS, STRENGTHENING COMMUNITY PARTICIPATION, APPROPRIATING FUNDS THEREFOR, AND FOR OTHER PURPOSES",
332,Grace L. Poe,Senator Senate of the Philippines,SBN-104,"AN ACT ALLOWING AND REGULATING THE USE OF MOTORCYCLES AS PUBLIC UTILITY VEHICLES, AMENDING FOR THIS PURPOSE REPUBLIC ACT NO. 4136, OTERWISE KNOWN AS THE LAND TRANSPORTATION AND TRAFFIC CODE, AND FOR OTHER PURPOSES",
332,Grace L. Poe,Senator Senate of the Philippines,SBN-105,"AN ACT PROVIDING FOR A JUST AND HUMANE PUBLIC UTILITY VEHICLE (PUV) MODERNIZATION PROGRAM, WITH TRANSITORY ASSISTANCE AND SERVICES RENDERED TO PUV DRIVERS, OPERATORS AND STAKEHOLDERS, APPROPRIATING FUNDS THEREFOR, AND FOR OTHER PURPOSES",
332,Grace L. Poe,Senator Senate of the Philippines,SBN-106,"AN ACT PROVIDING A FRAMEWORK FOR A COMMUTER-CENTERED TRANSPORTATION POLICY, APPROPRIATING FUNDS THEREFORE, AND FOR OTHER PURPOSES",
332,Grace L. Poe,Senator Senate of the Philippines,SBN-1064,"AN ACT STRENGTHENING THE FORFEITURE POWERS OF THE STATE, AMENDING FOR THE PURPOSE CERTAIN PROVISIONS OF REPUBLIC ACT NO. 1379, OTHERWISE KNOWN AS ?AN ACT DECLARING FORFEITURE IN FAVOR OF THE STATE ANY PROPERTY FOUND TO HAVE BEEN UNLAWFULLY ACQUIRED BY ANY PUBLIC OFFICER OR EMPLOYEE AND PROVIDING FOR THE PROCEEDINGS THEREFOR?",
332,Grace L. Poe,Senator Senate of the Philippines,SBN-1065,AN ACT ESTABLISHING INFORMATION AND COMMUNICATIONS TECHNOLOGY (ICT) HUBS NATIONWIDE,
332,Grace L. Poe,Senator Senate of the Philippines,SBN-1066,"AN ACT GRANTING SENIOR CITIZENS A MINIMUM OF FIVE PERCENT (5%) DISCOUNT ON THE FIRST 150 KILOWATT HOURS OF ELECTRICITY CONSUMPTION AND ON THE FIRST 50 CUBIC METERS OF WATER CONSUMPTION, AND EXEMPTION FROM THE VALUE-ADDED TAX (VAT), AMENDING FOR THIS PURPOSE REPUBLIC ACT NO. 9994, OTHERWISE KNOWN AS THE ?EXPANDED SENIOR CITIZENS? ACT OF 2010'",
332,Grace L. Poe,Senator Senate of the Philippines,SBN-1067,"AN ACT STRENGTHENING THE INTERNAL AFFAIRS SERVICE OF THE PHILIPPINE NATIONAL POLICE, AMENDING FOR THIS PURPOSE CERTAIN PROVISIONS OF REPUBLIC ACT NO. 6975, AS AMENDED BY REPUBLIC ACT NO. 8551, AND FOR OTHER PURPOSES",
332,Grace L. Poe,Senator Senate of the Philippines,SBN-1068,"AN ACT AMENDING REPUBLIC ACT NO. 1405, OTHERWISE KNOWN AS THE SECRECY OF BANK DEPOSITS LAW",
332,Grace L. Poe,Senator Senate of the Philippines,SBN-1069,"AN ACT CREATING A VACCINE AND HEALTH PASSPORT PROGRAM, AMENDING FOR THIS PURPOSE REPUBLIC ACT NO. 11525, OTHERWISE KNOWN AS THE COVID-19 VACCINATION PROGRAM ACT OF 2021, AND PROVIDING FUNDS THEREFOR",
332,Grace L. Poe,Senator Senate of the Philippines,SBN-107,"AN ACT TO REGULATE THE RATIONAL EXPLORATION, DEVELOPMENT AND UTILIZATION OF MINERAL RESOURCES, AND TO ENSURE THE EQUITABLE SHARING OF BENEFITS FOR THE STATE, INDIGENOUS PEOPLES AND LOCAL COMMUNITIES, AND FOR OTHER PURPOSES",
332,Grace L. Poe,Senator Senate of the Philippines,SBN-1070,"AN ACT ERADICATING ABUSIVE CONTRACTUALIZATION PRACTICES AND PENALIZING EMPLOYERS AND CONTRACTORS WHO COMMIT SUCH ABUSES, BY AMENDING FOR THIS PURPOSE BOOK THREE, TITLE TWO AND BOOK SIX, TITLE I OF PRESIDENTIAL DECREE NO. 442, OTHERWISE KNOWN AS THE LABOR CODE OF THE PHILIPPINES, AS AMENDED",
332,Grace L. Poe,Senator Senate of the Philippines,SBN-1071,"AN ACT PROVIDING A UNIFIED SYSTEM OF EXTENDING AND PROCESSING SCHOLARSHIP GRANTS, STUDENT LOAN PROGRAMS, SUBSIDIES, BURSARIES AND OTHER FINANCIAL SUPPORT WINDOWS FOR THE FILIPINO YOUTH, THEREBY ESTABLISHING THE NATIONAL SCHOLARSHIP COMMISSION, PROVIDING FUNDS THEREFOR AND FOR OTHER PURPOSES",
332,Grace L. Poe,Senator Senate of the Philippines,SBN-1072,"AN ACT STRENGTHENING THE INSTITUTIONAL CAPACITY OF THE OFFICE OF THE OMBUDSMAN BY AMENDING CERTAIN PROVISIONS OF REPUBLIC ACT 6770, OTHERWISE KNOWN AS ?THE OMBUDSMAN ACT OF 1989,? AND PROVIDING FUNDS THEREFOR",
332,Grace L. Poe,Senator Senate of the Philippines,SBN-1073,"AN ACT CREATING THE PHILIPPINE AIRPORTS AUTHORITY, DEFINING ITS POWERS, FUNCTIONS AND RESPONSIBILITIES, PROVIDING FUNDS THEREFOR, AND FOR OTHER PURPOSES",
332,Grace L. Poe,Senator Senate of the Philippines,SBN-1074,"AN ACT BROADENING THE OPPORTUNITIES OF FILIPINO YOUTH BY ALLOWING GRADUATES OF K-12 ENHANCED EDUCATION IN THE PHILIPPINE NATIONAL POLICE, AMENDING FOR THE PURPOSE
THE PNP LAW, R.A. 6975 AS AMENDED BY R.A. 8551",
332,Grace L. Poe,Senator Senate of the Philippines,SBN-1075,"AN ACT EXPANDING THE BENEFITS OF THE SOCIAL SECURITY SYSTEM TO PROVIDE FOR UNEMPLOYMENT BENEFITS, AMENDING FOR THIS PURPOSE REPUBLIC ACT NO. 8282, OTHERWISE KNOWN AS THE SOCIAL SECURITY ACT OF 1997",
332,Grace L. Poe,Senator Senate of the Philippines,SBN-108,"AN ACT PROHIBITING DISCRIMINATION ON THE BASIS OF AGE, INDIGENOUS, RACIAL OR ETHNIC ORIGIN, RELIGIOUS BELIEF OR ACTIVITY, POLITICAL INCLINATION OR CONVICTION, SOCIAL CLASS, SEX, GENDER, SEXUAL ORIENTATION, SEX CHARACTERISTICS, GENDER IDENTITY, GENDER EXPRESSION, MARITAL OR RELATIONSHIP STATUS, DISABILITY, HIV STATUS, PROFESSION OR OCCUPATION, HEALTH STATUS OR MEDICAL HISTORY, LANGUAGE, PHYSICAL FEATURES, AND OTHER STATUS, AND PROVIDING PENALTIES THEREFORE",
332,Grace L. Poe,Senator Senate of the Philippines,SBN-1121,"AN ACT CREATING A PHILIPPINE TRANSPORTATION SAFETY BOARD, PRESCRIBING ITS POWERS AND FUNCTIONS, AND APPROPRIATING FUNDS THEREOF",
332,Grace L. Poe,Senator Senate of the Philippines,SBN-1279,AN ACT GRANTING PHILIPPINE CITIZENSHIP TO JUVENAL SANSO,
332,Grace L. Poe,Senator Senate of the Philippines,SBN-329,AN ACT REQUIRING ALL PUBLIC TELECOMMUNICATIONS ENTITIES AND INTERNET SERVICE PROVIDERS IN THE COUNTRY TO INCREASE SERVICE COVERAGE AND DELIVER A MINIMUM STANDARD FOR INTERNET CONNECTION SPEED,
332,Grace L. Poe,Senator Senate of the Philippines,SBN-330,"AN ACT TO ENSURE EASIER COMMUTING BY ESTABLISHING A NETWORK OF SUSTAINABLE ELEVATED WALKWAYS ALONG ALL MAJOR PUBLIC THOROUGHFARES IN HIGH DENSITY URBAN AREAS, ESTABLISHING APPROPRIATE INFRASTRUCTURE AND FACILITIES, APPROPRIATING FUNDS THEREFOR, AND FOR OTHER PURPOSES",
332,Grace L. Poe,Senator Senate of the Philippines,SBN-331,"AN ACT TO PROMOTE THE USE OF BICYCLES AS AN ALTERNATIVE MODE OF TRANSPORTATION, ESTABLISHING APPROPRIATE INFRASTRUCTURE AND FACILITIES, APPROPRIAITNG FUNDS THEREFOR, AND FOR OTHER PURPOSES",
332,Grace L. Poe,Senator Senate of the Philippines,SBN-332,AN ACT FURTHER STRENGTHENING THE SYSTEM OF BIRTH REGISTRATION OF CHILDREN IN NEED OF SPECIAL PROTECTION (CNSP) IN THE PHILIPPINES,
332,Grace L. Poe,Senator Senate of the Philippines,SBN-333,"AN ACT PROVIDING FOR A MAGNA CARTA FOR TRICYCLE DRIVERS AND OPERATORS, INSTITUTIONALIZING MECHANISMS FOR ITS IMPLEMENTATION, AND FOR OTHER PURPOSES",
332,Grace L. Poe,Senator Senate of the Philippines,SBN-334,"AN ACT ESTABLISHING THE E-GOVERNMENT, DEFINING ITS POWERS AND FUNCTIONS, APPROPRIATING FUNDS THEREFOR, AND FOR OTHER PURPOSES",
332,Grace L. Poe,Senator Senate of the Philippines,SBN-335,"AN ACT GRANTING THE PRESIDENT OF THE PHILIPPINES THE POWER TO SUSPEND THE SCHEDULED INCREASES IN PHILHEALTH PREMIUM CONTRIBUTION RATES, AMENDING FOR THE PURPOSE REPUBLIC ACT NO. 11223, OTHERWISE KNOWN AS THE 'UNIVERSAL HEALTH CARE ACT'",
332,Grace L. Poe,Senator Senate of the Philippines,SBN-336,"AN ACT REGULATING THE USE OF BANK ACCOUNTS, E-WALLETS, AND OTHER FINANCIAL ACCOUNTS, PROVIDING PENALTIES THEREFOR AND FOR OTHER PURPOSES",
332,Grace L. Poe,Senator Senate of the Philippines,SBN-337,AN ACT PROVIDING A FRAMEWORK FOR THE RIGHT TO ADEQUATE FOOD,
332,Grace L. Poe,Senator Senate of the Philippines,SBN-338,"AN ACT PROVIDING FOR A MAGNA CARTA FOR WORKERS, ENTERPRISES AND  ORGANIZATIONS IN THE INFORMAL ECONOMY, INSTITUTIONALIZING MECHANISMS FOR IMPLEMENTATION THEREOF, AND FOR OTHER PURPOSES",
332,Grace L. Poe,Senator Senate of the Philippines,SBN-531,"AN ACT ENCOURAGING YOUTH SECTOR PARTICIPATION IN THE AGRICULTURAL SECTOR, ESTABLISHING FOR THE PURPOSE A 'TULONG KABATAAN SA AGRIKULTURA PROGRAM' AND A 'TULONG KABATAAN SA AGRIKULTURA TRUST FUND', APPROPRIATING FUNDS THEREFOR, AND FOR OTHER PURPOSES",
332,Grace L. Poe,Senator Senate of the Philippines,SBN-532,"AN ACT TO FURTHER PROMOTE THE ADOPTION OF ROOFTOP SOLAR TECHNOLOGY AMONG RESIDENTIAL, COMMERCIAL, INDUSTRIAL, AND GOVERNMENT END-USERS, AMENDING FOR THE PURPOSE REPUBLIC ACT NO. 9513, OTHERWISE KNOWN AS THE 'RENEWABLE ENERGY ACT OF 2008', AND FOR OTHER PURPOSES",
332,Grace L. Poe,Senator Senate of the Philippines,SBN-533,AN ACT PROVIDING FOR THE MAGNA CARTA OF BARANGAY HEALTH WORKERS,
332,Grace L. Poe,Senator Senate of the Philippines,SBN-534,"AN ACT PROMOTING SUSTAINABLE AND ALTERNATIVE MODES OF TRANSPORTATION AND OTHER MOBILITY OPTIONS TO IMPROVE AIR QUALITY, INCREASE EFFICIENCY, REDUCE CONGESTION AND CONTRIBUTE TO POSITIVE HEALTH IMPACTS IN OUR SOCIETY",
332,Grace L. Poe,Senator Senate of the Philippines,SBN-535,AN ACT ENABLING BANKS TO EXPAND SERVICE DELIVERY CHANNELS THROUGH CASH AGENTS AND PROVIDING GUIDELINES THEREFOR,
332,Grace L. Poe,Senator Senate of the Philippines,SBN-536,"AN ACT TO PROMOTE THE GROWTH AND DEVELOPMENT OF SOCIAL ENTERPRISES AS A MEANS TO ALLEVIATE POVERTY, ESTABLISHING FOR THE PURPOSE THE 'POVERTY REDUCTION THROUGH SOCIAL ENTREPRENEURSHIP (PRESENT) PROGRAM', PROVIDING INCENTIVES AND BENEFITS, APPROPRIATING FUNDS THEREFOR, AND FOR OTHER PURPOSES",
332,Grace L. Poe,Senator Senate of the Philippines,SBN-537,"AN ACT DEFINING ECONOMIC SABOTAGE IN COMPUTER-RELATED OFFENSES AND AMENDING REPUBLIC ACT NO. 10175, OTHERWISE KNOWN AS THE 'CYBERCRIME PREVENTION ACT OF 2012'",
332,Grace L. Poe,Senator Senate of the Philippines,SBN-538,"AN ACT REVISING AND STRENGTHENING THE DEFINITION OF THE CRIME OF RAPE, AMENDING FOR THE PURPOSE ARTICLES 266-A, 266-B AND
266-D, AND REPEALING ARTICLE 266-C OF ACT NO.
3815, OTHERWISE KNOWN AS THE REVISED PENAL CODE, AS AMENDED, AND FOR OTHER PURPOSES",
332,Grace L. Poe,Senator Senate of the Philippines,SBN-539,AN ACT PROMOTING THE GROWTH AND DEVELOPMENT OF THE CABLE TELEVISION (CATV) AND DIRECT-TO-HOME TELEVISION (DTH) INDUSTRY AND FOR OTHER PURPOSES,
332,Grace L. Poe,Senator Senate of the Philippines,SBN-540,AN ACT INSTITUTIONALIZING SUPPORT MECHANISMS ON MATTERS OF STUDENT DISCIPLINE AND CLASSROOM MANAGEMENT FOR TEACHERS AND PERSONNEL IN TK2 PUBLIC SCHOOL SYSTEM,
332,Grace L. Poe,Senator Senate of the Philippines,SBN-541,AN ACT REGULATING CLASS SIZE AND CONDITIONS IN ALL PUBLIC SCHOOLS AND APPROPRIATING FUNDS THEREFOR,
332,Grace L. Poe,Senator Senate of the Philippines,SBN-542,AN ACT MANDATING THE INSTALLATION OF GRAY WATER TREATMENT SYSTEMS/FACILITIES IN BUILDINGS AND IMPOSING PENALTIES FOR VIOLATION THEREOF,
332,Grace L. Poe,Senator Senate of the Philippines,SBN-543,AN ACT REPEALING ARTICLE 247 OF THE REVISED PENAL CODE,
332,Grace L. Poe,Senator Senate of the Philippines,SBN-544,AN ACT STRENGTHENING NATIONAL PREPAREDNESS AND RESPONSE TO PUBLIC HEALTH EMERGENCIES BY CREATING A CENTER FOR DISEASE CONTROL,
332,Grace L. Poe,Senator Senate of the Philippines,SBN-545,"AN ACT CREATING A RAINWATER HARVESTING FACILITY FOR THE MANAGEMENT, MAINTENANCE, REGULATION, AND UTILIZATION OF RAINWATER RUNOFF, AND IMPROVEMENT OF ECOLOGICAL CHARACTERISTICS OF CATCHMENTS WITH THE END IN VIEW OF ADDRESSING FLOODING AND WATER SHORTAGE IN URBAN AND RURAL CENTERS",
332,Grace L. Poe,Senator Senate of the Philippines,SBN-546,"AN ACT ESTABLISHING AN ON-SITE, IN-CITY OR NEAR-CITY RESETTLEMENT PROGRAM FOR INFORMAL SETTLER FAMILIES IN ACCORDANCE WITH A PEOPLE'S PLAN AND MANDATING RELOCATING LOCAL GOVERNMENT UNITS TO PROVIDE OTHER BASIC SERVICES AND LIVELIHOOD  COMPONENTS IN FAVOR OF THE RECIPIENT LOCAL GOVERNMENT UNIT, AMENDING FOR THE PURPOSE REPUBLIC ACT NO. 7279, AS AMENDED, OTHERWISE KNOWN AS THE 'URBAN DEVELOPMENT AND HOUSING ACT OF 1992'",
332,Grace L. Poe,Senator Senate of the Philippines,SBN-547,"AN ACT TO FURTHER PROMOTE PROFESSIONALISM IN INFORMATION DISSEMINATION AMONG PUBLIC OFFICIALS AND EMPLOYEES BY ENSURING THAT THEY DO NOT BECOME SOURCE OF MISINFORMATION, AMENDING FOR THIS PURPOSE, PERTINENT PROVISIONS OF REPUBLIC ACT NO. 6713 OR THE 'CODE OF CONDUCT AND ETHICAL STANDARDS FOR PUBLIC OFFICIALS AND EMPLOYEES'",
332,Grace L. Poe,Senator Senate of the Philippines,SBN-548,"AN ACT DEFINING AND PROHIBITING POLITICAL DYNASTIES, PROVIDING PENALTIES THEREFOR, AND FOR OTHER PURPOSES.",
332,Grace L. Poe,Senator Senate of the Philippines,SBN-549,AN ACT IMPROVING THE DISCLOSURE AND TRANSPARENCY OF THE EXTRACTIVE INDUSTRIES,
332,Grace L. Poe,Senator Senate of the Philippines,SBN-704,AN ACT PROMOTING THE ADOPTION OF DIGITAL PAYMENTS FOR FINANCIAL TRANSACTIONS OF THE GOVERNMENT AND ALL MERCHANTS AND FOR OTHER PURPOSES,
332,Grace L. Poe,Senator Senate of the Philippines,SBN-705,"AN ACT INSTITUTIONALIZING THE IMPLEMENTATION OF THE GOVERNMENT INTERNSHIP  PROGRAM, PROVIDING FUNDS FOR ITS IMPLEMENTATION AND FOR OTHER PURPOSES",
332,Grace L. Poe,Senator Senate of the Philippines,SBN-706,"AN ACT INSTITUTIONALIZING SUSTAINABLE COASTAL TOURISM, PROVIDING MECHANISMS FOR ITS INSTITUTIONALIZATION, APPROPRIATING FUNDS THEREFOR, AND FOR OTHER PURPOSES",
332,Grace L. Poe,Senator Senate of the Philippines,SBN-707,"AN ACT GRANTING BEREAVEMENT LEAVE OF TEN
(10) DAYS WITH FULL PAY TO ALL EMPLOYEES IN THE PRIVATE AND PUBLIC SECTORS AND FOR OTHER PURPOSES",
332,Grace L. Poe,Senator Senate of the Philippines,SBN-708,"AN ACT DECLARING MAY 17 OF EVERY YEAR AS THE NATIONAL DAY AGAINST HOMOPHOBIA, BIPHOBIA, TRANSPHOBIA AND PHOBIAS FOR PERSONS OF DIVERSE SEXUAL ORIENTATION, GENDER IDENTITY OR EXPRESSION, OR SEX CHARACTERISTICS (SOGIESC)",
332,Grace L. Poe,Senator Senate of the Philippines,SBN-709,"AN ACT INCORPORATING THE VALUE OF RESPONSIBLE, FAIR AND TRUTHFUL USAGE AND ENJOYMENT OF SOCIAL MEDIA IN SCHOOLS AND UNIVERSITIES, AND FOR OTHER PURPOSES",
332,Grace L. Poe,Senator Senate of the Philippines,SBN-710,AN ACT SUPPORTING THE PRODUCTION OF PHILIPPINE INDEPENDENT FILMS BY PROVIDING INCENTIVES TO FILMMAKERS WHO ARE GIVEN HONORS IN NOTABLE INTERNATIONAL FILM COMPETITIONS,
332,Grace L. Poe,Senator Senate of the Philippines,SBN-711,"AN ACT ESTABLISHING THE SUPORTA PARA SA PRODUKTONG PILIPINO PROGRAM, APPROPRIATING FUNDS THEREFOR, AND FOR OTHER PURPOSES",
332,Grace L. Poe,Senator Senate of the Philippines,SBN-712,"AN ACT TO ESTABLISH PROGRAMS AND ACTIVITIES TO AID VICTIMS OF ELDER ABUSE, AND PROVIDE TRAINING TO HEATH AND GOVERNMENT PROFESSIONALS IN THE ASSISTANCE OF SUCH VICTIMS",
332,Grace L. Poe,Senator Senate of the Philippines,SBN-713,"AN ACT APPROPRIATING THE AMOUNT OF ONE BILLION PESOS (PHP1,OOO,OOO,OOO.OO) TO THE CANCER ASSISTANCE FUND, ESTABLISHED UNDER REPUBLIC ACT NO. 11215 OR THE 'NATIONAL INTEGRATED CANCER CONTROL ACT', FOR THE BENEFIT OF INDIGENT AND UNDERPRIVILEGED CANCER PATIENTS",
332,Grace L. Poe,Senator Senate of the Philippines,SBN-714,"AN ACT ENHANCING CITIZENS' ACCESS TO GOVERNMENT INFORMATION AND SERVICES BY REQUIRING ALL GOVERNMENT DOCUMENTS TO BE WRITTEN IN PLAIN LANGUAGE AND IF NECESSARY, TRANSLATED TO LOCAL LANGUAGE OR DIALECT",
332,Grace L. Poe,Senator Senate of the Philippines,SBN-715,"AN ACT INSTITUTING A NATIONAL COMPREHENSIVE FRAMEWORK ON RESILIENT HOUSING AND HUMAN SETTLEMENTS, APPROPRIATING FUNDS THEREFOR AND FOR OTHER PURPOSES",
332,Grace L. Poe,Senator Senate of the Philippines,SBN-716,"AN ACT MANDATING THE INCLUSION OF FOREIGN LANGUAGE OTHER THAN  ENGLISH, AS
AN ELECTIVE COURSE IN THE HIGHER EDUCATION
CURRICULUM",
332,Grace L. Poe,Senator Senate of the Philippines,SBN-717,"AN ACT PROVIDING FOR STRICTER ENFORCEMENT IN THE CONSTRUCTION, INSTALLATION AND MAINTENANCE OF PUBLIC SAFETY SIGNAGES",
332,Grace L. Poe,Senator Senate of the Philippines,SBN-718,"AN ACT PROVIDING EDUCATIONAL BENEFITS TO THE SURVIVING CHILDREN OF MEMBERS OF THE PHILIPPINE NATIONAL POLICE WHO WERE SLAIN OR WERE PERMANENTLY INCAPACITATED IN THE LINE OF DUTY, CREATING THE PNP EDUCATIONAL BENEFITS FUND, AND FOR OTHER PURPOSES",
332,Grace L. Poe,Senator Senate of the Philippines,SBN-719,AN ACT AMENDING THE GROUNDS FOR LEGAL SEPARATION UNDER ARTICLE 55 OF THE FAMILY CODE OF THE PHILIPPINES,
332,Grace L. Poe,Senator Senate of the Philippines,SBN-720,"AN ACT TO PROTECT THE INTERESTS AND WELFARE OF FILIPINO SEAMEN AND SEA-BASED MIGRANT WORKERS, ESTABLISHING FOR THE PURPOSE A NATIONAL SEAFARERS ADMINISTRATION, APPROPRIATING FUNDS AND FOR OTHER PURPOSES",
332,Grace L. Poe,Senator Senate of the Philippines,SBN-721,"AN ACT MANDATING THE PROVISION OF FREE ON-SITE LIVING QUARTERS FOR PUBLIC SCHOOL TEACHERS, PROVIDING FUNDS THEREFOR AND FOR OTHER PURPOSES",
332,Grace L. Poe,Senator Senate of the Philippines,SBN-722,"AN ACT TO ENHANCE GENUINE FILIPINO CULTURE, PROMOTE NATIONALISM, AND RECOGNIZE WRITERS AND ARTISTS, BY SUPPORTING THE PHILIPPINE KOMIKS INDUSTRY THROUGH ITS MANDATED USE IN INSTRUCTIONAL MATERIALS IN PUBLIC SCHOOLS, PROVIDING FINANCIAL INCENTIVES, AND FOR OTHER PURPOSES",
332,Grace L. Poe,Senator Senate of the Philippines,SBN-863,AN ACT REQUIRING CRITICAL INFORMATION INFRASTRUCTURE INSTITUTIONS TO ADOPT AND IMPLEMENT ADEQUATE MEASURES TO PROTECT THEIR INFORMATION AND COMMUNICATIONS TECHNOLOGY (ICT) SYSTEMS AND INFRASTRUCTURE,
332,Grace L. Poe,Senator Senate of the Philippines,SBN-864,AN ACT PROMOTING OPEN ACCESS IN INTERNET SERVICES AND FOR OTHER PURPOSES,
332,Grace L. Poe,Senator Senate of the Philippines,SBN-865,AN ACT ESTABLISHING A CREDIT ASSISTANCE PROGRAM FOR OVERSEAS FILIPINO WORKERS,
332,Grace L. Poe,Senator Senate of the Philippines,SBN-866,"AN ACT TO LOWER THE PRICE OF ELECTRICITY BY EXEMPTING ITS SALE BY GENERATION, TRANSMISSION AND DISTRIBUTION COMPANIES AND ELECTRICITY COOPERATIVES FROM THE IMPOSITION OF VALUE ADDED TAX, AMENDING FOR THE PURPOSE, SECTIONS 108 (A) AND 109 (1) OF THE NATIONAL INTERNAL REVENUE CODE, AS AMENDED BY REPUBLIC ACT NO. 9337, AND FOR OTHER PURPOSES",
332,Grace L. Poe,Senator Senate of the Philippines,SBN-867,"AN ACT ESTABLISHING A FRAMEWORK FOR FILM AND TELEVISION TOURISM IN THE PHILIPPINES, MARKETING THE INDUSTRY GLOBALLY AND PROVIDING EMPLOYMENT FOR THE SECTOR AND FOR OTHER PURPOSES",
332,Grace L. Poe,Senator Senate of the Philippines,SBN-868,AN ACT ORDAINING THE BILL OF RIGHTS TAXI PASSENGERS,
332,Grace L. Poe,Senator Senate of the Philippines,SBN-869,"AN ACT ESTABLISHING A NATIONAL FRAMEWORK FOR THE MANDATORY ENVIRONMENTAL INSURANCE COVERAGE OF ENVIRONMENTALLY CRITICAL
PROJECTS",
332,Grace L. Poe,Senator Senate of the Philippines,SBN-870,"AN ACT PROTECTING THE RIGHTS OF INTERNALLY DISPLACED PERSONS, APPROPRIATING FUNDS THEREFOR, AND FOR OTHER PURPOSES",
332,Grace L. Poe,Senator Senate of the Philippines,SBN-871,"AN ACT TO MODERNIZE ALL PUBLIC SCHOOLS AND STATE COLLEGES AND UNIVERSITIES IN THE PHILIPPINES, APPROPRIATING FUNDS THEREFOR, AND FOR OTHER PURPOSES",
332,Grace L. Poe,Senator Senate of the Philippines,SBN-872,"AN ACT REQUIRING LAND, AIR, AND SEA TRANSPORT PROVIDERS TO PROVIDE PRIORITY SEATING FOR THE ELDERLY, FURTHER AMENDING FOR THIS PURPOSE REPUBLIC ACT NO. 7432, AS AMENDED BY REPUBLIC ACT NO. 9257 AND 9994, OTHERWISE KNOWN AS THE EXPANDED SENIOR CITIZEN'S ACT OF 2010",
332,Grace L. Poe,Senator Senate of the Philippines,SBN-873,"AN ACT ACCELERATING THE TRANSFER OF INFORMATION AND COMMUNICATIONS TECHNOLOGY (ICT) TO THE COUNTRYSIDE BY ESTABLISHING ICT CENTERS FOR EXCELLENCE IN ALL REGIONS OF THE PHILIPPINES, APPROPRIATING FUNDS THEREFOR, AND FOR OTHER PURPOSES",
332,Grace L. Poe,Senator Senate of the Philippines,SBN-874,"AN ACT ESTABLISHING AN ADOPT-A -LIBRARY PROGRAM, PROVIDING INCENTIVES, APPROPRIATING FUNDS THEREFOR, AND FOR OTHER
PURPOSES",
332,Grace L. Poe,Senator Senate of the Philippines,SBN-875,"AN ACT ADDRESSING FOOD SECURITY CONCERNS THROUGH INTEGRATING INSTRUCTIONAL GARDENS IN PRIMARY AND SECONDARY SCHOOL CURRICULA AND PROMOTING THE USE OF URBAN AGRICULTURE, AND FOR OTHER PURPOSES",
332,Grace L. Poe,Senator Senate of the Philippines,SBN-876,AN ACT PROVIDING FOR TAX EXEMPTIONS AND SUBSIDIES FOR THE LOCAL MUSIC INDUSTRY AND AMENDING CERTAIN SECTIONS OF REPUBLIC ACT NO. 7160 OR THE LOCAL GOVERNMENT CODE OF 1991,
332,Grace L. Poe,Senator Senate of the Philippines,SBN-877,AN ACT GIVING TAX INCENTIVES TO PHYSICIANS RENDERING PRO BONO SERVICES TO INDIGENT PATIENTS,
332,Grace L. Poe,Senator Senate of the Philippines,SBN-878,"AN ACT PROVIDING A FUEL SUBSIDY FOR MUNICIPAL FISHERIES, APPROPRIATING FUNDS THEREFOR, AND FOR OTHER PURPOSES",
332,Grace L. Poe,Senator Senate of the Philippines,SBN-879,"AN ACT PROVIDING BURIAL ASSISTANCE FOR UNCLAIMED REMAINS AND FOR INDIGENT DECEDENTS, APPROPRIATING FUNDS THEREFOR, AND FOR
OTHER PURPOSES",
332,Grace L. Poe,Senator Senate of the Philippines,SBN-880,"AN ACT MANDATING ALL EMPLOYERS IN THE PRIVATE AND PUBLIC SECTORS, INCLUDING ALL GOVERNMENT OFFICES, AGENCIES AND INSTRUMENTALITIES, TO PROVIDE, FREE OF CHARGE, CLEAN, HEALTHY, SUFFICIENT AND ACCESSIBLE DRINKING-WATER TO ALL ITS EMPLOYEES",
332,Grace L. Poe,Senator Senate of the Philippines,SBN-881,"AN ACT PRESCRIBING ELECTRONIC AND ONLINE MODALITIES FOR THE PROMULGATION OF LAWS, RESOLUTIONS, RULES AND OTHER ISSUANCES, AMENDING FOR THE PURPOSE SECTION 18, 24 AND 25 CHAPTER 5, BOOK 1 OF EXECUTIVE ORDER NO.
292 OTHERWISE KNOWN AS THE ADMINISTRATIVE CODE OF 1987",
332,Grace L. Poe,Senator Senate of the Philippines,SBN-882,AN ACT ESTABLISHING A NO-HOMEWORK POLICY FOR ALL PRIMARY AND SECONDARY SCHOOLS IN THE COUNTRY,
332,Grace L. Poe,Senator Senate of the Philippines,SBN-954,AN ACT INTEGRATING BASIC ROAD SAFETY AND COMPREHENSIVE DRIVER'S EDUCATION IN THE CURRICULUM OF THE ENHANCED BASIC EDUCATION (K TO 12) PROGRAM,
332,Grace L. Poe,Senator Senate of the Philippines,SBN-955,"AN ACT ESTABLISHING THE PHILIPPINE GERIATRIC CENTER - RESEARCH AND TRAINING INSTITUTE, DEFINING ITS OBJECTIVES, POWERS AND FUNCTIONS, APPROPRIATING FUNDS THEREOF, AND FOR OTHER PURPOSES",
332,Grace L. Poe,Senator Senate of the Philippines,SBN-956,AN ACT PENALIZING THE ILLICIT ENRICHMENT OF PUBLIC OFFICIALS AND EMPLOYEES FOR ACQUISITION OF PROPERTIES THROUGH UNLAWFUL MEANS,
332,Grace L. Poe,Senator Senate of the Philippines,SBN-957,"AN ACT STRENGTHENING THE DRUG REHABILITATION PROGRAMS OF THE GOVERNMENT, AMENDING FOR THIS PURPOSE REPUBLIC ACT NO. 9165 OTHWERISE KNOWN AS THE 'COMPREHENSIVE DANGEROUS DRUGS ACT OF 2002', AS AMENDED, APPROPRIATING FUNDS THEREOF, AND FOR OTHER PURPOSES.",
332,Grace L. Poe,Senator Senate of the Philippines,SBN-958,"AN ACT INSTITUTIONALIZING THE PROVISION OF CROP INSURANCE FOR THE FISHERIES LIVESTOCK AND POULTRY SECTORS, AMENDING FOR THE PURPOSE SECTION 1 OF PRESIDENTIAL DECREE NO. 1467, AS AMENDED, OTHERWISE KNOWN AS THE 'REVISED CHARTER OF THE PHILIPPINE CROP INSURANCE CORPORATION ACT OF 1995'",
332,Grace L. Poe,Senator Senate of the Philippines,SBN-959,"AN ACT PENALIZING THE DISSEMINATION OF FALSE INFORMATION AS TO THE PRESENCE OF BOMBS, EXPLOSIVES AND OTHER INCENDIARY DEVICES IN HIGH DENSITY OR SENSITIVE PLACES AND PROVIDING PENALTIES THEREFOR",
332,Grace L. Poe,Senator Senate of the Philippines,SBN-960,"AN ACT INSTITUTIONALIZING THE 'ABOT ALAM' PROGRAM OF THE DEPARTMENT OF EDUCATION, APPROPRIATING FUNDS THEREFOR, AND FOR OTHER PURPOSES",
332,Grace L. Poe,Senator Senate of the Philippines,SBN-961,AN ACT PROMOTING CORPORATIVE FARMING AND PROVIDING INCENTIVES FOR ITS EFFECTIVE IMPLEMENTATION,
332,Grace L. Poe,Senator Senate of the Philippines,SBN-962,AN ACT CREATING A PHILIPPINE POLLUTANT RELEASE AND TRANSFER REGISTRY,
332,Grace L. Poe,Senator Senate of the Philippines,SBN-963,"AN ACT TO PROVIDE FREE LEGAL ASSISTANCE TO ALL INDIGENT FILIPINOS, AMENDING FOR THE PURPOSE CHAPTER 5, TITLE III, BOOK IV OF EXECUTIVE ORDER NO. 292, OTHERWISE KNOWN AS THE 'ADMINISTRATIVE CODE OF 1987' APPROPRIATING FUNDS THEREFOR, AND FOR OTHER PURPOSES",
332,Grace L. Poe,Senator Senate of the Philippines,SBN-964,AN ACT PRESCRIBING SCHOOL BUS SAFETY STANDARDS AND FOR OTHER PURPOSES,
332,Grace L. Poe,Senator Senate of the Philippines,SBN-965,"AN ACT ENHANCING THE CAPABILITIES, MANDATE, AND ORGANIZATIONAL STRUCTURE OF THE MOVIE AND TELEVISION REVIEW AND CLASSIFICATION BOARD (MTRCB), AMENDING FOR THE PURPOSE
PRESIDENTIAL DECREE 1986",
332,Grace L. Poe,Senator Senate of the Philippines,SBN-966,"AN ACT FOR THE PROTECTION, CONSERVATION AND REHABILITATION OF WATERSHEDS SUPPORTING THE NATIONAL IRRIGATION SYSTEM (NIS) TO ENSURE CONTINUOUS SUPPLY OF WATER FOR AGRICULTURAL PRODUCTION AND
SELF-SUFFICIENCY IN FOOD AND PROVIDING
FUNDS FOR THE PURPOSE",
332,Grace L. Poe,Senator Senate of the Philippines,SBN-967,"AN ACT DEVELOPING THE PILI INDUSTRY, CREATING FOR THE PURPOSE THE PILI SUBSIDY FUND AND THE PILI RESEARCH AND DEVELOPMENT CENTER, AND DECLARING THE PROVINCE OF SORSOGON AS THE PILI CAPITAL OF THE PHILIPPINES",
332,Grace L. Poe,Senator Senate of the Philippines,SBN-968,"AN ACT TO ENCOURAGE MORE FILIPINO LAWYERS TO SERVE THE PEOPLE AND JOIN THE PUBLIC ATTORNEY'S OFFICE, ESTABLISHING FOR THE PURPOSE THE 'ABOGADO PARA SA BAYAN' RETURN SERVICE PROGRAM, APPROPRIATING FUNDS THEREFOR, AND FOR OTHER PURPOSES",
332,Grace L. Poe,Senator Senate of the Philippines,SBN-969,"AM ACT TO FURTHER ASSIST FILIPINO MIGRANT WORKERS, AMENDING FOR THE PURPOSE SECTION 10 OF REPUBLIC ACT NO. 8042, AS AMENDED",
332,Grace L. Poe,Senator Senate of the Philippines,SBN-970,AN ACT AMENDING SECTION 95 (B) OF PRESIDENTIAL DECREE NO. 856 OR THE  CODE ON SANITATION OF THE PHILIPPINES,
332,Grace L. Poe,Senator Senate of the Philippines,SBN-971,"AN ACT AMENDING SECTION 5, PARAGRAPH 3 OF REPUBLIC ACT NO. 9225, OTHERWISE KNOWN AS THE 'CITIZENSHIP RETENTION AND REACQUISITION ACT OF 2003'",
332,Grace L. Poe,Senator Senate of the Philippines,SBN-99,"AN ACT ERADICATING MOBILE PHONE, INTERNET OR ELECTRONIC COMMUNICATION-AIDED CRIMINAL ACTIVITIES, MANDATING FOR THIS PURPOSE OWNERSHIP REGISTRATION OF ALL SUBSCRIBER IDENTITY MODULE (SIM) CARDS FOR ELECTRONIC DEVICES AND SOCIAL MEDIA ACCOUNTS",
332,Grace L. Poe,Senator Senate of the Philippines,SRN-103,"RESOLUTION URGING THE APPROPRIATE SENATE COMMITTEE/S TO CONDUCT AN INQUIRY, IN AID OF LEGISLATION, ON THE IMPLEMENTATION OF REPUBLIC ACT NO. 9290, OTHERWISE KNOWN AS THE 'FOOTWEAR, LEATHER GOODS AND TANNERY INDUSTRIES DEVELOPMENT ACT',  AND TO PROPOSE AMENDMENTS THERETO WITH THE END-GOAL OF REVIVING THE FOOTWEAR, LEATHER GOODS AND TANNERY INDUSTRIES IN THE PHILIPPINES",
332,Grace L. Poe,Senator Senate of the Philippines,SRN-104,"RESOLUTION DIRECTING THE APPROPRIATE SENATE COMMITTEE/S TO CONDUCT AN INQUIRY, IN AID OF LEGISLATION, ON THE BALLOONING OF THE FISCAL DEFICIT IN THE PAST TWO YEARS, AND TO ASCERTAIN THE SUSTAINABILITY OF MAINTAINING A HIGH DEFICIT AND DEBT ON THE ROAD TO ECONOMIC RECOVERY",
332,Grace L. Poe,Senator Senate of the Philippines,SRN-105,"RESOLUTION URGING THE APPROPRIATE SENATE COMMITTEE/S TO CONDUCT AN INQUIRY, IN AID OF LEGISLATION, ON EXPLORING ALL POSSIBLE WAYS TO PROVIDE ASSISTANCE TO FILIPINO BAKERIES WHICH HAVE BEEN BATTERED BY THE RISING COSTS OF WHEAT, FUEL, SUGAR, A HISTORICALLY WEAK PESO, AND REDUCED CONSUMER DEMAND",
332,Grace L. Poe,Senator Senate of the Philippines,SRN-123,"RESOLUTION URGING THE SENATE COMMITTEE ON PUBLIC SERVICES TO CONDUCT AN INQUIRY, IN AID OF LEGISLATION, ON THE THREE
CHINA-BACKED RAILWAY PROJECTS, NAMELY THE SUBIC-CLARK RAILWAY, PNR SOUTH LONG-HAUL, AND THE MINDANAO RAILWAY,
INCLUDING THE REPORTED RENEGOTIATION OF THE LOANS WITH CHINA AS WELL AS THE STUDY OF
OTHER POSSIBLE SOURCES OF FUNDING",
332,Grace L. Poe,Senator Senate of the Philippines,SRN-124,"RESOLUTION URGING THE SENATE COMMITTEE ON PUBLIC SERVICES TO CONDUCT AN INQUIRY, IN AID OF LEGISLATION, ON THE VIABILITY OF EXTENDING THE 'LIBRENG SAKAY' PROGRAM",
332,Grace L. Poe,Senator Senate of the Philippines,SRN-125,"RESOLUTION URGING THE APPROPRIATE SENATE COMMITTEES TO CONDUCT AN INQUIRY, IN AID OF LEGISLATION, ON THE IMPLEMENTATION OF REPUBLIC ACT NO. 11165, OTHERWISE KNOWN AS THE  'TELECOMMUTING ACT' IN ORDER TO PROPOSE AMENDMENTS THERETO, AND WITH THE END GOAL OF PROMOTING WORK FROM HOME AND HYBRID WORK ARRANGEMENTS IN THE COUNTRY",
332,Grace L. Poe,Senator Senate of the Philippines,SRN-142,"RESOLUTION DIRECTING THE SENATE COMMITTEE ON ECONOMIC AFFAIRS, TO CONDUCT AN INQUIRY, IN AID OF LEGISLATION, ON THE IMPLEMENTATION OF REPUBLIC ACT NO. 9295, OTHERWISE KNOWN AS THE ''DOMESTIC SHIPPING DEVELOPMENT ACT OF 2004'', AND TO PROPOSE AMENDMENTS THERETO, IN ORDER TO FURTHER BOOST OUR DOMESTIC SHIPBUILDING INDUSTRY",
332,Grace L. Poe,Senator Senate of the Philippines,SRN-143,"RESOLUTION URGING THE APPROPRIATE SENATE COMMITTEE, TO CONDUCT AN INQUIRY, IN AID OF LEGISLATION, ON POSSIBLE POLICY INTERVENTIONS FOR THE REVITALIZATION OF OUR GARMENTS AND TEXTILES INDUSTRIES, IN VIEW OF ITS POTENTIAL AS LOW-COST,
LABOR-INTENSIVE INDUSTRIES WHICH CAN PROVIDE EMPLOYMENT IN THE COUNTRYSIDE AND CONTRIBUTE TO NATIONAL DEVELOPMENT",
332,Grace L. Poe,Senator Senate of the Philippines,SRN-183,"RESOLUTION URGING THE SENATE COMMITTEE AFFAIRS TO CONDUCT AN INQUIRY, IN AID OF LEGISLATION, ON THE RAPID AND SUSTAINED INCREASE IN THE INFLATION RATE IN THE PAST SIX MONTHS, AND THE ERODING PURCHASING POWER OF THE PESO, AND TO STUDY THE FEASIBILITY OF PROVIDING A TARGETED CASH SUBSIDY TO THE BOTTOM THIRTY PERCENT (30%) OF FILIPINO FAMILIES",
332,Grace L. Poe,Senator Senate of the Philippines,SRN-195,"RESOLUTION URGING THE SENATE COMMITTEE ON PUBLIC ORDER AND DANGEROUS DRUGS AND OTHER APPROPRIATE COMMITTEE/S TO CONDUCT AN INQUIRY, IN AID OF LEGISLATION, ON THE ALLEGED RISING ABDUCTION CASES IN METRO MANILA AND LUZON",
332,Grace L. Poe,Senator Senate of the Philippines,SRN-229,RESOLUTION EXPRESSING THE SENSE OF THE SENATE OF THE NEED TO EVALUATE THE EXISTENCE OF PHILIPPINE OFFSHORE GAMING OPERATORS (POGOS) IN THE COUNTRY IN LIGHT OF THE SOCIAL COSTS THAT OUTWEIGH THE REPORTED ECONOMIC GAINS FROM ITS OPERATIONS,
332,Grace L. Poe,Senator Senate of the Philippines,SRN-24,"RESOLUTION URGING THE SENATE COMMITTEE ON ECONOMIC AFFAIRS TO CONDUCT AN INQUIRY IN AID OF LEGISLATION ON THE
CURRENT STATE OF THE PHILIPPINE ELECTRONICS INDUSTRY AND TO FIND WAYS TO INCREASE ITS COMPETITIVE ADVANTAGE AND ENABLE ITS INTEGRATION INTO THE GLOBAL ELECTRONICS VALUE CHAIN",
332,Grace L. Poe,Senator Senate of the Philippines,SRN-347,"RESOLUTION RECOGNIZING AND COMMENDING MAY PARSONS, THE NURSE WHO ADMINISTERED THE WORLD'S FIRST COVID-19 VACCINE AND RECIPIENT OF THE PRESTIGIOUS GEORGE CROSS AWARD, FOR REAFFIRMING THE PIVOTAL ROLE OF FILIPINO NURSES IN THE GLOBAL HEALTHCARE SCENE",
332,Grace L. Poe,Senator Senate of the Philippines,SRN-463,RESOLUTION RAISING THE ALARM ON THE REPORTED ''BUKAS MALETA'' INCIDENTS AT THE NINOY AQUINO INTERNATIONAL AIRPORT (NAIA) WITH THE END IN VIEW OF ENSURING A SECURE BAGGAGE AND PASSENGER SYSTEM IN ALL PHILIPPINE AIRPORTS,
332,Grace L. Poe,Senator Senate of the Philippines,SRN-53,"RESOLUTLON URGING THE SENATE COMMITTEE ON PUBLIC SERVICES TO CONDUCT AN INQUIRY, IN AID OF LEGISLATION, ON THE REPORTED RECURRING AND PROLONGED WATER SERVICE INTERRUPTION
EXPERIENCED BY CUSTOMERS OF MAYNILAD WATER SERVICES INC., IN LIGHT OF THE PROVISIONS OF THEIR FRANCHISE UNDER REPUBLIC ACT NO. 11600 AND THEIR REVISED CONCESSION AGREEMENT",
332,Grace L. Poe,Senator Senate of the Philippines,SRN-81,"RESOLUTION URGING THE SENATE COMMITTEE ON ECONOMIC AFFAIRS TO CONDUCT AN  INQUIRY, IN AID OF LEGISLATION, ON THE ENORMOUS UNTAPPED POTENTIAL OF THE PHILIPPINE 'BLUE ECONOMY', AND TO REVIEW THE EFFECTIVENESS OF EXISTING LAWS IN BOOSTING ITS DEVELOPMENT",
332,Grace L. Poe,Senator Senate of the Philippines,SRN-82,"RESOLUTION TO DIRECT THE APPROPRIATE SENATE COMMITTEE/S TO CONDUCT AN INQUIRY, IN AID OF LEGISLATION, ON THE FINDING OF THE COMMISSION ON AUDIT THAT 14
FOREIGN-ASSISTED PROJECTS OF THE DEPARTMENT OF TRANSPORTATION WORTH 1.61 TRILLION HAVE BEEN DELAYED, WHILE 13 OF ITS PROJECTS WORTH 8.6 BILLION WERE UNFINISHED OR SUSPENDED IN 2021, TO THE DETRIMENT OF THE COMMUTING FILIPINO PUBLIC",
333,Ramon Bong  Revilla Jr.,Senator Senate of the Philippines,SRN-198,RESOLUTION EXPRESSING THE PROFOUND SYMPATHY AND SINCERE CONDOLENCES OF THE SENATE OF THE PHILIPPINES ON THE DEATH OF QUEEN ELIZABETH II OF THE UNITED KINGDOM OF GREAT BRITAIN AND NORTHERN IRELAND,
333,Ramon Bong  Revilla Jr.,Senator Senate of the Philippines,SBN-1037,"AN ACT EXEMPTING INCENTIVES, REWARDS, BONUSES AND OTHER FORMS OF EMOLUMENTS RECEIVED BY NATIONAL ATHLETES AND COACHES FROM TAXES, AMENDING FOR THE PURPOSE REPUBLIC ACT NO. 10699, OTHERWISE KNOWN AS THE ?NATIONAL ATHLETES AND COACHES BENEFITS AND INCENTIVES ACT?",
333,Ramon Bong  Revilla Jr.,Senator Senate of the Philippines,SBN-1091,"AN ACT ESTABLISHING A RENTAL SUBSIDY PROGRAM FOR INFORMAL SETTLER FAMILIES, APPROPRIATING FUNDS THEREFOR, AND FOR OTHER PURPOSES",
333,Ramon Bong  Revilla Jr.,Senator Senate of the Philippines,SBN-1092,AN ACT AUTHORIZING THE DEPARTMENT OF HEALTH (DOH) TO SET AND APPROVE THE BED CAPACITY AND THE SERVICE CAPABILITY OF ALL DOH HOSPITALS,
333,Ramon Bong  Revilla Jr.,Senator Senate of the Philippines,SBN-1093,AN ACT PROVIDING FOR THE CONSTRUCTION OF A MULTIPURPOSE GYM IN ALL MUNICIPALITIES AND CITIES TO SERVE AS EVACUATION CENTER DURING TIMES OF CALAMITY OR DISASTER AND APPROPRIATING FUNDS THEREFOR,
333,Ramon Bong  Revilla Jr.,Senator Senate of the Philippines,SBN-1094,"AN ACT STRENGTHENING THE CONSERVATION AND PROTECTION OF PHILIPPINE CULTURAL HERITAGE THROUGH CULTURAL MAPPING AND ENHANCED CULTURAL HERITAGE EDUCATION PROGRAM, AMENDING FOR THE PURPOSE REPUBLIC ACT NO. 10066, OTHERWISE KNOWN AS THE ?NATIONAL CULTURAL HERITAGE ACT OF 2009",
333,Ramon Bong  Revilla Jr.,Senator Senate of the Philippines,SBN-1095,"AN ACT PROVIDING THE RIGHTS TO BE ACCORDED TO VICTIMS OF CRIMES, DEFINING THE DUTIES OF RESPONSIBLE OFFICERS AND PROVIDING PENALTIES THEREFOR",
333,Ramon Bong  Revilla Jr.,Senator Senate of the Philippines,SBN-1096,"AN ACT AMENDING CERTAIN SECTIONS OF REPUBLIC ACT NO. 9173, OTHERWISE KNOWN AS THE ?PHILIPPINE NURSING ACT OF 2002?, PROVIDING FOR AN ADVANCED NURSING EDUCATION PROGRAM, AND FOR OTHER PURPOSES",
333,Ramon Bong  Revilla Jr.,Senator Senate of the Philippines,SBN-1097,"AN ACT ESTABLISHING GREATER RESPONSIBILITY AND ACCOUNTABILITY FROM PRIVATE EMPLOYMENT AGENCIES, AMENDING FOR THE PURPOSE REPUBLIC ACT NO. 10361, OTHERWISE KNOWN AS THE ?BATAS KASAMBAHAY?",
333,Ramon Bong  Revilla Jr.,Senator Senate of the Philippines,SBN-1098,"AN ACT PROVIDING FOR THE MANDATORY INCLUSION OF ANTI-OBESITY EDUCATION PROGRAM AND EXERCISE INCLUDING PLAY AND TRADITIONAL GAMES, IN THE PRE-SCHOOL, ELEMENTARY AND HIGH SCHOOL CURRICULA, BOTH IN PUBLIC AND PRIVATE SCHOOLS AND EDUCATIONAL INSTITUTIONS AND FOR OTHER PURPOSES",
333,Ramon Bong  Revilla Jr.,Senator Senate of the Philippines,SBN-1099,AN ACT TO ESTABLISH AN INTEGRATED SYSTEM FOR AGRICULTURE TECHNOLOGY GENERATION AND TRANSFER AND APPROPRIATING FUNDS THEREFOR,
333,Ramon Bong  Revilla Jr.,Senator Senate of the Philippines,SBN-1100,AN ACT ESTABLISHING THE PHILIPPINE AIR FORCE ACADEMY (PAFA) AND APPROPRIATING FUNDS THEREFOR,
333,Ramon Bong  Revilla Jr.,Senator Senate of the Philippines,SBN-1101,AN ACT IMPLEMENTING THE PEOPLE?S RIGHT TO INFORMATION AND THE CONSTITUTIONAL POLICIES OF FULL PUBLIC DISCLOSURE AND HONESTY IN THE PUBLIC SERVICE AND FOR OTHER PURPOSES,
333,Ramon Bong  Revilla Jr.,Senator Senate of the Philippines,SBN-1102,"AN ACT ESTABLISHING THE NATIONAL HEALTH PASSPORT SYSTEM THEREBY STRENGTHENING THE PRIMARY HEALTHCARE SYSTEM, AND APPROPRIATING FUNDS THEREFOR",
333,Ramon Bong  Revilla Jr.,Senator Senate of the Philippines,SBN-1103,AN ACT ESTABLISHING A NATIONAL CANCER CENTER TO BE KNOWN AS THE NATIONAL CANCER CENTER OF THE PHILIPPINES AND APPROPRIATING FUNDS THEREFOR,
333,Ramon Bong  Revilla Jr.,Senator Senate of the Philippines,SBN-1104,AN ACT INSTITUTING THE MAGNA CARTA OF FILIPINO SEAFARERS,
333,Ramon Bong  Revilla Jr.,Senator Senate of the Philippines,SBN-1105,AN ACT ESTABLISHING THE TELEVISION BROADCASTING EDUCATION PROGRAM AS AN ALTERNATIVE LEARNING SYSTEM FOR BASIC EDUCATION,
333,Ramon Bong  Revilla Jr.,Senator Senate of the Philippines,SBN-1106,"AN ACT PROTECTING CONSUMERS AND USERS AGAINST FORCED E-BILLING, ADDING FOR THIS PURPOSE A NEW PROVISION AND AMENDING CERTAIN PROVISIONS OF REPUBLIC ACT NO. 7394, OTHERWISE KNOWN AS THE CONSUMER ACT OF THE PHILIPPINES, AND PROVIDING PENALTIES FOR VIOLATIONS THEREOF",
333,Ramon Bong  Revilla Jr.,Senator Senate of the Philippines,SBN-1134,AN ACT INTEGRATING MEDIA AND INFORMATION LITERACY IN BASIC EDUCATION CURRICULUM,
333,Ramon Bong  Revilla Jr.,Senator Senate of the Philippines,SBN-1135,"AN ACT TO FURTHER STRENGTHEN THE APPREHENSION AGAINST THE OBSTRUCTION OF JUSTICE, AMENDING FOR THE PURPOSE SECTION 1 OF PD 1829, OTHERWISE KNOWN AS PENALIZING OBSTRUCTION OF APPREHENSION AND PROSECUTION OF CRIMINAL OFFENDERS",
333,Ramon Bong  Revilla Jr.,Senator Senate of the Philippines,SBN-1205,THE MAGNA CARTA FOR DAY CARE WORKERS,
333,Ramon Bong  Revilla Jr.,Senator Senate of the Philippines,SBN-1206,AN ACT PROVIDING FOR A RURAL EMPLOYMENT ASSISTANCE PROGRAM AND APPROPRIATING FUNDS THEREFOR,
333,Ramon Bong  Revilla Jr.,Senator Senate of the Philippines,SBN-1207,"AN ACT TO PROTECT FILIPINOS FROM THE HARMFUL EFFECTS OF TRANS-FATTY ACIDS, AND FOR OTHER PURPOSES",
333,Ramon Bong  Revilla Jr.,Senator Senate of the Philippines,SBN-1208,"AN ACT REGULATING CREMATORIES, AND FOR OTHER PURPOSES",
333,Ramon Bong  Revilla Jr.,Senator Senate of the Philippines,SBN-1209,"AN ACT PROVIDING FOR A NATIONAL POLICY IN PREVENTING ADOLESCENT PREGNANCIES, INSTITUTIONALIZING SOCIAL PROTECTION FOR ADOLESCENT PARENTS, AND PROVIDING FUNDS THEREFOR",
333,Ramon Bong  Revilla Jr.,Senator Senate of the Philippines,SBN-1210,"AN ACT IMPOSING A MANDATORY AD VALOREM TAX ON IDLE LANDS AMENDING FOR THE PURPOSE SECTIONS 236, 237, AND 273 OF REPUBLIC ACT NO. 7160, OTHERWISE KNOWN AS 'THE
LOCAL GOVERNMENT CODE OF 1991,' AND APPROPRIATING FUNDS COLLECTED THEREFROM EXCLUSIVELY FOR THE PURPOSE OF PROVIDING FREE ACCESS TO PUBLIC HEALTH",
333,Ramon Bong  Revilla Jr.,Senator Senate of the Philippines,SBN-1211,AN ACT ESTABLISHING THE NATIONAL DEFENSE UNIVERSITY OF THE PHILIPPINES AND FOR OTHER PURPOSES,
333,Ramon Bong  Revilla Jr.,Senator Senate of the Philippines,SBN-1212,AN ACT AUTHORIZING HIGHER EDUCATION CURRICULUM DEVELOPMENT AND GRADUATE TRAINING IN ADVANCE ENERGY AND GREEN BUILDING TECHNOLOGIES,
333,Ramon Bong  Revilla Jr.,Senator Senate of the Philippines,SBN-1213,"AN ACT PROMOTING OPEN ACCESS IN DATA TRANSMISSION, PROVIDING ADDITIONAL POWERS TO THE NATIONAL TELECOMMUNICATIONS COMMISSION, AND FOR OTHER PURPOSES",
333,Ramon Bong  Revilla Jr.,Senator Senate of the Philippines,SBN-1214,"AN ACT ESTABLISHING CARPOOL SERVICE IN THE COUNTRY, REGULATING ITS USE AND OPERATION, AND FOR OTHER PURPOSES",
333,Ramon Bong  Revilla Jr.,Senator Senate of the Philippines,SBN-1215,AN ACT CREATING THE OFFICE OF THE MOBILITY CZAR TO COORDINATE URGENT MEASURES NECESSARY AND PROPER TO EFFECTIVELY ADDRESS THE TRANSPORT AND TRAFFIC CRISIS AND FOR OTHER PURPOSES,
333,Ramon Bong  Revilla Jr.,Senator Senate of the Philippines,SBN-1216,"AN ACT EXPANDING THE JURISDICTION OF THE PHILIPPINE DRUG ENFORCEMENT AGENCY, DEFINING THE PROSECUTORIAL POWERS PROVIDED THERETO, AND AMENDING FOR THE PURPOSE REPUBLIC ACT NO. 9165, OTHERWISE KNOWN AS THE COMPREHENSIVE DANGEROUS DRUGS ACT OF 2002, AS AMENDED",
333,Ramon Bong  Revilla Jr.,Senator Senate of the Philippines,SBN-1217,"AN ACT FURTHER STRENGTHENING THE LABOR CODE OF THE PHILIPPINES FOR THE PURPOSE PRESIDENTIAL DECREE 442, OTHERWISE KNOWN AS THE LABOR CODE OF THE PHILIPPINES, AS AMENDED",
333,Ramon Bong  Revilla Jr.,Senator Senate of the Philippines,SBN-1229,"AN ACT PROVIDING FOR THE TRI-LEVEL INTERCHANGE ALONG M.C. BRIONES STREET CORNER UNITED NATIONS AVENUE, MANDAUE CITY, PROVINCE OF CEBU AND APPROPRIATING FUNDS THEREFOR",
333,Ramon Bong  Revilla Jr.,Senator Senate of the Philippines,SBN-1270,"AN ACT PROMOTING PHILIPPINE INDIGENOUS AND TRADITIONAL WRITING SYSTEMS AND PROVIDING FOR THEIR PROTECTION, PRESERVATION AND CONSERVATION",
333,Ramon Bong  Revilla Jr.,Senator Senate of the Philippines,SBN-1271,"AN ACT CREATING FOUR (4) ADDITIONAL BRANCHES OF THE REGIONAL TRIAL COURT IN THE FOURTH JUDICIAL REGION TO BE STATIONED IN THE CITY OF BACOOR, PROVINCE OF CAVITE, AND APPROPRIATING FUNDS THEREFOR, AMENDING FOR THE PURPOSE SECTION 14 (E) OF BATAS PAMBANSA BLG. 129, OTHERWISE KNOWN AS ?THE JUDICIARY REORGANIZATION ACT OF 1980?, AS AMENDED",
333,Ramon Bong  Revilla Jr.,Senator Senate of the Philippines,SBN-1274,"AN ACT DECLARING OCTOBER 22 OF EVERY YEAR A SPECIAL NON-WORKING HOLIDAY IN THE MUNICIPALITY OF ROSARIO, PROVINCE OF CAVITE IN COMMEMORATION OF ITS FOUNDING ANNIVERSARY",
333,Ramon Bong  Revilla Jr.,Senator Senate of the Philippines,SBN-1280,"AN ACT AMENDING REPUBLIC ACT NO. 10022, FURTHER AMENDING REPUBLIC ACT NO. 8042, OTHERWISE KNOWN AS AN ACT TO INSTITUTE THE POLICIES OF OVERSEAS EMPLOYMENT AND ESTABLISH A HIGHER STANDARD OF PROTECTION AND PROMOTION OF THE WELFARE OF MIGRANT WORKERS, THEIR FAMILIES AND OVERSEAS FILIPINOS IN DISTRESS, AND FOR OTHER PURPOSES, TO MANDATE PHILHEALTH COVERAGE FOR DIAGNOSTIC, LABORATORY AND OTHER MEDICAL EXAMINATION REQUIREMENTS FOR THEIR EMPLOYMENT OVERSEAS",
333,Ramon Bong  Revilla Jr.,Senator Senate of the Philippines,SBN-1297,AN ACT REQUIRING THE REGISTRATION OF SUBSCRIBER IDENTITY MODULE (SIM) CARDS IN MOBILE PHONES,
333,Ramon Bong  Revilla Jr.,Senator Senate of the Philippines,SBN-1309,AN ACT ORDAINING A BILL OF RIGHTS FOR TAXPAYERS,
333,Ramon Bong  Revilla Jr.,Senator Senate of the Philippines,SBN-1355,AN ACT CONVERTING THE MUNICIPALITY OF CARMONA IN THE PROVINCE OF CAVITE INTO A COMPONENT CITY TO BE KNOWN AS THE CITY OF CARMONA,
333,Ramon Bong  Revilla Jr.,Senator Senate of the Philippines,SBN-1356,"AN ACT DECLARING AUGUST 1 OF EVERY YEAR A SPECIAL NON-WORKING HOLIDAY IN THE MUNICIPALITY OF KAWIT, PROVINCE OF CAVITE IN COMMEMORATION OF ITS FOUNDING ANNIVERSARY",
333,Ramon Bong  Revilla Jr.,Senator Senate of the Philippines,SBN-1376,"AN ACT DECLARING SAN PABLO CHURCH, LOCATED IN THE MUNICIPALITY OF SAN PABLO, PROVINCE OF ISABELA, AND ITS ADJACENT ENVIRONS, A TOURISM DESTINATION, AND APPROPRIATING FUNDS THEREFOR",
333,Ramon Bong  Revilla Jr.,Senator Senate of the Philippines,SBN-1377,"AN ACT DECLARING THE ADJACENT ENVIRONS OF THE SAINT MATTHIAS PARISH CHURCH LOCATED IN THE MUNICIPALITY OF TUMAUINI, PROVINCE OF ISABELA, A TOURISM DESTINATION, AND APPROPRIATING FUNDS THEREFOR",
333,Ramon Bong  Revilla Jr.,Senator Senate of the Philippines,SBN-1384,"AN ACT STRENGTHENING THE COMMISSION ON ELECTIONS BY INCREASING THE MANPOWER COMPLEMENT IN ITS FIELD OFFICES, PROVIDING OFFICE SPACES SEPARATE AND INDEPENDENT FROM LOCAL GOVERNMENT UNITS, AND APPROPRIATING FUNDS THEREFOR, AMENDING FOR THE PURPOSE BATAS PAMBANSA BLDG. 881, AS AMENDED, OTHERWISE KNOWN AS THE 'OMNIBUS ELECTION CODE OF THE PHILIPPINES'",
333,Ramon Bong  Revilla Jr.,Senator Senate of the Philippines,SBN-1389,"AN ACT CREATING A MANDATORY POSITION FOR A HUMAN RESOURCE MANAGEMENT OFFICER IN LOCAL GOVERNMENT UNITS, AMENDING FOR THE PURPOSE SECTIONS 443, 454 AND 463 OF REPUBLIC ACT NO. 7160, AS AMENDED, OTHERWISE KNOWN AS THE 'LOCAL GOVERNMENT CODE OF 1991'",
333,Ramon Bong  Revilla Jr.,Senator Senate of the Philippines,SBN-1390,"AN ACT TO ENHANCE THE CAPABILITY AND STREAMLINE ORGANIZATIONAL ROLE OF THE DEPARTMENT OF NATIONAL DEFENSE AND ITS BUREAUS, APPROPRIATING FUNDS THEREFOR AND FOR OTHER PURPOSES",
333,Ramon Bong  Revilla Jr.,Senator Senate of the Philippines,SBN-1391,AN ACT INSTITUTIONALIZING THE FERTILIZER AND PESTICIDE SUBSIDY PROGRAM UNDER THE DEPARTMENT OF AGRICULTURE AND APPROPRIATING FUNDS THEREFOR,
333,Ramon Bong  Revilla Jr.,Senator Senate of the Philippines,SBN-1392,AN ACT INSTITUTIONALIZING A RESULTS-BASED NATIONAL EVALUATION POLICY,
333,Ramon Bong  Revilla Jr.,Senator Senate of the Philippines,SBN-1393,"AN ACT MANDATING THE APPOINTMENT OF BARANGAY HEALTH WORKERS IN BARANGAYS, AND PROVIDING FOR THEIR DUTIES AND RESPONSIBILITIES, COMPENSATION AND BENEFITS, AND FOR OTHER PURPOSES",
333,Ramon Bong  Revilla Jr.,Senator Senate of the Philippines,SBN-1394,"AN ACT MODERNIZING THE NATIONAL MEASUREMENT SYSTEM (NMS) OF THE PHILIPPINES, APPROPRIATING FUNDS THEREFOR AND FOR OTHER PURPOSES",
333,Ramon Bong  Revilla Jr.,Senator Senate of the Philippines,SBN-1403,"AN ACT ESTABLISHING THE YOUNG FARMERS AND FISHERFOLK CHALLENGE PROGRAM, CREATING FOR THE PURPOSE THE YOUNG FARMERS AND FISHERFOLK CHALLENGE COUNCIL, AND APPROPRIATING FUNDS THEREFOR",
333,Ramon Bong  Revilla Jr.,Senator Senate of the Philippines,SBN-1404,"AN ACT ADJUSTING THE MONTHLY PENSION AND DISABILITY BENEFITS OF RETIREES OF THE DEPARTMENT OF FOREIGN AFFAIRS, AND APPROPRIATING FUNDS THEREFOR",
333,Ramon Bong  Revilla Jr.,Senator Senate of the Philippines,SBN-1405,"AN ACT PROVIDING FOR THE CONDONATION OF ALL UNPAID PRINCIPAL, INTERESTS, PENALTIES OR SURCHARGES ON LOANS SECURED BY AGRARIAN REFORM BENEFICIARIES UNDER THE COMPREHENSIVE AGRARIAN REFORM PROGRAM AND FOR OTHER PURPOSES",
333,Ramon Bong  Revilla Jr.,Senator Senate of the Philippines,SBN-1406,"AN ACT PROVIDING FOR AN INCREASE IN THE PERSONNEL ECONOMIC RELIEF ALLOWANCE (PERA) GRANTED TO GOVERNMENT EMPLOYEES, APPROPRIATING FUNDS THEREFOR, AND FOR OTHER PURPOSES",
333,Ramon Bong  Revilla Jr.,Senator Senate of the Philippines,SBN-1407,AN ACT GRANTING FREE COLLEGE ENTRANCE EXAMINATIONS TO THE UNDERPRIVILEGED PUBLIC SENIOR HIGH SCHOOL GRADUATING STUDENTS AND GRADUATES BELONGING TO THE TOP FIFTEEN PERCENT (15%) OF THEIR GRADUATING CLASS FOR ADMISSION IN PRIVATE HIGHER EDUCATION INSTITUTIONS,
333,Ramon Bong  Revilla Jr.,Senator Senate of the Philippines,SBN-1408,"AN ACT PROTECTING SENIOR CITIZENS FROM VIOLENCE, DEFINING ELDER ABUSE, AND PRESCRIBING PENALTIES THEREFOR",
333,Ramon Bong  Revilla Jr.,Senator Senate of the Philippines,SBN-1409,"AN ACT TO PROMOTE AND SUPPORT THE DEVELOPMENT AND GROWTH OF THE PHILIPPINE FILM INDUSTRY, CREATING FOR THIS PURPOSE THE PHILIPPINE FILM COMMISSION, DEFINING ITS POWERS AND FUNCTIONS AND FOR OTHER PURPOSES",
333,Ramon Bong  Revilla Jr.,Senator Senate of the Philippines,SBN-1417,AN ACT MANDATING ALL BARANGAYS TO CREATE A REGISTRY OF PROFESSIONALS AND SKILLED WORKERS AND FOR OTHER PURPOSES,
333,Ramon Bong  Revilla Jr.,Senator Senate of the Philippines,SBN-1418,AN ACT DECLARING THE FIRST DAY OF FEBRUARY OF EVERY YEAR AS NATIONAL HIJAB DAY AND PROMOTING AN UNDERSTANDING OF THE MUSLIM TRADITION OF WEARING A HIJAB,
333,Ramon Bong  Revilla Jr.,Senator Senate of the Philippines,SBN-1419,AN ACT PROVIDING PROTECTION TO FREELANCERS AND FOR OTHER PURPOSES,
333,Ramon Bong  Revilla Jr.,Senator Senate of the Philippines,SBN-1420,AN ACT DECLARING THE SIXTEENTH (16TH) DAY OF MAY OF EVERY YEAR A SPECIAL WORKING HOLIDAY TO BE KNOWN AS NATIONAL EDUCATION SUPPORT PERSONNEL DAY,
333,Ramon Bong  Revilla Jr.,Senator Senate of the Philippines,SBN-1421,"AN ACT STRENGTHENING THE MILITARY AND UNIFORMED PERSONNEL PENSION SYSTEM, CREATING THE MILITARY AND UNIFORMED PERSONNEL INSURANCE FUND, AMENDING SECTIONS 3 AND 24 OF REPUBLIC ACT NUMBER 8291, AND FOR OTHER PURPOSES",
333,Ramon Bong  Revilla Jr.,Senator Senate of the Philippines,SBN-1422,AN ACT ESTABLISHING THE NEGROS ISLAND REGION AND FOR OTHER PURPOSES,
333,Ramon Bong  Revilla Jr.,Senator Senate of the Philippines,SBN-1423,"AN ACT STRENGTHENING THE NATIONAL PREPAREDNESS AND RESPONSE TO DISASTERS, PANDEMIC AND PUBLIC HEALTH EMERGENCIES, CREATING A MEDICAL RESERVE CORPS THEREFOR, AND FOR OTHER PURPOSES",
333,Ramon Bong  Revilla Jr.,Senator Senate of the Philippines,SBN-1424,"AN ACT PROTECTING CONSUMERS AND MERCHANTS ENGAGED IN INTERNET TRANSACTIONS, CREATING FOR THIS PURPOSE THE E-COMMERCE BUREAU, APPROPRIATING FUNDS THEREFOR, AND FOR OTHER PURPOSES",
333,Ramon Bong  Revilla Jr.,Senator Senate of the Philippines,SBN-1425,"AN ACT CONVERTING AND EXPANDING THE LEYTE INDUSTRIAL DEVELOPMENT ESTATE INTO THE LEYTE ECOLOGICAL INDUSTRIAL ZONE, CREATING FOR THIS PURPOSE THE LEYTE ECOLOGICAL INDUSTRIAL ZONE AUTHORITY, AND APPROPRIATING FUNDS THEREFOR",
333,Ramon Bong  Revilla Jr.,Senator Senate of the Philippines,SBN-1426,"AN ACT CREATING THE EASTERN VISAYAS DEVELOPMENT AUTHORITY (EVDA) DEFINING ITS POWERS AND FUNCTIONS, AND PROVIDING FUNDS THEREFOR",
333,Ramon Bong  Revilla Jr.,Senator Senate of the Philippines,SBN-1427,"AN ACT CREATING THE PHILIPPINE CENTER FOR DISEASE CONTROL AND PREVENTION, DEFINING ITS POWERS AND FUNCTIONS, APPROPRIATING FUNDS THEREFOR AND FOR OTHER PURPOSES",
333,Ramon Bong  Revilla Jr.,Senator Senate of the Philippines,SBN-1428,"AN ACT RATIONALIZING THE ECONOMIC AND ADMINISTRATIVE REGULATION OF WATER UTILITIES, CREATING THE WATER REGULATORY COMMISSION, PROVIDING FUNDS THEREFOR, AND FOR OTHER PURPOSES",
333,Ramon Bong  Revilla Jr.,Senator Senate of the Philippines,SBN-1429,AN ACT GRANTING BENEFITS TO PUBLIC AND PRIVATE HEALTH CARE WORKERS,
333,Ramon Bong  Revilla Jr.,Senator Senate of the Philippines,SBN-1430,AN ACT INSTITUTING POLICIES FOR THE PROTECTION AND WELFARE OF CAREGIVERS IN THE PRACTICE OF THEIR PROFESSION,
333,Ramon Bong  Revilla Jr.,Senator Senate of the Philippines,SBN-1431,AN ACT PROVIDING FOR FREE FREIGHT SERVICES IN THE TRANSPORTATION OF RELIEF GOODS TO CALAMITY-STRICKEN AREAS,
333,Ramon Bong  Revilla Jr.,Senator Senate of the Philippines,SBN-1432,"AN ACT REGULATING THE CATCHING, SALE, PURCHASE, POSSESSION, TRANSPORTATION, IMPORTATION, AND EXPORTATION OF ALL SHARKS, RAYS, AND CHIMAERAS AND ANY PART THEREOF IN THE COUNTRY",
333,Ramon Bong  Revilla Jr.,Senator Senate of the Philippines,SBN-1433,"AN ACT GRANTING ADDITIONAL PRIVILEGES TO PERSONS WITH DISABILITIES, AMENDING FOR THE PURPOSE REPUBLIC ACT NO. 7277, AS AMENDED, OTHERWISE KNOWN AS THE MAGNA CARTA FOR PERSONS WITH DISABILITIES, AND APPROPRIATING FUNDS THEREFOR",
333,Ramon Bong  Revilla Jr.,Senator Senate of the Philippines,SBN-1434,"AN ACT REQUIRING ALL NATIONAL, REGIONAL, AND PROVINCIAL GOVERNMENT HOSPITALS TO ESTABLISH, OPERATE AND MAINTAIN A DIALYSIS WARD OR UNIT IN THEIR RESPECTIVE HOSPITAL AND PROVIDING FREE DIALYSIS TREATMENT TO INDIGENT PATIENTS",
333,Ramon Bong  Revilla Jr.,Senator Senate of the Philippines,SBN-1435,"AN ACT EXEMPTING MICROINSURANCE POLICIES FROM VALUE-ADDED TAX, TAX ON LIFE INSURANCE PREMIUMS AND DOCUMENTARY STAMP TAX, AMENDING FOR THIS PURPOSE SECTIONS 108, 109, 123, 183, 184, 185, 186, AND 187 OF THE NATIONAL INTERNAL REVENUE CODE OF  1997, AS AMENDED",
333,Ramon Bong  Revilla Jr.,Senator Senate of the Philippines,SBN-1451,AN ACT AMENDING REPUBLIC ACT NO. 6975 AND REPUBLIC ACT NO. 9263 INTEGRATING ALL THE PROVINCIAL AND SUB-PROVINCIAL JAILS WITHIN THE JURISDICTION OF THE BUREAU OF JAIL MANAGEMENT AND PENOLOGY,
333,Ramon Bong  Revilla Jr.,Senator Senate of the Philippines,SBN-1452,"AN ACT TO PROFESSIONALIZE THE PRACTICE OF PRISON MANAGEMENT AND SET FOR THAT PURPOSE THE QUALIFICATIONS FOR SUPERINTENDENTS OF THE NATIONAL PRISON SYSTEM AND WARDENS OF PROVINCIAL, CITY OR MUNICIPAL JAILS",
333,Ramon Bong  Revilla Jr.,Senator Senate of the Philippines,SBN-1453,"AN ACT MANDATING THE REPORTING OF DEATHS AND ILLNESSES OF PERSONS DEPRIVED OF LIBERTY AND DETAINED CHILDREN IN CONFLICT WITH THE LAW, PENALIZING
NON-REPORTING AND FALSE REPORTING OF DEATHS THEREOF, AND FOR OTHER PURPOSES",
333,Ramon Bong  Revilla Jr.,Senator Senate of the Philippines,SBN-1454,"AN ACT INSTITUTIONALIZING ANTI-DRUG ABUSE COUNCILS IN EVERY LOCAL GOVERNMENT UNIT, AND FOR OTHER PURPOSES",
333,Ramon Bong  Revilla Jr.,Senator Senate of the Philippines,SBN-1455,"AN ACT PROVIDING FOR THE RANK CLASSIFICATION AND ORGANIZATION OF KEY POSITIONS IN THE BUREAU OF FIRE PROTECTION (BFP) AND BUREAU OF JAIL MANAGEMENT AND PENOLOGY (BJMP), AMENDING FOR THE PURPOSE REPUBLIC ACT NO. 9263, OTHERWISE KNOWN AS THE 'BUREAU OF FIRE PROTECTION AND BUREAU OF JAIL MANAGEMENT AND PENOLOGY PROFESSIONALIZATION ACT OF 2004', AS AMENDED BY REPUBLIC ACT NO. 9592, AND FOR OTHER PURPOSES",
333,Ramon Bong  Revilla Jr.,Senator Senate of the Philippines,SBN-1456,"AN ACT ESTABLISHING A FORENSIC DNA DATABASE IN THE PHILIPPINES, APPROPRIATING FUNDS THEREFOR AND FOR OTHER PURPOSES",
333,Ramon Bong  Revilla Jr.,Senator Senate of the Philippines,SBN-1457,"AN ACT CREATING THE POSITION OF BARANGAY NUTRITION WORKER IN EVERY BARANGAY PROVIDING INCENTIVES THERETO, APPROPRIATING FUNDS THEREFOR, AMENDING FOR THE PURPOSE PRESIDENTIAL DECREE NO.1569",
333,Ramon Bong  Revilla Jr.,Senator Senate of the Philippines,SBN-1458,"AN ACT ADDRESSING FOOD SECURITY CONCERNS THROUGH INTEGRATING INSTRUCTIONAL GARDENS IN PRIMARY AND SECONDARY SCHOOL CURRICULA AND PROMOTING THE USE OF URBAN AGRICULTURE, AND FOR OTHER PURPOSES",
333,Ramon Bong  Revilla Jr.,Senator Senate of the Philippines,SBN-1459,"AN ACT DEFINING ELECTRONIC VIOLENCE AGAINST WOMEN AND THEIR CHILDREN, PROVIDING PROTECTIVE MEASURES, AND PRESCRIBING PENALTIES, AMENDING FOR THE PURPOSE REPUBLIC ACT NO. 9262, OTHERWISE KNOWN AS THE 'ANTI-VIOLENCE AGAINST WOMEN AND THEIR CHILDREN ACT OF 2004'",
333,Ramon Bong  Revilla Jr.,Senator Senate of the Philippines,SBN-1460,"AN ACT MANDATING THE COMPLIANCE OF GOVERNMENT AGENCIES AND ITS INSTRUMENTALITIES AND GOVERNMENT-OWNED AND/OR CONTROLLED CORPORATIONS TO OCCUPATIONAL SAFETY AND HEALTH STANDARDS, PROMOTING AND PRESERVING THE WELFARE OF GOVERNMENT EMPLOYEES, AND FOR OTHER PURPOSES",
333,Ramon Bong  Revilla Jr.,Senator Senate of the Philippines,SBN-1461,AN ACT EXPANDING CERTAIN LEAVE BENEFITS OF GOVERNMENT OFFICIALS AND EMPLOYEES AND APPROPRIATING FUNDS THEREFOR,
333,Ramon Bong  Revilla Jr.,Senator Senate of the Philippines,SBN-1462,"AN ACT IMPOSING STIFFER PENALTIES FOR THE OFFENSES OF STEALING OR VANDALIZING OF GOVERNMENT ROAD AND TRAFFIC SIGNS, WARNING DEVICES, ACCESSORIES AND OTHER FACILITIES",
333,Ramon Bong  Revilla Jr.,Senator Senate of the Philippines,SBN-1463,"AN ACT REGULATING THE IMPOSITION OF FEES FOR THE USE OF PARKING SPACES LOCATED WITHIN COMMERCIAL AND BUSINESS ESTABLISHMENTS, INSTITUTIONS AND PARKING FACILITIES",
333,Ramon Bong  Revilla Jr.,Senator Senate of the Philippines,SBN-1464,"AN ACT UPHOLDING AND PROMOTING CAMPUS JOURNALISM AND CAMPUS PRESS FREEDOM, REPEALING FOR THE PURPOSE REPUBLIC ACT NO. 7079, OTHERWISE KNOWN AS AN ACT PROVIDING FOR THE DEVELOPMENT AND PROMOTION OF CAMPUS JOURNALISM, PENALIZING VIOLATIONS AGAINST CAMPUS PRESS FREEDOM, AND FOR OTHER PURPOSES",
333,Ramon Bong  Revilla Jr.,Senator Senate of the Philippines,SBN-1465,"AN ACT ALLOWING AND REGULATING THE USE OF MOTORCYCLES AS PUBLIC UTILITY VEHICLES, AMENDING FOR THIS PURPOSE REPUBLIC ACT NO. 4136, OTHERWISE KNOWN AS THE LAND TRANSPORTATION AND TRAFFIC CODE, AND FOR OTHER PURPOSES",
333,Ramon Bong  Revilla Jr.,Senator Senate of the Philippines,SBN-1466,"AN ACT INCREASING THE RECRUITMENT QUOTA REQUIREMENT OF FEMALE PHILIPPINE NATIONAL POLICE (PNP) OFFICERS, AMENDING SECTION 58 OF REPUBLIC ACT NO. 8551, OTHERWISE KNOWN AS THE PHILIPPINE NATIONAL POLICE REFORM AND REORGANIZATION ACT OF 1998, APPROPRIATING FUNDS THEREFOR, AND FOR OTHER PURPOSES",
333,Ramon Bong  Revilla Jr.,Senator Senate of the Philippines,SBN-1467,"AN ACT ESTABLISHING THE PHILIPPINE BUILDING ACT OF 2022, THEREBY REPEALING PRESIDENTIAL DECREE NO. 1096, OTHERWISE KNOWN AS THE 'ADOPTING A NATIONAL BUILDING CODE OF THE PHILIPPINES (NBCP) THEREBY REVISING REPUBLIC ACT NUMBERED SIXTY-FIVE HUNDRED
FORTY-ONE (R.A. NO. 6541)'",
333,Ramon Bong  Revilla Jr.,Senator Senate of the Philippines,SBN-1468,"AN ACT EXPANDING AND MODERNIZING THE KATARUNGANG PAMBARANGAY AND STRENGTHENING SUPPORT FOR THE BARANGAY JUSTICE SYSTEM AND ITS WORKERS, AND APPROPRIATING FUNDS THEREFOR",
333,Ramon Bong  Revilla Jr.,Senator Senate of the Philippines,SBN-1481,"AN ACT PROMOTING THE RIGHT TO REPAIR DIGITAL ELECTRONIC PRODUCTS, AND APPROPRIATING FUNDS THEREFOR",
333,Ramon Bong  Revilla Jr.,Senator Senate of the Philippines,SBN-1482,AN ACT MANDATING AND INSTITUTIONALIZING ROLL-OVER DATA ALLOCATION SCHEME AND PROVIDING FOR PENALTIES,
333,Ramon Bong  Revilla Jr.,Senator Senate of the Philippines,SBN-1483,"AN ACT AMENDING ARTICLE 2206 OF REPUBLIC ACT NO. 386, OTHERWISE KNOWN AS THE CIVIL CODE OF THE PHILIPPINES",
333,Ramon Bong  Revilla Jr.,Senator Senate of the Philippines,SBN-1484,"AN ACT EXEMPTING FROM TAX ALL DONATIONS, GRANTS, ENDOWMENTS, OR CONTRIBUTIONS USED ACTUALLY, DIRECTLY, AND EXCLUSIVELY FOR GOVERNMENT'S YOUTH AND SPORTS DEVELOPMENT PROGRAMS AND SPORTS COMPETITIONS",
333,Ramon Bong  Revilla Jr.,Senator Senate of the Philippines,SBN-1485,"AN ACT CREATING THE COUNCIL FOR THE BUILT ENVIRONMENT AND APPROPRIATING FUNDS THEREFOR, AND FOR OTHER PURPOSES",
333,Ramon Bong  Revilla Jr.,Senator Senate of the Philippines,SBN-1486,"AN ACT INSTITUTIONALIZING THE MANDATORY ESTABLISHMENT OF A POPULATION OFFICE IN ALL PROVINCES, CITIES AND MUNICIPALITIES, AMENDING FOR THE PURPOSE SECTION 488 (A) OF REPUBLIC ACT NO. 7160, OTHERWISE KNOWN AS THE LOCAL GOVERNMENT CODE OF 1991, AS AMENDED",
333,Ramon Bong  Revilla Jr.,Senator Senate of the Philippines,SBN-1487,"AN ACT ESTABLISHING A TOTAL BAN ON THE IMPORTATION OF WASTES, PROVIDING MEANS FOR ITS ENFORCEMENT, APPROPRIATIONS AND FOR OTHER PURPOSES",
333,Ramon Bong  Revilla Jr.,Senator Senate of the Philippines,SBN-1488,AN ACT ESTABLISHING A GREEN PUBLIC PROCUREMENT PROGRAM FOR ALL BRANCHES OF GOVERNMENT,
333,Ramon Bong  Revilla Jr.,Senator Senate of the Philippines,SBN-1489,AN ACT PROVIDING FOR THE FAIR AND EQUITABLE ALLOCATION OF FARM-TO- MARKET ROADS PROJECTS OF THE DEPARTMENT OF AGRICULTURE,
333,Ramon Bong  Revilla Jr.,Senator Senate of the Philippines,SBN-1490,"AN ACT ESTABLISHING THE ARCHIPELAGIC SEA LANES IN THE PHILIPPINE ARCHIPELAGIC WATERS, PRESCRIBING THE RIGHTS AND OBLIGATIONS OF FOREIGN SHIPS AND AIRCRAFT EXERCISING THE RIGHT OF ARCHIPELAGIC SEA LANES PASSAGE THROUGH THE ESTABLISHED ARCHIPELAGIC SEA LANES AND PROVIDING FOR THE ASSOCIATED PROTECTED MEASURES THEREIN",
333,Ramon Bong  Revilla Jr.,Senator Senate of the Philippines,SBN-1491,"AN ACT PROVIDING FOR A COMPREHENSIVE ATOMIC REGULATORY FRAMEWORK, CREATING FOR THE PURPOSE THE PHILIPPINE ATOMIC REGULATORY COMMISSION, AND APPROPRIATING FUNDS THEREFOR",
333,Ramon Bong  Revilla Jr.,Senator Senate of the Philippines,SBN-1492,"AN ACT AMENDING REPUBLIC ACT NO. 7880, OTHERWISE KNOWN AS AN ACT PROVIDING FOR THE FAIR AND EQUITABLE ALLOCATION OF THE DEPARTMENT OF EDUCATION BUDGET FOR CAPITAL OUTLAY",
333,Ramon Bong  Revilla Jr.,Senator Senate of the Philippines,SBN-1493,AN ACT GRANTING HAZARD PAY TO COVERED EMPLOYEES OF THE GOVERNMENT AND APPROPRIATING FUNDS THEREFOR,
333,Ramon Bong  Revilla Jr.,Senator Senate of the Philippines,SBN-1494,AN ACT GRANTING INCENTIVES AND OTHER BENEFITS TO RURAL HEALTH UNIT DOCTORS AND FOR OTHER PURPOSES,
333,Ramon Bong  Revilla Jr.,Senator Senate of the Philippines,SBN-1495,AN ACT TO ESTABLISH A GRANT PROGRAM TO PROVIDE COMPREHENSIVE EYE EXAMINATIONS TO CHILDREN,
333,Ramon Bong  Revilla Jr.,Senator Senate of the Philippines,SBN-1496,"AN ACT SEPARATING THE BACOOR NATIONAL HIGH SCHOOL-TABING DAGAT ANNEX IN BARANGAY TABING DAGAT, BACOOR CITY, CAVITE FROM THE BACOOR NATIONAL HIGH SCHOOL-MOLINO MAIN CAMPUS, CONVERTING IT INTO AN INDEPENDENT HIGH SCHOOL WITH FISCAL AUTONOMY (IMPLEMENTING UNIT) AND RENAMING IT TO PADRE MARIANO GOMES NATIONAL HIGH SCHOOL",
333,Ramon Bong  Revilla Jr.,Senator Senate of the Philippines,SBN-1497,"AN ACT ESTABLISHING THE GOVERNMENT VACCINE INDEMNIFICATION PROGRAM, PROVIDING FUNDS THEREFOR, AND FOR OTHER PURPOSES",
333,Ramon Bong  Revilla Jr.,Senator Senate of the Philippines,SBN-1501,"AN ACT AMENDING REPUBLIC ACT NO. 10366, OTHERWISE KNOWN AS AN ACT AUTHORIZING THE COMMISSION ON ELECTIONS TO DESIGNATE PRECINCTS ASSIGNED TO ACCESSIBLE POLLING PLACES EXCLUSIVELY FOR PERSONS WITH DISABILITIES AND SENIOR CITIZENS",
333,Ramon Bong  Revilla Jr.,Senator Senate of the Philippines,SBN-1502,"AN ACT PROHIBITING THE USE OF WORDS THAT WOULD DENOTE RELIGIOUS, REGIONAL OR ETHNIC AFFILIATION IN PRINT, RADIO, TELEVISION INCLUDING CABLE TELEVISION AND OTHER FORMS OF BROADCAST MEDIA TO REFER TO OR DESCRIBE ANY PERSON SUSPECTED OR CONVICTED OF A CRIME OR UNLAWFUL ACT AND PROVIDING PENALTIES THEREFOR",
333,Ramon Bong  Revilla Jr.,Senator Senate of the Philippines,SBN-1503,"AN ACT INCREASING THE PENALTIES FOR NON-COMPLIANCE OF THE PRESCRIBED INCREASES AND ADJUSTMENTS IN THE WAGE RATES OF WORKERS, AMENDING FOR THE
PURPOSE OF REPUBLIC ACT NO. 6727, OTHERWISE KNOWN AS THE 'WAGE RATIONALIZATION ACT' AND FOR OTHER PURPOSES",
333,Ramon Bong  Revilla Jr.,Senator Senate of the Philippines,SBN-1504,"AN ACT INSTITUTIONALIZING A PRE-HOSPITAL EMERGENCY CARE SYSTEM, PROVIDING FOR THE ESTABLISHMENT, SUPERVISION AND REGULATION OF THE PRE-HOSPITAL EMERGENCY CARE PROFESSION, AND FOR OTHER PURPOSES",
333,Ramon Bong  Revilla Jr.,Senator Senate of the Philippines,SBN-1505,"AN ACT RESTRUCTURING AND STRENGTHENING THE PHILIPPINE NATIONAL POLICE, AND CREATING ADDITIONAL POLICE OFFICES, AMENDING SECTIONS 25, 26, 28, 29, 31, 35, AND 36 OF REPUBLIC ACT NO. 6975, OR THE ''DEPARTMENT OF
THE INTERIOR AND LOCAL GOVERNMENT ACT OF 1990'', AND SECTION 13 OF REPUBLIC ACT NO. 8551, OR THE ''PHILIPPINE NATIONAL POLICE REFORM AND REORGANIZATION ACT OF 1998'', APPROPRIATING FUNDS THEREFOR, AND FOR
OTHER PURPOSES",
333,Ramon Bong  Revilla Jr.,Senator Senate of the Philippines,SBN-1506,"AN ACT PROVIDING THAT ALL CONTRACTUAL AND CASUAL EMPLOYEES IN THE GOVERNMENT SERVICE BE PAID CORRESPONDING WAGES DURING SPECIAL PUBLIC AND LOCAL HOLIDAYS, AND APPROPRIATING FUNDS THEREFOR",
333,Ramon Bong  Revilla Jr.,Senator Senate of the Philippines,SBN-1512,"AN ACT ESTABLISHING OVERSEAS FILIPINO WORKER (OFW) WARD TO BE KNOWN AS THE 'BAGONG BAYANI WARD' IN EVERY GOVERNMENT HOSPITAL, APPROPRIATING FUNDS THEREFOR AND FOR OTHER PURPOSES",
333,Ramon Bong  Revilla Jr.,Senator Senate of the Philippines,SBN-1513,"AN ACT PROVIDING FOR A REVISED NATIONAL APPRENTICESHIP PROGRAM, REPEALING FOR THE PURPOSE CHAPTERS I AND II OF TITLE II, BOOK II OF PRESIDENTIAL DECREE NO. 442, AS AMENDED, OTHERWISE KNOWN AS THE LABOR CODE OF THE PHILIPPINES",
333,Ramon Bong  Revilla Jr.,Senator Senate of the Philippines,SBN-1514,"AN ACT REQUIRING THE TEACHING OF BASIC ROAD SAFETY AND COMPREHENSIVE DRIVERS' EDUCATION AS PART OF THE CURRICULUM OF THE K-12 PROGRAM, AND FOR OTHER PURPOSES",
333,Ramon Bong  Revilla Jr.,Senator Senate of the Philippines,SBN-1515,"AN ACT PROHIBITING THE USE OF BPA AND PFAS IN BABY FOOD PACKAGING AND CONTAINERS, AND OTHER CHILD CARE ARTICLES",
333,Ramon Bong  Revilla Jr.,Senator Senate of the Philippines,SBN-1517,"AN ACT ESTABLISHING A NATIONAL HIGH SCHOOL IN THE CITY OF BACOOR, PROVINCE OF CAVITE, TO BE KNOWN AS THE BACOOR CITY NATIONAL SCIENCE HIGH SCHOOL,  AND APPROPRIATING FUNDS THEREFOR",
333,Ramon Bong  Revilla Jr.,Senator Senate of the Philippines,SBN-1518,AN ACT PROVIDING FOR THE MAGNA CARTA FOR PUBLIC DISASTER RISK REDUCTION AND MANAGEMENT WORKERS,
333,Ramon Bong  Revilla Jr.,Senator Senate of the Philippines,SBN-1520,"AN ACT REQUIRING AND REGULATING THE USE OF WEARABLE BODY CAMERAS AND DASHBOARD CAMERAS BY LAW ENFORCEMENT OFFICERS IN THE COURSE OF CONDUCTING A SEARCH OR MAKING AN ARREST, PROVIDING FUNDS THEREFOR, AND FOR OTHER PURPOSES",
333,Ramon Bong  Revilla Jr.,Senator Senate of the Philippines,SBN-1521,AN ACT GRANTING INCENTIVES TO FILIPINO INDEPENDENT FILMS WHO WERE GRANTED HONORS IN NOTABLE INTERNATIONAL FILM FESTIVALS AND APPROPRIATING FUNDS THEREFOR,
333,Ramon Bong  Revilla Jr.,Senator Senate of the Philippines,SBN-1522,"AN ACT STRENGTHENING THE ROLE OF PARENTS ASSOCIATIONS AND CREATING FOR THE PURPOSE THE NATIONAL PARENT COUNCIL, AND APPROPRIATING FUNDS THEREFOR",
333,Ramon Bong  Revilla Jr.,Senator Senate of the Philippines,SBN-1523,AN ACT PRESERVING THE INDIGENOUS GAMES IN THE PHILIPPINES,
333,Ramon Bong  Revilla Jr.,Senator Senate of the Philippines,SBN-1526,AN ACT UPGRADING THE POSITION OF SANITATION INSPECTOR TO THE NEXT HIGHER SALARY GRADE AND APPROPRIATING FUNDS THEREFOR,
333,Ramon Bong  Revilla Jr.,Senator Senate of the Philippines,SBN-1537,"AN ACT AMENDING SECTION 5 OF REPUBLIC ACT NO. 10752, OTHERWISE KNOWN AS AN ACT FACILITATING THE ACQUISITION OF
RIGHT-OF-WAY SITE OR LOCATION FOR NATIONAL GOVERNMENT INFRASTRUCTURE PROJECTS AND FOR OTHER PURPOSES",
333,Ramon Bong  Revilla Jr.,Senator Senate of the Philippines,SBN-1538,"AN ACT REQUIRING ALL GRADUATING ELEMENTARY, HIGH SCHOOL AND COLLEGE STUDENTS TO PLANT AT LEAST TEN (10) TREES EACH AS A PREREQUISITE FOR GRADUATION AND FOR OTHER RELATED PURPOSES",
333,Ramon Bong  Revilla Jr.,Senator Senate of the Philippines,SBN-1539,"AN ACT AMENDING REPUBLIC ACT NO. 7925, OTHERWISE KNOWN AS THE PUBLIC TELECOMMUNICATIONS POLICY ACT OF THE PHILIPPINES, BY REQUIRING PUBLIC TELECOMMUNICATIONS ENTITIES AND INTERNET SERVICE PROVIDERS TO INSTITUTE A REFUND MECHANISM FOR SERVICE OUTAGES AND DISRUPTIONS",
333,Ramon Bong  Revilla Jr.,Senator Senate of the Philippines,SBN-1540,"AN ACT GRANTING EDUCATIONAL ASSISTANCE AND BENEFITS TO THE DEPENDENTS OF ALL MEMBERS OF THE ARMED FORCES OF THE PHILIPPINES (AFP), PHILIPPINE NATIONAL POLICE (PNP), BUREAU OF FIRE PROTECTION (BFP), BUREAU OF JAIL MANAGEMENT AND PENOLOGY (BJMP), NATIONAL BUREAU OF INVESTIGATION (NBI), PHILIPPINE DRUG ENFORCEMENT AGENCY (PDEA), PHILIPPINE COAST GUARD (PCG) AND BUREAU OF CORRECTIONS (BUCOR) WHO ARE KILLED OR PERMANENTLY INCAPACITATED WHILE IN THE PERFORMANCE OF THEIR DUTY OR BY REASON OF THEIR OFFICE OR POSITION",
333,Ramon Bong  Revilla Jr.,Senator Senate of the Philippines,SBN-1541,AN ACT PROMOTING THE ADOPTION OF DIGITAL PAYMENTS FOR FINANCIAL TRANSACTIONS OF THE GOVERNMENT AND ALL MERCHANTS AND FOR OTHER PURPOSES,
333,Ramon Bong  Revilla Jr.,Senator Senate of the Philippines,SBN-1542,"AN ACT INSTITUTIONALIZING THE TRANSITION OF THE GOVERNMENT TO E- GOVERNANCE IN THE DIGITAL AGE, APPROPRIATING FUNDS THEREFOR, AND FOR OTHER PURPOSES",
333,Ramon Bong  Revilla Jr.,Senator Senate of the Philippines,SBN-1543,"AN ACT ESTABLISHING THE PHILIPPINE NATIONAL PUBLIC PARKS SYSTEM, AND APPROPRIATING FUNDS, THEREFOR",
333,Ramon Bong  Revilla Jr.,Senator Senate of the Philippines,SBN-1544,"AN ACT REGULATING THE PRACTICE OF THE AGRICULTURE PROFESSION IN THE PHILIPPINES, CREATING FOR THE PURPOSE A PROFESSIONAL REGULATORY BOARD FOR AGRICULTURISTS, AND APPROPRIATING FUNDS THEREFOR",
333,Ramon Bong  Revilla Jr.,Senator Senate of the Philippines,SBN-1545,AN ACT GRANTING SANITARY LEAVE OF ONE (1) DAY A MONTH WITH ONE HUNDRED PERCENT DAILY REMUNERATION TO ALL FEMALE EMPLOYEES,
333,Ramon Bong  Revilla Jr.,Senator Senate of the Philippines,SBN-1546,"AN ACT DECLARING JULY 27 OF EVERY YEAR A SPECIAL NATIONAL NON-WORKING HOLIDAY, AMENDING FOR THE PURPOSE REPUBLIC ACT NO. 9645, OTHERWISE KNOWN AS THE COMMEMORATION OF THE FOUNDING ANNIVERSARY OF IGLESIA NI CRISTO",
333,Ramon Bong  Revilla Jr.,Senator Senate of the Philippines,SBN-1556,AN ACT STRENGTHENING THE EMPLOYMENT RIGHTS FOR MEMBERS OF THE CITIZEN ARMED FORCES OR THE RESERVE FORCE OF THE ARMED FORCES OF THE PHILIPPINES AND FOR OTHER PURPOSES,
333,Ramon Bong  Revilla Jr.,Senator Senate of the Philippines,SBN-1557,"AN ACT EXPANDING THE COVERAGE OF THE TELECOMMUTING ACT AND PROVIDING INCENTIVES FOR TELECOMMUTING EMPLOYEES, AMENDING FOR THE PURPOSE, REPUBLIC ACT NO. 11165, OTHERWISE KNOWN AS THE TELECOMMUTING ACT AND FOR OTHER PURPOSES",
333,Ramon Bong  Revilla Jr.,Senator Senate of the Philippines,SBN-1558,"AN ACT REQUIRING ESTABLISHMENTS TO PROVIDE PRIORITY SEATING FOR THE ELDERLY, AND PROVIDING PENALTIES FOR THE VIOLATIONS THEREOF FURTHER AMENDING FOR THIS PURPOSE REPUBLIC ACT NO. 9994, OTHERWISE KNOWN AS EXPANDED SENIOR CITIZENS ACT",
333,Ramon Bong  Revilla Jr.,Senator Senate of the Philippines,SBN-1559,"AN ACT EDUCATING THE PUBLIC, SENIOR CITIZENS, THEIR FAMILIES AND THEIR CAREGIVERS ON IDENTIFYING AND PREVENTING FRAUDULENT ACTIVITIES TARGETING SENIOR CITIZENS",
333,Ramon Bong  Revilla Jr.,Senator Senate of the Philippines,SBN-1560,AN ACT REDEFINING THE CRIME OF GAME-FIXING AND PRESCRIBING STIFFER PENALTIES THEREFOR,
333,Ramon Bong  Revilla Jr.,Senator Senate of the Philippines,SBN-1561,AN ACT TO IMPROVE THE QUALITY OF BEACHES AND COASTAL RECREATION WATER,
333,Ramon Bong  Revilla Jr.,Senator Senate of the Philippines,SBN-1562,AN ACT ESTABLISHING A NATIONAL FRAMEWORK FOR THE MANDATORY ENVIRONMENTAL INSURANCE COVERAGE OF ENVIRONMENTALLY CRITICAL PROJECTS,
333,Ramon Bong  Revilla Jr.,Senator Senate of the Philippines,SBN-1563,AN ACT PROVIDING FOR A 30-YEAR NATIONAL INFRASTRUCTURE PROGRAM,
333,Ramon Bong  Revilla Jr.,Senator Senate of the Philippines,SBN-1564,"AN ACT ESTABLISHING THE SCOPE AND PROCEDURE FOR PHILIPPINE SHIP REGISTRY, RECOGNITION AND ENFORCEMENT OF MARITIME CLAIMS, AND LIMITATION OF LIABILITY, AS WELL AS PROVIDING ESSENTIAL INCENTIVES, TO PROMOTE A COMPREHENSIVE AND ORDERLY PHILIPPINE SHIP REGISTRY SYSTEM FOR THE REGULATION OF VESSELS CARRYING THE FLAG STATE",
333,Ramon Bong  Revilla Jr.,Senator Senate of the Philippines,SBN-1566,"AN ACT REQUIRING A BASIC FIRST AID TRAINING FOR PERSONNEL OR TOURISM ENTERPRISES, TOURISM-ORIENTED NON-GOVERNMENT ORGANIZATIONS AND PEOPLE'S ORGANIZATIONS, AND INDIVIDUAL PROVIDERS OF
TOURISM-RELATED SERVICES",
333,Ramon Bong  Revilla Jr.,Senator Senate of the Philippines,SBN-1567,"AN ACT DECLARING THE BASILICA OF OUR LADY OF THE ROSARY OF MANAOAG IN THE MUNICIPALITY OF MANAOAG, PROVINCE OF PANGASINAN AS A PILGRIMAGE SITE AND TOURISM DESTINATION, PROVIDING FOR ITS DEVELOPMENT AND APPROPRIATING FUNDS THEREFOR",
333,Ramon Bong  Revilla Jr.,Senator Senate of the Philippines,SBN-1568,"AN ACT PROVIDING AUTOMATIC PROMOTION OF GOVERNMENT OFFICIALS AND EMPLOYEES UPON RETIREMENT FROM GOVERNMENT SERVICE, AND FOR OTHER PURPOSES",
333,Ramon Bong  Revilla Jr.,Senator Senate of the Philippines,SBN-1569,"AN ACT ESTABLISHING THE PHILIPPINE EHEALTH SYSTEM IN THE DELIVERY OF HEALTH SERVICES WITH THE USE OF INFORMATION AND COMMUNICATIONS TECHNOLOGY IN THE PHILIPPINES, AND APPROPRIATING FUNDS THEREFOR",
333,Ramon Bong  Revilla Jr.,Senator Senate of the Philippines,SBN-1570,AN ACT TO PROVIDE YOUTH SUICIDE EARLY INTERVENTION AND PREVENTION,
333,Ramon Bong  Revilla Jr.,Senator Senate of the Philippines,SBN-1571,"AN ACT MODERNIZING THE REGULATION OF HEALTH FACILITIES AND SERVICES, AND APPROPRIATING FUNDS THEREFOR, REPEALING FOR THE PURPOSE REPUBLIC ACT NO. 4226, OTHERWISE KNOWN AS THE 'HOSPITAL LICENSURE ACT'",
333,Ramon Bong  Revilla Jr.,Senator Senate of the Philippines,SBN-1572,"AN ACT MANDATING THE SECRETARIES OF THE DEPARTMENT OF FINANCE, NATIONAL ECONOMIC AND DEVELOPMENT AUTHORITY, AND DEPARTMENT OF BUDGET AND MANAGEMENT, AND THE GOVERNOR OF THE BANGKO SENTRAL NG PILIPINAS, TO APPEAR SEMI-ANNUALLY BEFORE CONGRESS TO REPORT ON THE STATUS AND DIRECTIONS OF THE FISCAL AND MONETARY POLICIES OF THE STATE",
333,Ramon Bong  Revilla Jr.,Senator Senate of the Philippines,SBN-1573,"AN ACT EXPANDING THE COVERAGE OF THE SENIOR CITIZENS' ACT, AMENDING FOR THE PURPOSE REPUBLIC ACT NO. 7432, AS AMENDED",
333,Ramon Bong  Revilla Jr.,Senator Senate of the Philippines,SBN-1577,"AN ACT PROVIDING ENHANCED PROTECTION, SECURITY, AND BENEFITS FOR MEDIA AND ENTERTAINMENT WORKERS",
333,Ramon Bong  Revilla Jr.,Senator Senate of the Philippines,SBN-1578,AN ACT MANDATING PUBLIC AND PRIVATE EDUCATIONAL INSTITUTIONS AND ALL BUSINESS ESTABLISHMENTS TO PARTICIPATE IN THE CONDUCT OF A QUARTERLY NATIONWIDE SIMULTANEOUS EARTHQUAKE AND EMERGENCY PREPAREDNESS DRILL AND PROVIDING PENALTIES FOR VIOLATIONS THEREOF,
333,Ramon Bong  Revilla Jr.,Senator Senate of the Philippines,SBN-1579,"AN ACT AMENDING SECTION 6 OF REPUBLIC ACT NO. 1379, OTHERWISE KNOWN AS 'AN ACT DECLARING FORFEITURE IN FAVOR OF THE STATE ANY PROPERTY FOUND TO HAVE BEEN UNLAWFULLY ACQUIRED BY ANY PUBLIC OFFICER OR EMPLOYEE AND PROVIDING FOR THE PROCEEDINGS THEREFOR' AND FOR OTHER PURPOSES",
333,Ramon Bong  Revilla Jr.,Senator Senate of the Philippines,SBN-1580,"AN ACT AMENDING REPUBLIC ACT NO. 7743, OTHERWISE KNOWN AS 'AN ACT PROVIDING FOR THE ESTABLISHMENT OF CONGRESSIONAL, CITY, AND MUNICIPAL LIBRARIES AND BARANGAY READING CENTERS THROUGHOUT THE PHILIPPINES', AND FOR OTHER PURPOSES",
333,Ramon Bong  Revilla Jr.,Senator Senate of the Philippines,SBN-1581,"AN ACT REQUIRING THE EMPLOYMENT OF QUALIFIED LIFEGUARDS IN ALL PUBLIC SWIMMING POOLS AND BATHING FACILITIES, AND PROVIDING PENALTIES FOR VIOLATION THEREOF",
333,Ramon Bong  Revilla Jr.,Senator Senate of the Philippines,SBN-1582,AN ACT PROVIDING FOR THE SUMMARY TITLING OF REAL PROPERTIES USED AS PUBLIC-SCHOOL SITES,
333,Ramon Bong  Revilla Jr.,Senator Senate of the Philippines,SBN-1583,AN ACT PROVIDING FOR THE COMPULSORY REGISTRATION OF HEAVY EQUIPMENT,
333,Ramon Bong  Revilla Jr.,Senator Senate of the Philippines,SBN-1584,AN ACT PROVIDING A SAFE HAVEN FOR NEWBORN INFANTS ABANDONED AT BIRTH,
333,Ramon Bong  Revilla Jr.,Senator Senate of the Philippines,SBN-1585,AN ACT PROTECTING THE USERS OF RADIO FREQUENCY IDENTIFICATION DEVICES,
333,Ramon Bong  Revilla Jr.,Senator Senate of the Philippines,SBN-1590,"AN ACT CRIMINALIZING THE CREATION AND DISSEMINATION OF FAKE NEWS FOR THE PROTECTION FROM ONLINE FALSEHOODS AND MANIPULATION, AMENDING FOR THE PURPOSE REPUBLIC ACT NO. 10175, OTHERWISE KNOWN AS THE CYBERCRIME PREVENTION ACT OF 2012",
333,Ramon Bong  Revilla Jr.,Senator Senate of the Philippines,SBN-1595,AN ACT DEFINING WHO ARE INSTITUTIONALIZED PERSONS AND PENALIZING THEIR MALTREATMENT,
333,Ramon Bong  Revilla Jr.,Senator Senate of the Philippines,SBN-1596,"AN ACT CONFERRING THE CADETS OF THE PHILIPPINE NATIONAL POLICE ACADEMY THE STATUS OF GOVERNMENT EMPLOYEE, GRANTING SALARIES, BENEFITS, AND PRIVILEGES",
333,Ramon Bong  Revilla Jr.,Senator Senate of the Philippines,SBN-1606,"AN ACT ENHANCING THE REGULATION ON EMPLOYMENT OF FOREIGN NATIONALS AND TRANSFER OF TECHNOLOGY, AMENDING FOR THE PURPOSE ARTICLES 40, 41 AND 42 OF PRESIDENTIAL DECREE NO. 442, AS AMENDED, OTHERWISE KNOWN AS THE LABOR CODE OF THE PHILIPPINES AND FOR OTHER PURPOSES",
333,Ramon Bong  Revilla Jr.,Senator Senate of the Philippines,SBN-1608,"AN ACT PROVIDING FREE LEGAL ASSISTANCE TO ANY OFFICER OR ENLISTED PERSONNEL OF THE ARMED FORCES OF THE PHILIPPINES (AFP) AND THE PHILIPPINE NATIONAL POLICE (PNP) ON ANY CHARGE BEFORE THE PROSECUTOR'S OFFICE, COURT, ADMINISTRATIVE OR ANY COMPETENT BODY ARISING FROM AN INCIDENT OR INCIDENTS RELATED TO THE PERFORMANCE OF OFFICIAL DUTY",
333,Ramon Bong  Revilla Jr.,Senator Senate of the Philippines,SBN-1617,"AN ACT REORGANIZING AND CONVERTING THE INSURANCE COMMISSION INTO A COLLEGIAL BODY, AMENDING SECTIONS 437, 438 AND 439 OF REPUBLIC ACT NO. 10607, OTHERWISE KNOWN AS THE INSURANCE CODE, AS AMENDED",
333,Ramon Bong  Revilla Jr.,Senator Senate of the Philippines,SBN-1618,"AN ACT STRENGTHENING RURAL BANKS IN THE PHILIPPINES, AMENDING FURTHER FOR THE PURPOSE REPUBLIC ACT NO. 7353, OTHERWISE KNOWN AS THE RURAL BANKS ACT OF 1992, AS AMENDED",
333,Ramon Bong  Revilla Jr.,Senator Senate of the Philippines,SBN-1619,"AN ACT CREATING THE LAGUNA LAKE CONSERVATION AUTHORITY (LLCA)F THEREBY REPEALING REPUBLIC ACT NO. 4850, AS AMENDED, OTHERWISE KNOWN AS THE LAGUNA LAKE DEVELOPMENT AUTHORITY ACT OF 1966, AND FOR OTHER PURPOSES",
333,Ramon Bong  Revilla Jr.,Senator Senate of the Philippines,SBN-1621,AN ACT PROVIDING 13TH MONTH PAY TO GOVERNMENT CONTRACTUAL AND JOB ORDER PERSONNEL,
333,Ramon Bong  Revilla Jr.,Senator Senate of the Philippines,SBN-1626,"AN ACT FACILITATING THE ADMINISTRATION OF JUSTICE BY STRENGTHENING THE FRAUD DETECTION, PREVENTION AND ELIMINATION CAPABILITY OF THE GOVERNMENT BY CREATING A PHILIPPINE DEATH CHECK (PDC) REGISTER AND ONLINE DEATH VERIFICATION (ODV) SYSTEM UNDER THE PHILIPPINE STATISTICS AUTHORITY, AMENDING SECTION 6 OF ACT NO. 3753, AND FOR OTHER PURPOSES",
333,Ramon Bong  Revilla Jr.,Senator Senate of the Philippines,SBN-1627,"AN ACT ESTABLISHING THE DRUG PRICE REGULATORY BOARD TO REGULATE THE PRICES OF DRUGS AND MEDICINES IN THE PHILIPPINES AMENDING FOR THE PURPOSE REPUBLIC ACT NO. 9502, OTHERWISE KNOWN AS THE UNIVERSALLY ACCESSIBLE CHEAPER AND QUALITY MEDICINES ACT OF 2008 AND FOR OTHER PURPOSES",
333,Ramon Bong  Revilla Jr.,Senator Senate of the Philippines,SBN-1628,"AN ACT ESTABLISHING THE PHILIPPINE ENTREPRENEURS' ACADEMY, AND APPROPRIATING FUNDS THEREFOR",
333,Ramon Bong  Revilla Jr.,Senator Senate of the Philippines,SBN-1629,"AN ACT UPGRADING THE KAWIT KALAYAAN HOSPITAL IN KAWIT, CAVITE TO A LEVEL II DISTRICT HOSPITAL AND INCREASING ITS BED CAPACITY TO ONE HUNDRED, AND APPROPRIATING FUNDS THEREFOR",
333,Ramon Bong  Revilla Jr.,Senator Senate of the Philippines,SBN-1630,AN ACT STRENGTHENING THE MENTAL HEALTH SERVICES OF STATE UNIVERSITIES AND COLLEGES (SUCS) AND APPROPRIATING FUNDS THEREFOR,
333,Ramon Bong  Revilla Jr.,Senator Senate of the Philippines,SBN-1631,"AN ACT PROMOTING BUSINESS GROWTH AND RECOVERY BY REDUCING THE COST OF BUSINESS COMPLIANCE FOR MICRO, SMALL AND MEDIUM ENTERPRISES (MSMES), AMENDING FOR THE PURPOSE THE NATIONAL INTERNAL REVENUE CODE OF 1997, AS AMENDED",
333,Ramon Bong  Revilla Jr.,Senator Senate of the Philippines,SBN-1632,"AN ACT ESTABLISHING A SPECIAL DEFENSE ECONOMIC ZONE (SPEDEZ) INSIDE THE GOVERNMENT ARSENAL DEFENSE INDUSTRIAL ESTATE LOCATED IN CAMP GENERAL ANTONIO LUNA, LAMAO, MUNICIPALITY OF LIMAY, PROVINCE OF BATAAN, CREATING FOR THIS PURPOSE THE SPECIAL DEFENSE ECONOMIC ZONE AUTHORITY (SPEDEZA) AND APPROPRIATING FUNDS THEREFOR",
333,Ramon Bong  Revilla Jr.,Senator Senate of the Philippines,SBN-1646,"AN ACT PROVIDING FOR DEVELOPMENT AND MODERNIZATION FUND FOR THE CIVIL AVIATION AUTHORITY OF THE PHILIPPINES (CAAP)F TO ENSURE UPGRADES TO ITS STANDARDS, SYSTEMS AND PROCEDURES PRESCRIBED FOR CIVIL AVIATION PRACTICES AND FOR OTHER PURPOSES",
333,Ramon Bong  Revilla Jr.,Senator Senate of the Philippines,SBN-1654,"AN ACT STRENGTHENING THE CIVIL AVIATION AUTHORITY OF THE PHILIPPINES, AMENDING FOR THE PURPOSE REPUBLIC ACT NO. 9497, OTHERWISE KNOWN AS CIVIL AVIATION AUTHORITY ACT OF 2008",
333,Ramon Bong  Revilla Jr.,Senator Senate of the Philippines,SBN-1655,"AN ACT MAINTAINING AND PRESERVING FILIPINO FILMS, CREATING THE PHILIPPINE FILM ARCHIVE, APPROPRIATING FUNDS THEREFOR AND FOR OTHER PURPOSES",
333,Ramon Bong  Revilla Jr.,Senator Senate of the Philippines,SBN-1656,"AN ACT TO DESIGNATE SEPTEMBER AS PHILIPPINE FILM INDUSTRY MONTH AND MANDATE THE FILM DEVELOPMENT COUNCIL OF THE PHILIPPINES TO CONDUCT EVENTS ON VARIOUS FILM-RELATED DISCIPLINES DURING ITS CELEBRATION, TO APPROPRIATE FUNDS THEREFOR, AND FOR OTHER PURPOSES",
333,Ramon Bong  Revilla Jr.,Senator Senate of the Philippines,SBN-1657,AN ACT INSTITUTIONALIZING INDUSTRY CLUSTER-BASED PROGRAMS AND PROJECTS THROUGH INTER-LOCAL COOPERATION AND PEOPLES PARTICIPATION,
333,Ramon Bong  Revilla Jr.,Senator Senate of the Philippines,SBN-1658,AN ACT CREATING THE OFFICE OF TANODBATA AND PROVIDING FUNDS THEREFOR,
333,Ramon Bong  Revilla Jr.,Senator Senate of the Philippines,SBN-1703,"AN ACT PROVIDING FOR THE GRANT OF SECURITY OF TENURE FOR ALL CASUAL AND  CONTRACTUAL EMPLOYEES OF THE GOVERNMENT WHO HAVE RENDERED THE
PRESCRIBED LENGTH OF SERVICE AND FOR OTHER PURPOSES",
333,Ramon Bong  Revilla Jr.,Senator Senate of the Philippines,SBN-1791,"AN ACT AMENDING REPUBLIC ACT NO. 11223, OTHERWISE KNOWN AS THE UNIVERSAL HEALTH CARE ACT",
333,Ramon Bong  Revilla Jr.,Senator Senate of the Philippines,SBN-1792,AN ACT ESTABLISHING A NO-HOMEWORK POLICY FOR ALL ELEMENTARY AND JUNIOR HIGH SCHOOLS IN THE COUNTRY,
333,Ramon Bong  Revilla Jr.,Senator Senate of the Philippines,SBN-1793,AN ACT EXEMPTING QUALIFIED INDIGENT FILIPINOS FROM PAYMENT OF PROFESSIONAL EXAMINATION FEES AND FOR OTHER PURPOSES,
333,Ramon Bong  Revilla Jr.,Senator Senate of the Philippines,SBN-1794,AN ACT PROVIDING FOR A SYSTEM OF REDISTRIBUTING AND RECYCLING FOOD WASTE TO PROMOTE FOOD SECURITY,
333,Ramon Bong  Revilla Jr.,Senator Senate of the Philippines,SBN-1832,"AN ACT LOWERING THE OPTIONAL RETIREMENT AGE OF GOVERNMENT WORKERS FROM SIXTY (60) YEARS TO FIFTY-SIX (56) YEARS, AMENDING FOR THE PURPOSE SECTION 13-A OF REPUBLIC ACT 8291, OTHERWISE KNOWN AS THE GOVERNMENT SERVICE INSURANCE SYSTEM ACT OF 1997",
333,Ramon Bong  Revilla Jr.,Senator Senate of the Philippines,SBN-1833,"AN ACT PROVIDING FOR A BILL OF RIGHTS FOR AIR PASSENGERS, PENALIZING VIOLATIONS THEREOF, AND FOR OTHER PURPOSES",
333,Ramon Bong  Revilla Jr.,Senator Senate of the Philippines,SBN-1838,"AN ACT TO ENSURE GENDER RESPONSIVE AND INCLUSIVE PROTOCOLS AND PROGRAMMING TO ADDRESS THE GENDER-DIFFERENTIATED NEEDS OF WOMEN DURING PANDEMICS, PUBLIC HEALTH CONCERNS, EMERGENCIES AND DISASTERS",
333,Ramon Bong  Revilla Jr.,Senator Senate of the Philippines,SBN-1851,AN ACT DECLARING THE PROVINCE OF ILOCOS NORTE AS THE GARLIC CAPITAL OF THE PHILIPPINES,
333,Ramon Bong  Revilla Jr.,Senator Senate of the Philippines,SBN-1852,"AN ACT PROVIDING ADDITIONAL TAX INCENTIVES ON GIFTS AND DONATIONS TO ACCREDITED FARMERS AND FISHERFOLK ENTERPRISES UNDER THE FARMERS AND FISHERFOLK ENTERPRISE DEVELOPMENT PROGRAM OF THE DEPARTMENT OF AGRICULTURE, AMENDING FOR THE PURPOSE REPUBLIC ACT NO. 11321, OTHERWISE KNOWN AS THE SAGIP SAKA ACT",
333,Ramon Bong  Revilla Jr.,Senator Senate of the Philippines,SBN-1853,AN ACT CREATING AN AGRICULTURAL PENSION PROGRAM TO PROVIDE SOCIAL SECURITY AND PENSION BENEFITS TO FARMERS AND FISHERFOLK,
333,Ramon Bong  Revilla Jr.,Senator Senate of the Philippines,SBN-1865,"AN ACT PROVIDING FOR A MAGNA CARTA OF TRICYCLE DRIVERS AND OPERATORS, INSTITUTIONALIZING MECHANISMS FOR ITS IMPLEMENTATION AND FOR OTHER PURPOSES",
333,Ramon Bong  Revilla Jr.,Senator Senate of the Philippines,SBN-21,"AN ACT AMENDING SECTION 2 OF REPUBLIC ACT NO. 10868, OTHERWISE KNOWN AS THE CENTENARIANS ACT OF 2016 AND FOR OTHER PURPOSES",
333,Ramon Bong  Revilla Jr.,Senator Senate of the Philippines,SBN-23,"AN ACT PROVIDING DIRECT FINANCIAL ASSISTANCE TO FILIPINO RICE FARMERS, ESTABLISHING FOR THE PURPOSE THE PANTAWID MAGSASAKANG PILIPINO PROGRAM, PROVIDING FUNDS THEREFOR, AND FOR OTHER PURPOSES",
333,Ramon Bong  Revilla Jr.,Senator Senate of the Philippines,SBN-24,"AN ACT GRANTING 15 DAYS OF PAID LEAVE A YEAR TO EMPLOYEES WHOSE SPOUSE, PARENT, UNMARRIED CHILD, OR WHEN THEY THEMSELVES ARE SUFFERING FROM SERIOUS ILLNESS",
333,Ramon Bong  Revilla Jr.,Senator Senate of the Philippines,SBN-25,"AN ACT PROVIDING FOR A FREE PUBLIC HOUSING PROGRAM, AMENDING FOR THAT PURPOSE REPUBLIC ACT NO. 11201, AND FOR OTHER FURPOSES",
333,Ramon Bong  Revilla Jr.,Senator Senate of the Philippines,SBN-258,"AN ACT INSTITUTIONALIZING THE ?ONE TABLET, ONE STUDENT? PROGRAM FOR ALL STUDENTS ENROLLED IN PUBLIC SCHOOLS AND STATE UNIVERSITIES AND COLLEGES, APPROPRIATING FUNDS THEREFOR AND FOR OTHER PURPOSES",
333,Ramon Bong  Revilla Jr.,Senator Senate of the Philippines,SBN-259,AN ACT PROVIDING INDIGENT JOB APPLICANTS A 20% DISCOUNT IN THE PAYMENT OF FEES AND CHARGES FOR CERTAIN CERTIFICATES AND CLEARANCES ISSUED BY GOVERNMENT AGENCIES,
333,Ramon Bong  Revilla Jr.,Senator Senate of the Philippines,SBN-26,"AN ACT ACCELERATING THE IMPLEMENTATION OF THE PHILIPPINE HEALTH FACILITY DEVELOPMENT PLAN, THEREBY CREATING A BUILD, BUILD, BUILD PROGRAM FOR HOSPITALS AND OTHER HEALTH FACILITIES, AND APPROPRIATING FUNDS THEREFOR",
333,Ramon Bong  Revilla Jr.,Senator Senate of the Philippines,SBN-260,"AN ACT INSTITUTIONALIZING THE ONE TOWN, ONE PRODUCT (OTOP) PHILIPPINES PROGRAM, APPROPRIATING FUNDS THEREFOR, AND FOR OTHER PURPOSES",
333,Ramon Bong  Revilla Jr.,Senator Senate of the Philippines,SBN-261,"AN ACT FURTHER PROMOTING ENTREPRENEURSHIP BY STRENGTHENING, EMPOWERING, AND ENHANCING THE FINANCING AND OTHER SUPORT PROGRAMS FOR MICRO, SMALL AND MEDIUM ENTERPRISES, AMENDING FOR THE PURPOSE REPUBLIC ACT NO. 6977, AS AMENDED, OTHERWISE KNOWN AS THE ?MAGNA CARTA FOR MICRO, SMALL AND MEDIUM ENTERPRISES (MSMES)",
333,Ramon Bong  Revilla Jr.,Senator Senate of the Philippines,SBN-262,"AN ACT EXPANDING THE GRANT OF 20% DISCOUNT AND EXEMPTION FROM THE VALUE ADDED TAX (VAT) TO SENIOR CITIZENS TO INCLUDE MEDICINES, SUPPLEMENTS, VITAMINS, HERBAL PRODUCTS AND FORMULATED MILK MEDICALLY DULY PRESCRIBED OR RECOMMENDED BY PHYSICIANS",
333,Ramon Bong  Revilla Jr.,Senator Senate of the Philippines,SBN-263,"AN ACT ENSURING THE OCCUPATIONAL HEALTH, SAFETY AND WELFARE OF BUSINESS PROCESS OUTSOURCING (BPO) WORKERS AND OTHER SIMILARLY SITUATED PROFESSIONALS",
333,Ramon Bong  Revilla Jr.,Senator Senate of the Philippines,SBN-264,"AN ACT AMENDING CERTAIN PROVISIONS OF REPUBLIC ACT NO. 10912, OTHERWISE KNOWN AS THE ?CONTINUING PROFESSIONAL DEVELOPMENT ACT OF 2016",
333,Ramon Bong  Revilla Jr.,Senator Senate of the Philippines,SBN-265,AN ACT ESTABLISHING A CREDIT ASSISTANCE PROGRAM FOR OVERSEAS FILIPINO WORKERS,
333,Ramon Bong  Revilla Jr.,Senator Senate of the Philippines,SBN-266,AN ACT DIRECTING THE CONVERSION OF SANGLEY POINT IN CAVITE CITY INTO AN INTERNATIONAL LOGISTICS HUB,
333,Ramon Bong  Revilla Jr.,Senator Senate of the Philippines,SBN-267,AN ACT INCREASING THE SALARY GRADE OF PUBLIC SCHOOL TEACHERS FROM SALARY GRADE 11 TO 15 AND PROVIDING FUNDS THEREFOR,
333,Ramon Bong  Revilla Jr.,Senator Senate of the Philippines,SBN-27,"AN ACT ESTABLISHING THE NATIONAL CENTER FOR GERIATRIC HEALTH AND REASERCH INSTITUTE, DEFINING ITS POWERS AND FUNCTIONS, CREATING REGIONAL GERIATRIC SPECIALTY CENTERS IN THE DEPARTMENT OF HEALTH-RETAINED HOSPITALS, AND APPROPRIATING FUNDS THEREFOR",
333,Ramon Bong  Revilla Jr.,Senator Senate of the Philippines,SBN-28,"AN ACT REVIVING THE PHILIPPINE MOVIE INDUSTRY BY PROVIDING INCENTIVES TO THE PROPRIETORS, LESSEES, OPERATORS OF THEATERS AND CINEMAS",
333,Ramon Bong  Revilla Jr.,Senator Senate of the Philippines,SBN-29,"AN ACT EXPANDING THE COVERAGE OF THE TERTIARY EDUCATION SUBSIDY, AMENDING FOR THE PURPOSE REPUBLIC ACT NO. 10931, OTHERWISE KNOWN AS THE UNIVERSAL ACCESS TO QUALITY TERTIARY EDUCATION ACT",
333,Ramon Bong  Revilla Jr.,Senator Senate of the Philippines,SBN-30,AN ACT PROVIDING A FRAMEWORK TO PROTECT AND PROMOTE THE RIGHT TO ADEQUATE FOOD,
333,Ramon Bong  Revilla Jr.,Senator Senate of the Philippines,SBN-501,"AN ACT ESTABLISHING THE DISABILITY SUPPORT FUND FOR THE EMPOWERMENT, FULL PARTICIPATION AND INCLUSION OF PERSONS WITH DISABILITIES IN SOCIETY AND APPROPRIATING FUNDS THEREFOR",
333,Ramon Bong  Revilla Jr.,Senator Senate of the Philippines,SBN-502,AN ACT MANDATING ALL PUBLIC AND PRIVATE MEDICAL INSTITUTIONS AND HOSPITALS TO PROVIDE FOR MOTORCYCLE MEDICAL EMERGENCY FIRST-RESPONDERS,
333,Ramon Bong  Revilla Jr.,Senator Senate of the Philippines,SBN-503,"AN ACT DIGITIZING ALL BOOKS NECESSARY FOR PUBLIC EDUCATION AND ESTABLISHING THE PHILIPPINE ONLINE LIBRARY, PROVIDING FUNDS THEREFOR, AND FOR OTHER PURPOSES",
333,Ramon Bong  Revilla Jr.,Senator Senate of the Philippines,SBN-504,"AN ACT STRENGTHENING PUBLIC HEALTH EMERGENCY PREPAREDNESS IN THE PHILIPPINES, PROVIDING FOR A NATIONAL PUBLIC HEALTH EMERGENCY RESPONSE PLAN, AND MANDATING RELIEF AND RECOVERY MEASURES, AND APPROPRIATING FUNDS THEREFOR",
333,Ramon Bong  Revilla Jr.,Senator Senate of the Philippines,SBN-505,"AN ACT INSTITUTIONALIZING A PHILIPPINE
SELF-RELIANT DEFENSE POSTURE PROGRAM AND PROMOTING THE DEVELOPMENT OF A NATIONAL DEFENSE INDUSTRY PURSUANT THERETO",
333,Ramon Bong  Revilla Jr.,Senator Senate of the Philippines,SBN-506,AN ACT PROVIDING FOR GOVERNMENT FINANCIAL INSTITUTIONS UNIFIED INITIATIVES TO DISTRESSED ENTERPRISES FOR ECONOMIC RECOVERY (GUIDE),
333,Ramon Bong  Revilla Jr.,Senator Senate of the Philippines,SBN-508,"AN ACT CREATING THE NATIONAL INSTITUTE FOR SCIENCE AND MATHEMATICS EDUCATION DEVELOPMENT, APPROPRIATING FUNDS THEREFOR AND FOR OTHER PURPOSES",
333,Ramon Bong  Revilla Jr.,Senator Senate of the Philippines,SBN-509,AN ACT ESTABLISHING A FRAMEWORK FOR CITIZENS PARTICIPATION IN LEGISLATIVE POLICYMAKING THROUGH THE USE OF INFORMATION AND COMMUNICATIONS TECHNOLOGY PLATFORMS,
333,Ramon Bong  Revilla Jr.,Senator Senate of the Philippines,SBN-510,"AN ACT RECOGNIZING THE INDIGENOUS CULTURAL COMMUNITIES AND INDIGENOUS PEOPLES (ICCS/IPS) COMMUNITY CONSERVED TERRITORIES AND AREAS (ICCA), ESTABLISHING FOR THE PURPOSE THE NATIONAL ICCA REGISTRY, AND APPROPRIATING FUNDS THEREFOR",
333,Ramon Bong  Revilla Jr.,Senator Senate of the Philippines,SBN-511,"AN ACT ESTABLISHING THE BOOKS FOR THE BARRIOS PROGRAM, AND APPROPRIATING FUNDS THEREFOR",
333,Ramon Bong  Revilla Jr.,Senator Senate of the Philippines,SBN-512,"AN ACT TO ESTABLISH GUIDELINES AND INCENTIVES FOR THE DEVELOPMENT OF SCIENCE AND TECHNOLOGY PARKS (STPS) IN THE PHILIPPINES, AND FOR OTHER PURPOSES",
333,Ramon Bong  Revilla Jr.,Senator Senate of the Philippines,SBN-513,"AN ACT TO RECONSTRUCT AND REHABILITATE THE EXISTING 479-KILOMETER PHILIPPINE NATIONAL RAILWAYS LINE FROM SAN FERNANDO, LA UNION TO LEGAZPI CITY, ALBAY, PROVIDING FUNDS FROM THE ANNUAL VALUE ADDED TAX COLLECTIONS, AMENDING FOR THE PURPOSE THE NATIONAL INTERNAL REVENUE CODE OF 1997, AS AMENDED",
333,Ramon Bong  Revilla Jr.,Senator Senate of the Philippines,SBN-514,"AN ACT REDUCING THE COST OF ELECTRICITY FOR NATIONAL GOVERNMENT OFFICES BY PROMOTING THE DEVELOPMENT AND UTILIZATION OF SOLAR ENERGY IN ALL GOVERNMENT BUILDINGS AND OFFICES, PROVIDING FUNDS THEREFOR, AND FOR OTHER PURPOSES",
333,Ramon Bong  Revilla Jr.,Senator Senate of the Philippines,SBN-515,"AN ACT TO PROVIDE EATING DISORDERS AWARENESS, PREVENTION, AND EDUCATION AMONG ELEMENTARY, SECONDARY AND COLLEGE STUDENTS, THEIR PARENTS AND GUARDIANS",
333,Ramon Bong  Revilla Jr.,Senator Senate of the Philippines,SBN-516,AN ACT ESTABLISHING THE PUBLIC SCHOOLS OF THE FUTURE IN TECHNOLOGY AND APPROPRIATING FUNDS THEREFOR,
333,Ramon Bong  Revilla Jr.,Senator Senate of the Philippines,SBN-686,"AN ACT AMENDING TITLE V - BOOK III OF REPUBLIC ACT 7160, OTHERWISE KNOWN AS THE LOCAL GOVERNMENT CODE OF 1991, PROPOSING A PERMANENT ITEM FOR A DISASTER OFFICER IN EVERY LOCAL GOVERNMENT UNIT",
333,Ramon Bong  Revilla Jr.,Senator Senate of the Philippines,SBN-687,"AN ACT PROVIDING BARANGAY OFFICIALS, INCLUDING BARANGAY TANODS, MEMBERS OF THE LUPON NG TAGAPAMAYAPA, BARANGAY HEALTH WORKERS AND BARANGAY DAY CARE WORKERS A RETIREMENT BENEFIT",
333,Ramon Bong  Revilla Jr.,Senator Senate of the Philippines,SBN-688,"AN ACT ESTABLISHING RESOURCE CENTERS FOR INDIGENOUS PEOPLES TO ENHANCE AND ENSURE DELIVERY OF ESSENTIAL SERVICES, APPROPRIATING FUNDS THEREFOR AND FOR OTHER PURPOSES",
333,Ramon Bong  Revilla Jr.,Senator Senate of the Philippines,SBN-689,AN ACT REGULATING THE DONATION AND TRANSPLANTATION OF HUMAN ORGANS AND TISSUES FROM LIVING DONORS,
333,Ramon Bong  Revilla Jr.,Senator Senate of the Philippines,SBN-690,AN ACT ESTABLISHING THE SCIENCE FOR CHANGE PROGRAM (S4CP),
333,Ramon Bong  Revilla Jr.,Senator Senate of the Philippines,SBN-691,"AN ACT PROVIDING FOR A NEW PASSPORT LAW, REPEALING FOR THE PURPOSE REPUBLIC ACT NO. 8239, OTHERWISE KNOWN AS THE 'PHILIPPINE PASSPORT ACT OF 1996'",
333,Ramon Bong  Revilla Jr.,Senator Senate of the Philippines,SBN-692,"AN ACT TO PURSUE THE ARMED FORCES OF THE PHILIPPINES MODERNIZATION PROGRAM, AMENDING FOR THIS PURPOSE REPUBLIC ACT NO. 9184, OTHERWISE KNOWN AS THE GOVERNMENT PROCUREMENT REFORM ACT",
333,Ramon Bong  Revilla Jr.,Senator Senate of the Philippines,SBN-693,"AN ACT INSTITUTING REFORMS IN REAL PROPERTY VALUATION AND ASSESSMENT IN THE PHILIPPINES, REORGANIZING THE BUREAU OF LOCAL GOVERNMENT FINANCE, AND APPROPRIATING FUNDS THEREFOR",
333,Ramon Bong  Revilla Jr.,Senator Senate of the Philippines,SBN-694,"AN ACT ESTABLISHING THE FORENSIC SCIENCE INSTITUTE IN THE UNIVERSITY OF THE PHILIPPINES SYSTEM, DEFINING ITS FUNCTIONS AND APPROPRIATING FUNDS THEREFOR",
333,Ramon Bong  Revilla Jr.,Senator Senate of the Philippines,SBN-695,"AN ACT INSTITUTIONALIZING THE PARTICIPATION OF CIVIL SOCIETY ORGANIZATIONS (CSOS) IN THE PREPARATION AND AUTHORIZATION PROCESS OF THE ANNUAL NATIONAL BUDGET, PROVIDING EFFECTIVE MECHANISMS THEREFOR, AND FOR OTHER PURPOSES",
333,Ramon Bong  Revilla Jr.,Senator Senate of the Philippines,SBN-696,"AN ACT STRENGTHENING THE TRADITIONAL AND COMPLEMENTARY MEDICINE SYSTEM, AMENDING FOR THE PURPOSE REPUBLIC ACT NO. 8423, OTHERWISE KNOWN AS THE 'TRADITIONAL AND ALTERNATIVE MEDICINE ACT OF 1997'",
333,Ramon Bong  Revilla Jr.,Senator Senate of the Philippines,SBN-697,"AN ACT INSTITUTING THE FOOD AND DRUG ADMINISTRATION AS AN INDEPENDENT AGENCY, AMENDING CERTAIN SECTIONS OF REPUBLIC ACT NO. 3720, AS AMENDED, AND REPUBLIC ACT NO.
9711",
333,Ramon Bong  Revilla Jr.,Senator Senate of the Philippines,SBN-698,"AN ACT ADVANCING THE RIGHTS OF STREET CHILDREN BY STRENGTHENING THE BARANGAY COUNCIL FOR THE PROTECTION OF CHILDREN (BCPC) AND ESTABLISHING AN INCENTIVES SYSTEM FOR THE PRIVATE SECTOR ENGAGED IN THE PROMOTION OF THE WELFARE OF STREET CHILDREN, AND FOR OTHER PURPOSES",
333,Ramon Bong  Revilla Jr.,Senator Senate of the Philippines,SBN-699,AN ACT ESTABLISHING AND ORGANIZING THE PHILIPPINE ELECTRONIC SPORTS COMMISSION AND APPROPRIATING FUNDS THEREFOR,
333,Ramon Bong  Revilla Jr.,Senator Senate of the Philippines,SBN-700,"AN ACT PROVIDING FOR A THREE THOUSAND PESO (P3,000.00) INCREASE IN THE MONTHLY PENSION OF WAR VETERANS AND THEIR DEPENDENTS",
333,Ramon Bong  Revilla Jr.,Senator Senate of the Philippines,SBN-701,AN ACT REQUIRING ALL PUBLIC TELECOMMUNICATIONS ENTITIES AND INTERNET SERVICE PROVIDERS IN THE COUNTRY TO INCREASE SERVICE COVERAGE AND DELIVER A MINIMUM STANDARD FOR INTERNET CONNECTION SPEED,
333,Ramon Bong  Revilla Jr.,Senator Senate of the Philippines,SBN-702,AN ACT PROVIDING FOR PARENT SUPPORT AND FOR OTHER PURPOSES,
333,Ramon Bong  Revilla Jr.,Senator Senate of the Philippines,SBN-703,AN ACT ESTABLISHING THE REVISED CHARTER OF THE GOVERNMENT SERVICE INSURANCE SYSTEM,
333,Ramon Bong  Revilla Jr.,Senator Senate of the Philippines,SBN-843,"AN ACT EXEMPTING BOOKS, NEWSPAPERS, MAGAZINES, JOURNALS, REVIEWS, BULLETINS AND OTHER EDUCATIONAL OR LEARNING MATERIALS MADE OR PUBLISHED IN DIGITAL OR ELECTRONIC FORMAT FROM VALUE- ADDED TAX, AMENDING FOR THE PURPOSE SECTION 109 (1) OF THE NATIONAL INTERNAL REVENUE CODE OF 1997, AS AMENDED",
333,Ramon Bong  Revilla Jr.,Senator Senate of the Philippines,SBN-844,"AN ACT GRANTING ADDITIONAL INSURANCE BENEFITS TO ALL PUBLIC SCHOOL TEACHERS, PROVIDING FUNDS FOR THE PAYMENT OF ITS PREMIUMS, AND
FOR OTHER PURPOSES",
333,Ramon Bong  Revilla Jr.,Senator Senate of the Philippines,SBN-845,"AN ACT RATIONALIZING AGRICULTURE EDUCATION IN THE PHILIPPINES BY ESTABLISHING A NATIONAL SYSTEM OF AGRICULTURE EDUCATION INSTITUTIONS, PROVIDING FOR MECHANISMS OF IMPLEMENTATION AND FOR OTHER PURPOSES",
333,Ramon Bong  Revilla Jr.,Senator Senate of the Philippines,SBN-846,"AN ACT CREATING THE ENVIRONMENTAL PROTECTION AND ENFORCEMENT BUREAU (EPEB) UNDER THE DEPARTMENT OF ENVIRONMENT AND NATURAL RESOURCES (DENR), PROVIDING FOR ITS POWERS AND FUNCTIONS AND APPROPRIATING FUNDS THEREFOR, AND FOR OTHER PURPOSES",
333,Ramon Bong  Revilla Jr.,Senator Senate of the Philippines,SBN-847,"AN ACT PROVIDING FOR A NATIONAL PROGRAM TO SUPPORT AND CARE FOR ABANDONED, NEGLECTED AND VOLUNTARILY COMMITTED CHILDREN, CREATING A SPECIAL TRUST FUND THEREFORE, AND FOR OTHER PURPOSES",
333,Ramon Bong  Revilla Jr.,Senator Senate of the Philippines,SBN-848,AN ACT PENALIZING PRANK CALLS IN EMERGENCY HOTLINES,
333,Ramon Bong  Revilla Jr.,Senator Senate of the Philippines,SBN-849,"AN ACT PROVIDING FOR ADDITIONAL BENEFITS AND PRIVILEGES TO PUBLIC SCHOOL TEACHERS AMENDING FOR THE PURPOSE REPUBLIC ACT NO. 4670, OTHERWISE KNOWN AS THE MAGNA
CARTA FOR PUBLIC SCHOOL TEACHERS, AND FOR OTHER PURPOSES",
333,Ramon Bong  Revilla Jr.,Senator Senate of the Philippines,SBN-850,AN ACT LIMITING THE EXPOSURE OF CHILDREN TO VIOLENT PROGRAMMING ON TELEVISION AND CABLE SYSTEMS,
333,Ramon Bong  Revilla Jr.,Senator Senate of the Philippines,SBN-851,AN ACT ESTABLISHING AN ADOPT-A-WILDLIFE SPECIES PROGRAM AND PROVIDING INCENTIVES THEREFOR,
333,Ramon Bong  Revilla Jr.,Senator Senate of the Philippines,SBN-852,AN ACT DEFINING THE MARITIME ZONES UNDER THE JURISDICTION OF THE REPUBLIC OF THE PHILIPPINES,
333,Ramon Bong  Revilla Jr.,Senator Senate of the Philippines,SBN-853,"AN ACT PROVIDING PROTECTION FROM LIABILITY TO VOLUNTEERS FOR ACTS OR OMISSIONS COMMITTED IN THE PERFORMANCE OF THEIR DUTIES
DURING EMERGENCIES",
333,Ramon Bong  Revilla Jr.,Senator Senate of the Philippines,SBN-854,"AN ACT MANDATING THE INTEGRATION OF THE NATIONAL BUILDING CODE OF THE PHILIPPINES UNDER REPUBLIC ACT NO. 6541, ENTITLED AN ACT TO ORDAIN AND INSTITUTE A NATIONAL BUILDING CODE OF THE PHILIPPINES, AS A MAJOR SUBJECT IN THE CURRICULUM OF THE BACHELOR OF SCIENCE DEGREE PROGRAMS IN CIVIL ENGINEERING, MECHANICAL ENGINEERING, ELECTRICAL ENGINEERING, SANITARY ENGINEERING, ELECTRONICS ENGINEERING, AND ARCHITECTURE, AND ITS INCLUSION AS A TOPIC IN THE LICENSURE EXAMINATIONS FOR THESE PROFESSIONS",
333,Ramon Bong  Revilla Jr.,Senator Senate of the Philippines,SBN-855,"AN ACT INSTITUTING BUDGET REFORM THAT WILL ENSURE THE EQUITABLE DISTRIBUTION OF FUNDS FOR BOTH THE NATIONAL AND LOCAL GOVERNMENT UNITS FOR THE PURPOSE OF PROMOTING VILLAGE EMPOWERMENT, ENABLING THEM TO BE AN EFFECTIVE INSTRUMENT IN ATTAINING INCLUSIVE GROWTH, APPROPRIATING FUNDS THEREFOR AND FOR OTHER PURPOSES",
333,Ramon Bong  Revilla Jr.,Senator Senate of the Philippines,SBN-856,"AN ACT PROVIDING PROTECTION TO COOPERATIVE DEPOSITORS AND ESTABLISHING THE PHILIPPINE COOPERATIVE INSURANCE CORPORATIONS, DEFINING ITS POWERS AND FUNCTIONS, APPROPRIATING FUNDS THEREFOR, AND FOR OTHER PURPOSES",
333,Ramon Bong  Revilla Jr.,Senator Senate of the Philippines,SBN-857,AN ACT REORGANIZING THE OFFICES OF THE COMMISSION ON ELECTIONS AND RECLASSIFYING THE PLANTILLA POSITIONS IN THE AGENCY,
333,Ramon Bong  Revilla Jr.,Senator Senate of the Philippines,SBN-858,AN ACT ENABLING BANKS TO EXPAND SERVICE DELIVERY CHANNELS THROUGH CASH AGENTS AND PROVIDING GUIDELINES THEREFOR,
333,Ramon Bong  Revilla Jr.,Senator Senate of the Philippines,SBN-859,AN ACT REQUIRING DISASTER-RELATED INFORMATION TO BE STATED IN ACCESSIBLE LANGUAGE TO ENSURE PUBLIC UNDERSTANDING THEREOF TO PROTECT PUBLIC HEALTH AND SAFET,
333,Ramon Bong  Revilla Jr.,Senator Senate of the Philippines,SBN-860,"AN ACT PENALIZING ANY PERSON PROVIDING OR POSSESSING CONTRABAND AND THOSE WHO SHALL AID OR  ABET THE INTRODUCTION OF THE SAME
INSIDE ANY PRISON FACILITY ADMINISTERED BY THE DEPARTMENT OF JUSTICE, PROVIDING PENALTIES THEREFOR AND FOR OTHER PURPOSES",
333,Ramon Bong  Revilla Jr.,Senator Senate of the Philippines,SBN-861,"AN ACT REQUIRING ALL GOVERNMENT AND NON-GOVERNMENT OFFICES AND ESTABLISHMENTS TO ADOPT POLICIES TO PREVENT AND ADDRESS THE
ACTS OF BULLYING AND OTHER SIMILAR ACTS IN THEIR WORKPLACE",
333,Ramon Bong  Revilla Jr.,Senator Senate of the Philippines,SBN-862,"AN ACT PROMOTING AND SAFEGUARDING COMMUNITY INTELLECTUAL RIGHTS (CIR) OF INDIGENOUS CULTURAL COMMUNITIES AND INDIGENOUS
PEOPLES",
333,Ramon Bong  Revilla Jr.,Senator Senate of the Philippines,SBN-976,"AN ACT APPROPRIATING THE AMOUNT OF FIVE BILLION PESOS FOR THE RELIEF, RECONSTRUCTION, AND REHABILITATION OF CITIES, MUNICIPALITIES AND PROVINCES AFFECTED BY THE RECENT 7-MAGNITUDE EARTHQUAKE IN ABRA, AND CREATING THE NAMNAMA FUND UNDER THE NATIONAL DISASTER RISK REDUCTION AND MANAGEMENT FUND (CALAMITY FUND)",
333,Ramon Bong  Revilla Jr.,Senator Senate of the Philippines,SBN-981,AN ACT ESTABLISHING THE VIROLOGY SCIENCE AND TECHNOLOGY INSTITUTE OF THE PHILIPPINES AND APPROPRIATING FUNDS THEREFOR,
333,Ramon Bong  Revilla Jr.,Senator Senate of the Philippines,SBN-982,"AN ACT ESTABLISHING THE E-GOVERNMENT, DEFINING ITS POWERS AND FUNCTIONS, AND FOR OTHER PURPOSES",
333,Ramon Bong  Revilla Jr.,Senator Senate of the Philippines,SBN-983,"AN ACT AMENDING REPUBLIC ACT NO. 11223, OTHERWISE KNOWN AS THE UNIVERSAL HEALTH CARE ACT, TO PROVIDE FOR FREE ANNUAL MEDICAL CHECK UP FOR FILIPINOS",
333,Ramon Bong  Revilla Jr.,Senator Senate of the Philippines,SBN-984,"AN ACT STRENGTHENING DOMESTIC HEALTHCARE MANUFACTURING INDUSTRIES, PROVIDING FOR A FILIPINO PRODUCTS FIRST POLICY DURING PANDEMIC AND OTHER PUBLIC HEALTH EMERGENCIES, AND FOR OTHER PURPOSES",
333,Ramon Bong  Revilla Jr.,Senator Senate of the Philippines,SBN-985,"AN ACT PROTECTING THE REMITTANCES OR MONEY TRANSFERS OF OVERSEAS FILIPINO WORKERS (OFWS) BY REQUIRING THE DISCLOSURE OF FINANCE CHARGES AND OTHER FEES IN CONNECTION WITH MONEY TRANSFER, COMPELLING STRICT ADHERENCE TO THE TERMS AND CONDITIONS OF THEIR TRANSFER, PENALIZING VIOLATIONS THEREOF, AND FOR OTHER PURPOSES",
333,Ramon Bong  Revilla Jr.,Senator Senate of the Philippines,SBN-986,"AN ACT STRENGTHENING THE UTILIZATION OF INFORMATION AND COMMUNICATION TECHNOLOGY (ICT) IN ALL PUBLIC ELEMENTARY SCHOOLS AND HIGH SCHOOLS, PROVIDING FUNDS THEREFOR AND FOR OTHER PURPOSES",
333,Ramon Bong  Revilla Jr.,Senator Senate of the Philippines,SBN-987,"AN ACT REQUIRING THE PHILIPPINE INSTITUTE OF VOLCANOLOGY AND SEISMOLOGY (PHIVOLCS) AND THE PHILIPPINE ATMOSPHERIC, GEOPHYSICAL AND ASTRONOMICAL SERVICES ADMINISTRATION (PAGASA) TO ESTABLISH THE NATURAL CALAMITIES? HAZARD MITIGATION PROGRAM",
333,Ramon Bong  Revilla Jr.,Senator Senate of the Philippines,SBN-988,AN ACT PROVIDING FOR THE SUSTAINABLE MANAGEMENT OF FOREST AND FOREST LANDS AND FOR OTHER PURPOSES,
333,Ramon Bong  Revilla Jr.,Senator Senate of the Philippines,SBN-989,AN ACT ESTABLISHING A NATIONAL ENERGY POLICY AND REGULATORY FRAMEWORK FOR FACILITIES UTILIZING WASTE-TO-ENERGY TECHNOLOGIES,
333,Ramon Bong  Revilla Jr.,Senator Senate of the Philippines,SBN-990,"AN ACT MANDATING THE ESTABLISHMENT, MANAGEMENT, MAINTENANCE, AND REGULATION OF A RAINWATER HARVESTING FACILITY IN ALL NEW INSTITUTIONAL, COMMERCIAL, INDUSTRIAL, AND RESIDENTIAL DEVELOPMENT PROJECTS IN METRO MANILA",
333,Ramon Bong  Revilla Jr.,Senator Senate of the Philippines,SBN-991,"AN ACT PROVIDING FOR SCHOLARSHIP TO CHILDREN AND DEPENDENTS OF FARMERS AND FISHERFOLKS, PROVIDING FUNDS THEREFOR AND FOR OTHER PURPOSES",
333,Ramon Bong  Revilla Jr.,Senator Senate of the Philippines,SBN-992,AN ACT DECLARING JANUARY TWENTY-TWO (22) OF EVERY YEAR AS A SPECIAL WORKING HOLIDAY TO BE KNOWN AS NATIONAL FARMERS? DAY,
333,Ramon Bong  Revilla Jr.,Senator Senate of the Philippines,SBN-993,"AN ACT INCREASING THE BED CAPACITY OF THE SOUTHERN TAGALOG REGIONAL HOSPITAL IN THE CITY OF BACOOR, PROVINCE OF CAVITE, AMENDING FOR THE PURPOSE REPUBLIC ACT NO. 11233, APPROPRIATING FUNDS THEREFOR AND FOR OTHER PURPOSES",
333,Ramon Bong  Revilla Jr.,Senator Senate of the Philippines,SRN-160,"RESOLUTION COMMENDING AND     
CONGRATULATING THE MEMBERS OF THE     
PHILIPPINE TEAM, WHO HAVE WON IN THEIR     
RESPECTIVE SPORTS CATEGORIES, THUS BRINGING     
THE PHILIPPINES' MEDAL HAUL TO A TOTAL OF     
ONE HUNDRED     
FOUR (104) MEDALS, AND BEING CONSIDERED AS     
THE BEST-EVER MEDAL FINISH, DURING THE     
RECENTLY CONCLUDED 11TH ASEAN PARA     
GAMES HELD FROM JULY 30 TO AUGUST 6, 2022 IN     
SOLO, INDONESIA",
333,Ramon Bong  Revilla Jr.,Senator Senate of the Philippines,SRN-17,RESOLUTION EXPRESSING PROFOUND GRATITUDE AND APPRECIATION OF THE SENATE OF THE PHILIPPINES TO HIS EXCELLENCY PRESIDENT RODRIGO ROA DUTERTE FOR HIS STELLAR AND INVALUABLE SERVICE TO THE NATION AS THE 16TH PRESIDENT OF THE REPUBLIC OF THE PHILIPPINES,
333,Ramon Bong  Revilla Jr.,Senator Senate of the Philippines,SRN-173,"RESOLUTION COMMENDING DR. BERNADETTE J. MADRID, A PEDIATRICIAN AND CHILDREN'S RIGHT CHAMPION, FOR BEING THE LONE FILIPINO AND WOMAN IN THE 2022 RAMON MAGSAYSAY AWARDEES",
333,Ramon Bong  Revilla Jr.,Senator Senate of the Philippines,SRN-18,"RESOLUTION COMMENDING AND CONGRATULATING THE MEMBERS OF THE PHILIPPINE TEAM, WHO HAVE WON IN THEIR RESPECTIVE SPORTS CATEGORIES, THUS BRINGING THE PHILIPPINES' MEDAL HAUL TO A TOTAL OF TWO HUNDRED TWENTY SEVEN (227) MEDALS, DURING THE RECENTLY CONCLUDED 31ST SOUTHEAST ASIAN GAMES (SEA GAMES) HELD FROM MAY 12 TO 23, 2022 AT HANOI, VIETNAM",
333,Ramon Bong  Revilla Jr.,Senator Senate of the Philippines,SRN-19,"RESOLUTION EXPRESSING THE PROFOUND SYMPATHY AND SINCERE CONDOLENCES OF THE SENATE OF THE PHILIPPINES ON THE UNTIMELY AND HORRIFIC DEATH OF FILIPINO LAWYER AND FORMER SENATE LEGISLATIVE STAFF, ATTY. JOHN ALBERT JAL LAYLO AFTER A RANDOM SHOOTING IN PHILADELPHIA, UNITED STATES OF AMERICA, AND CONDEMNING IN THE STRONGEST SENSE THE SENSELESS SLAYING OF A FELLOW FILIPINO",
333,Ramon Bong  Revilla Jr.,Senator Senate of the Philippines,SRN-20,"RESOLUTION URGING THE SENATE COMMITTEE ON WAYS AND MEANS AND THE APPROPRIATE SENATE COMMITTEES TO CONDUCT AN INQUIRY, IN AID OF LEGISLATION, INTO THE POSSIBILITY OF IMPOSING AND COLLECTING TAXES FROM MULTINATIONAL ONLINE STREAMING SERVICES AND THE DIGITAL ECONOMY IN GENERAL",
333,Ramon Bong  Revilla Jr.,Senator Senate of the Philippines,SRN-207,"RESOLUTION DIRECTING THE SENATE COMMITTEE ON PUBLIC ORDER AND DANGEROUS DRUGS AND OTHER APPROPRIATE SENATE COMMITTEES TO CONDUCT AN INQUIRY, IN AID OF LEGISLATION, ON THE ALLEGED INCREASING KIDNAPPING INCIDENTS AND RECENT SPATE OF OTHER CRIMINAL ACTIVITIES, WITH THE END IN VIEW OF STRENGTHENING PEACE AND",
333,Ramon Bong  Revilla Jr.,Senator Senate of the Philippines,SRN-252,RESOLUTION RECOGNIZING AND COMMENDING THE OUTSTANDING WOMEN IN THE NATION'S SERVICE (TOWNS) 2022 FOR THEIR POSITIVE CONTRIBUTION AND DEDICATION IN STRENGTHENING NATION BUILDING,
333,Ramon Bong  Revilla Jr.,Senator Senate of the Philippines,SRN-260,"RESOLUTION COMMENDING EUGENIO 'EUGENE' TORRE, ASIA'S FIRST CHESS GRANDMASTER, FOR BEING THE FIRST ASIAN MALE TO BE INDUCTED IN THE WORLD CHESS HALL OF FAME OF THE WORLD CHESS FEDERATION",
333,Ramon Bong  Revilla Jr.,Senator Senate of the Philippines,SRN-262,"RESOLUTION DIRECTING THE APPROPRIATE SENATE COMMITTEE TO CONDUCT AN INQUIRY, IN AID OF LEGISLATION, ON THE PALPABLE AND EMERGING EFFECTS OF CLIMATE CHANGE TO ENSURE THE SAFETY AND WELFARE OF FILIPINOS AMIDST THE THREATS AND DANGERS BROUGHT ABOUT BY THE INCREASING FREQUENCY AND INTENSITY OF NATURAL DISASTERS AND CALAMITIES, WITH THE END IN VIEW OF ENSURING THAT SYSTEMS AND POLICIES THAT WILL UPHOLD SAFETY AND RESILIENCY ARE INSTITUTIONALIZED",
333,Ramon Bong  Revilla Jr.,Senator Senate of the Philippines,SRN-264,"RESOLUTION DIRECTING THE SENATE COMMITTEE ON PUBLIC ORDER AND DANGEROUS DRUGS TO CONDUCT AN INQUIRY, IN AID OF LEGISLATION, ON THE REPORTED CLAIMS THAT THE ORDER TO KILL VETERAN JOURNALIST AND RADIO COMMENTATOR PERCIVAL ''PERCY LAPID'' MABASA ORIGINATED AND WAS PLANNED  INSIDE THE NEW BILIBID PRISON, WITH THE END IN VIEW OF ENACTING REMEDIAL LEGISLATION THAT WOULD PREVENT THE RECURRENCE OF SIMILAR INCIDENTS",
333,Ramon Bong  Revilla Jr.,Senator Senate of the Philippines,SRN-267,"RESOLUTION EXPRESSING SINCERE CONDOLENCES OF THE SENATE OF THE PHILIPPINES ON THE DEATH OF A FILIPINO MUSIC ICON, DANIEL ''DANNY'' MORALES
JAVIER",
333,Ramon Bong  Revilla Jr.,Senator Senate of the Philippines,SRN-271,"RESOLUTION COMMENDING FILIPINA JIU JIUJITEIRA, MEGGIE OCHOA, FOR WINNING GOLD IN THE 2022 JJIF JIU-JITSU WORLD CHAMPIONSHIP IN ABU DHABI,
UNITED ARAB EMIRATES",
333,Ramon Bong  Revilla Jr.,Senator Senate of the Philippines,SRN-272,RESOLUTION CONGRATULATING AND COMMENDING FILIPINA BEAUTY QUEEN AND ACTRESS KYLIE VERZOSA FOR WINNING BEST ACTRESS AT THE 2022,
333,Ramon Bong  Revilla Jr.,Senator Senate of the Philippines,SRN-273,"RESOLUTION HONORING AND COMMENDING FILIPINO GYMNAST CARLOS EDRIEL ''CALOY'' YULO FOR HIS TRIUMPHS IN THE 51ST FEDERATION INTERNATIONALE DE GYMNASTIQUE (FIG) ARTISTIC GYMNASTICS WORLD CHAMPIONSHIPS HELD IN LIVERPOOL, UNITED KINGDOM",
333,Ramon Bong  Revilla Jr.,Senator Senate of the Philippines,SRN-293,"RESOLUTION CONGRATULATING AND RECOGNIZING FILIPINO CHESS PRODIGY, BINCE RAFAEL OPERIANO FOR BEING THE CHAMPION IN THE 6TH EASTERN ASIA YOUTH CHESS CHAMPIONSHIP HELD IN BANGKOK, THAILAND",
333,Ramon Bong  Revilla Jr.,Senator Senate of the Philippines,SRN-294,"RESOLUTION CONGRATULATING THE PHILIPPINES' YOUNGEST JIU-JITSU CHAMPION, ALEIA AIELLE AGUILAR FOR WINNING IN THE 2022 WORLD YOUTH JIUJITSU CHAMPIONSHIPS HELD IN ABU DHABI, UNITED ARAB EMIRATES",
333,Ramon Bong  Revilla Jr.,Senator Senate of the Philippines,SRN-295,"RESOLUTION CONGRATULATING AND RECOGNIZING WORLD BOWLING CHAMPION, RAFAEL ''PAENG'' VILLAREAL NEPOMUCENO FOR BEING THE CHAMPION IN THE MEN'S SINGLES 65+ DIVISION OF THE ASIAN SENIOR BOWLING CHAMPIONSHIP HELD IN KUALA LUMPUR, MALAYSIA",
333,Ramon Bong  Revilla Jr.,Senator Senate of the Philippines,SRN-296,"RESOLUTION COMMENDING FILIPINO OLYMPIAN AND BOXER, CARLO PAALAM FOR WINNING GOLD MEDAL IN THE MEN'S 54KG BANTAMWEIGHT CLASS AT THE 2022 ASIAN BOXING CONFEDERATION ELITE MEN AND WOMEN BOXING CHAMPIONSHIPS HELD IN AMMAN, JORDAN",
333,Ramon Bong  Revilla Jr.,Senator Senate of the Philippines,SRN-297,"RESOLUTION COMMENDING FILIPINA BOXER, HERGIE TAO-WAG BACYADAN FOR WINNING BRONZE MEDAL IN THE WOMEN'S 75KG MIDDLEWEIGHT CLASS AT THE 2022 ASIAN BOXING CONFEDERATION ELITE MEN AND WOMEN BOXING CHAMPIONSHIPS HELD IN AMMAN, JORDAN",
333,Ramon Bong  Revilla Jr.,Senator Senate of the Philippines,SRN-298,"RESOLUTION COMMENDING FILIPINA OLYMPIAN AND BOXER, NESTHY ALCAYDE PETECIO FOR WINNING BRONZE MEDAL IN THE WOMEN'S 57KG FEATHERWEIGHT CLASS AT THE 2022 ASIAN BOXING CONFEDERATION ELITE MEN AND WOMEN BOXING CHAMPIONSHIPS HELD IN AMMAN, JORDAN",
333,Ramon Bong  Revilla Jr.,Senator Senate of the Philippines,SRN-299,RESOLUTION CONGRATULATING AND COMMENDING FILIPINO HOST AND DANCER BILLY JOE LEDESMA CRAWFORD FOR BEING THE GRAND WINNER OF THE 12TH SEASON OF THE ''DANSE AVEC LES STARS'',
333,Ramon Bong  Revilla Jr.,Senator Senate of the Philippines,SRN-301,"RESOLUTION COMMENDING THE CAST AND CREW OF THE FILM, ANG KONTRABIDA (THE VILLAIN), FOR WINNING THE NETWORK FOR THE PROMOTION OF ASIA PACIFIC CINEMA (NETPAC) PRIZE FOR BEST ASIAN FILM AT THE 6TH HANOI INTERNATIONAL FILM FESTIVAL",
333,Ramon Bong  Revilla Jr.,Senator Senate of the Philippines,SRN-305,"RESOLUTION COMMENDING AND CONGRATULATING JOSE EFREN BAGAMASBAD FOR ATTAINING INTERNATIONAL MASTER TITLE AND WINNING GOLD IN THE 2022 ASIAN SENIOR CHESS CHAMPIONSHIP HELD IN AUCKLAND, NEW ZEALAND",
333,Ramon Bong  Revilla Jr.,Senator Senate of the Philippines,SRN-306,"RESOLUTION CONGRATULATING AND RECOGNIZING NATIONAL YOUTH CHESS TEAM FOR BEING THE OVERALL CHAMPION IN THE 6TH EASTERN ASIA YOUTH CHESS CHAMPIONSHIP HELD IN BANGKOK, THAILAND",
333,Ramon Bong  Revilla Jr.,Senator Senate of the Philippines,SRN-307,"RESOLUTION CONGRATULATING AND RECOGNIZING FILIPINO GYMNASTS AND SIBLINGS, KARL JAHREL ELDREW AND ELAIZA ANDRIEL YSAR YULO FOR THEIR IMPRESSIVE TEN-MEDAL HAUL IN THE 2022 JRC ARTISTIC GYMNASTICS STARS CHAMPIONSHIPS HELD LAST NOVEMBER
17 - 20, 2022 IN BANGKOK, THAILAND",
333,Ramon Bong  Revilla Jr.,Senator Senate of the Philippines,SRN-322,"RESOLUTION COMMENDING FILIPINO
PARA-ATHLETE ACHELLE GUION FOR WINNING TWO GOLD MEDALS IN THE 2022 WORLD PARA POWERLIFTING AFRICAN CHAMPIONSHIPS HELD IN CAIRO, EGYPT",
333,Ramon Bong  Revilla Jr.,Senator Senate of the Philippines,SRN-323,RESOLUTION RECOGNIZING AND COMMENDING THE 2022 GALING POOK AWARDEES FOR BEING EXEMPLARS OF INNOVATIVE AND GOOD GOVERNANCE,
333,Ramon Bong  Revilla Jr.,Senator Senate of the Philippines,SRN-324,"RESOLUTION COMMENDING FILIPINO
PARA-ATHLETE ARIEL JOSEPH ALEGARBES FOR WINNING SILVER MEDAL IN THE 2022 VIRTUS OCEANIA ASIA GAMES HELD IN BRISBANE, AUSTRALIA",
333,Ramon Bong  Revilla Jr.,Senator Senate of the Philippines,SRN-327,"RESOLUTION COMMENDING FILIPINO BOXER, RONEL SUYOM FOR WINNING SILVER MEDAL IN THE MEN'S 46-48 KG DIVISION AT THE 2022 INTERNATIONAL BOXING ASSOCIATION WORLD YOUTH BOXING CHAMPIONSHIPS HELD IN LA NUCIA, SPAIN",
333,Ramon Bong  Revilla Jr.,Senator Senate of the Philippines,SRN-328,"RESOLUTION COMMENDING RODOLFO ''JUN'' R. LANA, JR. FOR HIS FILM, ABOUT US BUT NOT ABOUT US, BEING SELECTED AS THE CRITIC'S BEST FILM IN THE 26TH BLACK NIGHTS FILM FESTIVAL HELD IN TALLINN, ESTONIA",
333,Ramon Bong  Revilla Jr.,Senator Senate of the Philippines,SRN-339,RESOLUTION EXPRESSING PROFOUND SYMPATHY AND SINCERE CONDOLENCES OF THE SENATE OF THE PHILIPPINES ON THE DEATH OF SYLVIA REYES LA TORRE-DE TAGLE,
333,Ramon Bong  Revilla Jr.,Senator Senate of the Philippines,SRN-340,"RESOLUTION URGING THE APPROPRIATE SENATE COMMITTEE TO LOOK INTO THE IMPLEMENTATION OF REPUBLIC ACT NO. 9242, OR AN ACT PRESCRIBING THE USE OF THE PHILIPPINE TROPICAL FABRICS FOR UNIFORMS OF PUBLIC OFFICIALS AND EMPLOYEES AND FOR OTHER PURPOSES, IN THE PERFORMANCE OF THE OVERSIGHT FUNCTION OF CONGRESS",
333,Ramon Bong  Revilla Jr.,Senator Senate of the Philippines,SRN-342,"RESOLUTION CONGRATULATING AND RECOGNIZING THE NATIONAL JUNIOR GYMNASTS FOR THEIR IMPRESSIVE MEDAL HAUL IN THE 2022 JRC ARTISTIC GYMNASTICS STARS CHAMPIONSHIPS HELD LAST NOVEMBER 17 - 20, 2022 IN BANGKOK, THAILAND",
333,Ramon Bong  Revilla Jr.,Senator Senate of the Philippines,SRN-343,RESOLUTION RECOGNIZING AND COMMENDING THE 2022 WINNERS OF THE 70TH CARLOS PALANCA MEMORIAL FOR LITERATURE FOR THEIR LITERARY MASTERPIECES,
333,Ramon Bong  Revilla Jr.,Senator Senate of the Philippines,SRN-344,"RESOLUTION CONGRATULATING AND COMMENDING FILIPINA ACTRESS DANIELLE CLAUDINE ''COLEEN'' ORTEGA
GARCIA-CRAWFORD FOR WINNING BEST ACTRESS IN THE FILM KALUSKOS (RUSTLES) AT THE 2022 EL GRITO INTERNATIONAL FANTASTIC FILM FESTIVALS HELD IN VENEZUELA",
333,Ramon Bong  Revilla Jr.,Senator Senate of the Philippines,SRN-346,"RESOLUTION DIRECTING THE APPROPRIATE SENATE COMMITTEE TO CONDUCT AN INQUIRY, IN AID OF LEGISLATION, ON THE FAULTY RADIOFREQUENCY IDENTIFICATION (RFID) SYSTEMS OF THE VARIOUS METRO MANILA EXPRESSWAYS AND THEIR DETRIMENTAL EFFECTS ON OUR ECONOMY",
333,Ramon Bong  Revilla Jr.,Senator Senate of the Philippines,SRN-354,"RESOLUTION CONGRATULATING AND RECOGNIZING THE NATIONAL PARA BOWLING TEAM FOR THEIR SUCCESSFUL RUN IN THE 2022 ASIAN OPEN PARA BOWLING HELD ON  NOVEMBER 27 TO DECEMBER 3, 2022 IN BANGKOK. THAILAND",
333,Ramon Bong  Revilla Jr.,Senator Senate of the Philippines,SRN-359,"RESOLUTION COMMENDING AND RECOGNIZING PHILIPPINES' FIRST OLYMPIC GOLD MEDALIST, HIDILYN FRANCISCO DIAZ-NARANJO FOR HER GOLDEN SWEEP IN THE 2022 WORLD WEIGHTLIFTING CHAMPIONSHIPS HELD IN BOGOTA, COLOMBIA",
333,Ramon Bong  Revilla Jr.,Senator Senate of the Philippines,SRN-361,RESOLUTION CONGRATULATING AND COMMENDING FILIPINA ACTRESS JODI CHRISSIE GARCIA STA. MARIA FOR WINNING BEST ACTRESS IN A LEADING ROLE IN THE 2022 ASIAN ACADEMY CREATIVE AWARDS HELD IN SINGAPORE,
333,Ramon Bong  Revilla Jr.,Senator Senate of the Philippines,SRN-370,RESOLUTION RECOGNIZING AND COMMENDING THE OUTSTANDING YOUNG MEN (TOYM) OF THE PHILIPPINES AWARDEES FOR 2022 ON THEIR CONTRIBUTIONS TO THE WELFARE OF THE COUNTRY,
333,Ramon Bong  Revilla Jr.,Senator Senate of the Philippines,SRN-371,"RESOLUTION CONGRATULATING AND RECOGNIZING THE PHILIPPINE WUSHU TEAM FOR THEIR SUCCESSFUL RUN IN THE 8TH WORLD JUNIOR WUSHU CHAMPIONSHIPS HELD LAST DECEMBER 3 - 11, 2022 IN TANGERANG, INDONESIA",
333,Ramon Bong  Revilla Jr.,Senator Senate of the Philippines,SRN-387,RESOLUTION RECOGNIZING AND COMMENDING THE OUTSTANDING FILIPINO (TOFIL) AWARDEES FOR 2022 FOR THEIR EXEMPLARY CONTRIBUTIONS TO NATION BUILDING,
333,Ramon Bong  Revilla Jr.,Senator Senate of the Philippines,SRN-388,"RESOLUTION CONGRATULATING AND RECOGNIZING FILIPINA BEACH VOLLEYBALL POWER DUO, CHERRY ANN 'SISI' RONDINA AND JOVELYN GONZAGA FOR WINNING THE CHAMPIONSHIP IN VOLLEYBALL WORLD BEACH PRO TOUR FUTURES HELD ON DECEMBER 9 - 11, 2022 IN SUBIC, ZAMBALES",
333,Ramon Bong  Revilla Jr.,Senator Senate of the Philippines,SRN-389,RESOLUTION RECOGNIZING AND COMMENDING THE 2022 OUTSTANDING RURAL WOMEN FOR BEING ROLE MODELS FOR WOMEN EMPOWERMENT,
333,Ramon Bong  Revilla Jr.,Senator Senate of the Philippines,SRN-391,"RESOLUTION DIRECTING THE SENATE COMMITTEE ON PUBLIC SERVICES TO CONDUCT AN INQUIRY, IN AID OF LEGISLATION, ON THE SHUTDOWN OF PHILIPPINE AIRSPACE ON JANUARY 1, 2023, WITH THE END IN VIEW OF EVALUATING PHILIPPINE AIRPORT OPERATIONS AND MANAGEMENT INCLUDING ITS EXISTING FACILITIES AND EQUIPMENT; ASSESSING THE SHUTDOWN'S TOURISM AND ECONOMIC IMPACTS; AND PROTECTING THE RIGHTS OF THE PASSENGERS FOR COMFORT AND EFFICIENCY",
333,Ramon Bong  Revilla Jr.,Senator Senate of the Philippines,SRN-406,"RESOLUTION CONGRATULATING AND RECOGNIZING DAVID DEMITRI AFRICA AND TOBY LEUNG FOR THEIR HISTORIC FIRST WIN FOR THE PHILIPPINES AT THE 43RD WORLD UNIVERSITIES DEBATING CHAMPIONSHIP HELD IN MADRID, SPAIN",
333,Ramon Bong  Revilla Jr.,Senator Senate of the Philippines,SRN-407,RESOLUTION CONGRATULATING AND COMMENDING FILIPINO SWISS PROFESSOR KERSTIN NOELLE GORRA-VOKINGER FOR WINNING THE SWISS SCIENCE PRIZE LATSIS FOR HER WORK ON CANCER MEDICINE ACCESS,
333,Ramon Bong  Revilla Jr.,Senator Senate of the Philippines,SRN-419,RESOLUTION CONGRATULATING AND RECOGNIZING FILIPINO BOXER MELVIN 'GRINGO' OLIVA JERUSALEM FOR WINNING THE WORLD BOXING ORGANIZATION (WBO) MINIMUMWEIGHT BELT CHAMPION,
333,Ramon Bong  Revilla Jr.,Senator Senate of the Philippines,SRN-420,RESOLUTION RECOGNIZING AND COMMENDING THE 2022 OUTSTANDING GOVERNMENT WORKERS FOR THEIR DEMONSTRATION OF EXEMPLARY PUBLIC SERVICE,
333,Ramon Bong  Revilla Jr.,Senator Senate of the Philippines,SRN-425,RESOLUTION CONGRATULATING AND COMMENDING FILIPINA ACTRESS DOLLY EARNSHAW DE LEON ON HER INTERNATIONAL ACCLAIM FOR HER ROLE IN THE PALME D'OR TRIANGLE OF SADNESS,
333,Ramon Bong  Revilla Jr.,Senator Senate of the Philippines,SRN-430,"RESOLUTION RECOGNIZING AND COMMENDING THE FILIPINO MATH WIZARD FOR THEIR IMPRESSIVE MEDAL HAUL IN THE 2022 WORLD INTERNATIONAL MATHEMATICAL OLYMPIAD (WIMO) HELD ON JANUARY 7 - 8, 2023 IN BANGKOK, THAILAND",
333,Ramon Bong  Revilla Jr.,Senator Senate of the Philippines,SRN-431,"RESOLUTION RECOGNIZING AND HONORING THE HEROISM AND BRAVERY OF CORPORAL JERRY R. PALACIO (INF), PA FOR HIS SELFLESS SACRIFICE OF PUTTING HIS LIFE ON THE LINE DURING THEIR CONDUCT OF HUMANITARIAN ASSISTANCE AND DISASTER RESPONSE OPERATIONS AT SAN ISIDRO, NORTHERN SAMAR",
333,Ramon Bong  Revilla Jr.,Senator Senate of the Philippines,SRN-432,"RESOLUTION CONGRATULATING AND RECOGNIZING THE PHILIPPINE FENCING TEAM FOR THEIR MEDAL HAUL IN THE 2023 SOUTH EAST ASIAN FENCING FEDERATION CHAMPIONSHIPS HELD ON JANUARY 5 - 13, 2022 IN KUALA LUMPUR, MALAYSIA",
333,Ramon Bong  Revilla Jr.,Senator Senate of the Philippines,SRN-433,RESOLUTION CONGRATULATING AND COMMENDING FILIPINO AMERICAN FASHION DESIGNER AND BEAUTY QUEEN R'BONNEY NOLA GABRIEL FOR BEING CROWNED AS THE 71ST MISS UNIVERSE,
333,Ramon Bong  Revilla Jr.,Senator Senate of the Philippines,SRN-434,"RESOLUTION CONGRATULATING AND RECOGNIZING ECHO PHILIPPINES FOR WINNING THE CHAMPIONSHIP IN MOBILE LEGENDS: BANG BANG (M4) WORLD CHAMPIONSHIP HELD ON JANUARY 1 - 15, 2023 IN JAKARTA, INDONESIA",
333,Ramon Bong  Revilla Jr.,Senator Senate of the Philippines,SRN-441,"RESOLUTION COMMENDING GUINNESS TITLE HOLDER SANDI MENCHI ABAHAN AND ARMY STAFF SERGEANT ANDRICO S. MAHILUM FOR EMERGING AS CHAMPIONS IN THE ALTITUDE OCR (OBSTACLE COURSE RACING) WORLD CHAMPIONSHIPS MOUNT EVEREST IN THE HIMALAYAS HELD ON NOVEMBER 8 - 22, 2022",
333,Ramon Bong  Revilla Jr.,Senator Senate of the Philippines,SRN-442,RESOLUTION RECOGNIZING AND HONORING SENATE PRESIDENT PRO TEMPORE LOREN LEGARDA FOR BEING ONE OF THE 2022 ASEAN BIODIVERSITY HEROES,
333,Ramon Bong  Revilla Jr.,Senator Senate of the Philippines,SRN-446,"RESOLUTION CONGRATULATING AND RECOGNIZING THE UNDER-22 NATIONAL BOXING TEAM FOR THEIR SUCCESSFUL RUN IN THE 2023 ASBC ASIAN U22 BOXING CHAMPIONSHIPS HELD LAST JANUARY 17 - 26, 2023 IN BANGKOK, THAILAND",
333,Ramon Bong  Revilla Jr.,Senator Senate of the Philippines,SRN-447,"RESOLUTION COMMENDING FILIPINO SURFER ROGELIO ''JAYR'' ESQUIEVEL, JR FOR BEING THE CHAMPION IN THE WORLD SURFING LEAGUE LA UNION INTERNATIONAL PRO LONGBOARD QUALIFYING SERIES HELD IN SAN JUAN, LA UNION",
333,Ramon Bong  Revilla Jr.,Senator Senate of the Philippines,SRN-464,"RESOLUTION CONGRATULATING AND RECOGNIZING THE PHILIPPINE TEAM IN THE ASIAN KICKBOXING CHAMPIONSHIPS FOR THEIR
MEDAL HAUL IN BANGKOK, THAILAND LAST DECEMBER 10-18, 2022",
333,Ramon Bong  Revilla Jr.,Senator Senate of the Philippines,SRN-465,"RESOLUTION CONGRATULATING AND RECOGNIZING PHILIPPINE PARA CHESS TEAM FOR THEIR IMPRESSIVE PERFORMANCE IN THE 1ST FIDE CHESS OLYMPIAD FOR PEOPLE WITH DISABILITIES HELD IN BELGRADE, SERBIA",
333,Ramon Bong  Revilla Jr.,Senator Senate of the Philippines,SRN-473,RESOLUTION COMMENDING FILIPINA CHEF JOHANNE SIY FOR BEING CHOSEN AS THE 2023 ASIA'S BEST FEMALE CHEF BY THE ASIA'S 50 BEST RESTAURANTS ACADEMY,
333,Ramon Bong  Revilla Jr.,Senator Senate of the Philippines,SRN-474,"RESOLUTION COMMENDING PETER GROSECLOSE FOR QUALIFYING TO THE 2024 WINTER YOUTH OLYMPIC GAMES IN GANGWON, SOUTH KOREA",
333,Ramon Bong  Revilla Jr.,Senator Senate of the Philippines,SRN-475,"RESOLUTION EXPRESSING SINCERE CONDOLENCES OF THE SENATE OF THE PHILIPPINES ON THE DEATH OF WRITER AND WOMEN'S RIGHTS ADVOCATE, LUALHATI TORRES BAUTISTA",
333,Ramon Bong  Revilla Jr.,Senator Senate of the Philippines,SRN-51,"RESOLUTION CONGRATULATING AND COMMENDING THE TEAM PILIPINAS - THE PHILIPPINE WOMEN FOOTBALL NATIONAL TEAM
- FOR THEIR MAIDEN VICTORS IN THE 12TH ASEAN FOOTBALL FEDERATION WOMEN'S CHAMPIONSHIP HELD IN MANILA, PHILIPPINES AND FOR BRINGING HONOR AND PRIDE TO THE COUNTRY",
333,Ramon Bong  Revilla Jr.,Senator Senate of the Philippines,SRN-52,"RESOLUTION DIRECTING THE APPROPRIATE SENATE COMMITTEE TO CONDUCT AN INQUIRY, IN AID OF LEGISLATION, ON THE STATUS AND CONTINUING VIABILITY OF THE COUNTRY'S EXISTING FLOOD CONTROL MASTER PLAN AND PENDING FLOOD CONTROL PROJECTS UNDER THE DIRECT IMPLEMENTATION OF THE DEPARTMENT OF PUBLIC WORKS AND HIGHWAYS (DPWH) AND METRO MANILA DEVELOPMENT AUTHORITY (MMDA), WITH THE END IN VIEW OF ENSURING A COMPREHENSIVE AND COST-EFFICIENT SOLUTION TO THE
FLOODING PROBLEM THAT WOULD IMMEDIATELY BRING RELIEF TO THE PUBLIC AND IDENTIFY URGENT INTERVENTIONS TO IMPROVE MITIGATION EFFORTS OF ADVERSE EFFECTS TO THE COMMUNITIES, AND PREVENT SIMILAR
DISASTERS IN THE FUTURE",
333,Ramon Bong  Revilla Jr.,Senator Senate of the Philippines,SRN-67,"RESOLUTION URGING THE DEPARTMENT OF PUBLIC WORKS AND HIGHWAYS AND ALL LOCAL GOVERNMENT UNITS TO CONDUCT AN IMMEDIATE AUDIT AND REVIEW OF EXISTING BUILDINGS AND STRUCTURES IN THEIR RESPECTIVE JURISDICTIONS THEREBY ENSURING FULL COMPLIANCE TO THE STANDARDS SET BY THE NATIONAL BUILDING CODE ON STRUCTURAL SAFETY AND INTEGRITY WITH THE END IN VIEW TO PROTECT THE PEOPLE
AGAINST AVOIDABLE DAMAGES TO PROPERTY AND LOSS OF LIVES AND BUILD BETTER INFRASTRUCTURES AND TO REVIEW THE NATIONAL BUILDING CODE FOR POSSIBLE AMENDMENTS TO CONFORM WITH PRESENT CIRCUMSTANCES",
333,Ramon Bong  Revilla Jr.,Senator Senate of the Philippines,SRN-74,"RESOLUTION EXPRESSING THE PROFOUND SYMPATHY AND SINCERE CONDOLENCES OF THE SENATE OF THE PHILIPPINES ON THE DEATH OF THE TWELFTH PRESIDENT OF THE REPUBLIC OF THE PHILIPPINES AND FORMER CHIEF OF STAFF OF THE ARMED FORCES OF THE PHILIPPINES, THE HONORABLE FIDEL VALDEZ RAMOS",
333,Ramon Bong  Revilla Jr.,Senator Senate of the Philippines,SRN-94,RESOLUTION RECOMMENDING THE CREATION OF A TASK FORCE TO ADDRESS AND COMBAT THE SPREAD OF MONKEYPOX DISEASE WITH THE END IN VIEW OF A MORE COMPREHENSIVE AND HOLISTIC GOVERNMENTAL APPROACH,
333,Ramon Bong  Revilla Jr.,Senator Senate of the Philippines,SRN-96,"RESOLUTION CONGRATULATING AND COMMENDING FILIPINO JAPANESE KARATEKA JUNNA VILLANUEVA TSUKII FOR WINNING GOLD IN THE KUMITE-50KG EVENT DURING THE 2022 WORLD GAMES HELD IN ALABAMA, UNITED STATES OF AMERICA, AND FOR BRINGING HONOR AND PRIDE TO THE COUNTRY",
333,Ramon Bong  Revilla Jr.,Senator Senate of the Philippines,SRN-97,"RESOLUTION CONGRATULATING AND COMMENDING FILIPINO POLE VAULTER ERNEST JOHN UY OBIENA FOR HIS HISTORIC BRONZE MEDAL WIN IN THE 2022 WORLD ATHLETICS CHAMPIONSHIPS HELD FROM JULY 15 TO 25, 2022 AT OREGON, UNITED STATES OF AMERICA",
327,Win  Gatchalian,Senator Senate of the Philippines,SRN-198,RESOLUTION EXPRESSING THE PROFOUND SYMPATHY AND SINCERE CONDOLENCES OF THE SENATE OF THE PHILIPPINES ON THE DEATH OF QUEEN ELIZABETH II OF THE UNITED KINGDOM OF GREAT BRITAIN AND NORTHERN IRELAND,
327,Win  Gatchalian,Senator Senate of the Philippines,RBH-1,"RESOLUTION OF BOTH HOUSES OF CONGRESS TO CONVENE THE 19TH CONGRESS AS A CONSTITUTIONAL ASSEMBLY AND TO PROPOSE AMENDMENTS TO CERTAIN RESTRICTIVE ECONOMIC PROVISIONS IN THE 1987 CONSTITUTION OF THE REPUBLIC OF THE PHILIPPINES, SPECIFICALLY ON ARTICLES XII, XIV AND XVI THEREOF",PENDING IN THE COMMITTEE DATE : 8/16/2022
327,Win  Gatchalian,Senator Senate of the Philippines,RBH-2,"A RESOLUTION OF BOTH HOUSES OF CONGRESS PROPOSING AMENDMENTS ESTABLISHING A SINGLE TICKET SYSTEM IN ELECTING THE PRESIDENT AND VICE PRESIDENT OF THE PHILIPPINES, SPECIFICALLY ON SECTION 4, ARTICLE VII OF THE 1987 CONSTITUTION",PENDING IN THE COMMITTEE DATE : 8/16/2022
327,Win  Gatchalian,Senator Senate of the Philippines,SBN-1049,"AN ACT AMENDING REPUBLIC ACT NO. 9266, OTHERWISE KNOWN AS THE ?ARCHITECTURE ACT OF 2004?, AND FOR OTHER PURPOSES",PENDING IN THE COMMITTEE DATE : 9/5/2022
327,Win  Gatchalian,Senator Senate of the Philippines,SBN-1050,"AN ACT CREATING THE ?COUNCIL FOR THE BUILT ENVIRONMENT,? APPROPRIATING FUNDS THEREFOR, AND FOR OTHER PURPOSES",PENDING IN THE COMMITTEE DATE : 9/5/2022
327,Win  Gatchalian,Senator Senate of the Philippines,SBN-1051,"AN ACT ESTABLISHING AN INFORMATION TECHNOLOGY OFFICE IN EVERY PROVINCE, CITY AND MUNICIPALITY, AND FOR OTHER PURPOSES",PENDING IN THE COMMITTEE DATE : 9/6/2022
327,Win  Gatchalian,Senator Senate of the Philippines,SBN-1052,"AN ACT BANNING THE CATCHING, SALE, PURCHASE, POSSESSION, TRANSPORTATION, IMPORTATION, AND EXPORTATION OF ALL SHARKS AND RAYS OR ANY PART THEREOF IN THE COUNTRY, AND FOR OTHER PURPOSES",PENDING IN THE COMMITTEE DATE : 9/6/2022
327,Win  Gatchalian,Senator Senate of the Philippines,SBN-1053,"AN ACT STRENGTHENING AND MODERNIZING THE WAREHOUSE RECEIPTS SYSTEM, REPEALING ACT NO. 2137 OR THE ?WAREHOUSE RECEIPTS LAW OF 1912?, AND OTHER RELATED PURPOSES",PENDING IN THE COMMITTEE DATE : 9/6/2022
327,Win  Gatchalian,Senator Senate of the Philippines,SBN-1054,"AN ACT PROVIDING FOR THE IMPROVEMENT OF MATERNAL AND CHILDBIRTH SERVICES BY ESTABLISHING BIRTHING CENTERS, TRAINING TRADITIONAL BIRTH ATTENDANTS, AND INSTITUTIONALIZING A LAY-AWAY PROGRAM, AND APPROPRIATING FUNDS THEREFOR",PENDING IN THE COMMITTEE DATE : 9/6/2022
327,Win  Gatchalian,Senator Senate of the Philippines,SBN-1055,"AN ACT CREATING THE PHILIPPINE RISE DEVELOPMENT AUTHORITY, DEFINING ITS POWERS AND FUNCTIONS, PROVIDING FUNDS THEREFOR, AND FOR OTHER PURPOSES",PENDING IN THE COMMITTEE DATE : 9/6/2022
327,Win  Gatchalian,Senator Senate of the Philippines,SBN-1056,"AN ACT ENHANCING ACCESSIBILITY IN THE VOTING OF SENIOR CITIZENS, PERSONS WITH DISABILITIES, PREGNANT WOMEN, AND INDIGENOUS PEOPLES, AMENDING FOR THE PURPOSE REPUBLIC ACT NO. 10366, OTHERWISE KNOWN AS ?AN ACT AUTHORIZING THE COMMISSION ON ELECTIONS TO ESTABLISH PRECINCTS ASSIGNED TO ACCESSIBLE POLLING PLACES EXCLUSIVELY FOR PERSONS WITH DISABILITIES AND SENIOR CITIZENS?, PROVIDING FUNDS THEREFOR, AND FOR OTHER PURPOSES",PENDING IN THE COMMITTEE DATE : 9/6/2022
327,Win  Gatchalian,Senator Senate of the Philippines,SBN-1057,"AN ACT MANDATING THE USE OF ON-BODY CAMERAS BY LAW ENFORCEMENT OFFICERS DURING ANY ANTI-ILLEGAL DRUG AND CRIMINALITY OPERATIONS, AND PROVIDING FUNDS THEREFOR",PENDING IN THE COMMITTEE DATE : 9/6/2022
327,Win  Gatchalian,Senator Senate of the Philippines,SBN-1058,"AN ACT ORGANIZING THE ?NASYONAL NA PEDERASYON NG SANGGUNIANG KABATAAN? AND PROVIDING FOR MEMBERSHIP OF ITS ELECTED PRESIDENT IN THE UNION OF LOCAL AUTHORITIES OF THE PHILIPPINES, AMENDING FOR THIS PURPOSE SECTIONS 21 AND 22 OF REPUBLIC ACT NO. 10742, OTHERWISE KNOWN AS THE SANGGUNIANG KABATAAN REFORM ACT OF 2015",PENDING IN THE COMMITTEE DATE : 9/6/2022
327,Win  Gatchalian,Senator Senate of the Philippines,SBN-1059,"AN ACT ESTABLISHING THE NATIONAL TRAFFIC ENFORCEMENT AND MANAGEMENT CENTER, DEFINING ITS POWERS, FUNCTIONS AND DUTIES, AND APPROPRIATING FUNDS THEREFOR",PENDING IN THE COMMITTEE DATE : 9/6/2022
327,Win  Gatchalian,Senator Senate of the Philippines,SBN-1060,"AN ACT INSTITUTIONALIZING THE NATIONAL ECONOMIC AND DEVELOPMENT AUTHORITY AS THE INDEPENDENT ECONOMIC AND PLANNING AGENCY OF THE PHILIPPINE GOVERNMENT, DEFINING ITS FUNCTIONS AND AMENDING EXECUTIVE ORDER NO. 230 SERIES OF 1987, AS AMENDED, APPROPRIATING FUNDS THEREFOR, AND FOR OTHER PURPOSES",PENDING IN THE COMMITTEE DATE : 9/6/2022
327,Win  Gatchalian,Senator Senate of the Philippines,SBN-1061,"AN ACT PROVIDING AN ADDITIONAL GROUND FOR CANCELLING THE CERTIFICATE OF CANDIDACY OF A NUISANCE CANDIDATE AND MAKING THE ACTS OF A NUISANCE CANDIDATE AN ELECTION OFFENSE, AMENDING SECTIONS 69, 261 (CC) AND 264 OF BATAS PAMBANSA BLG. 881, OTHERWISE KNOWN AS THE ?OMNIBUS ELECTION CODE OF THE PHILIPPINES,? AS AMENDED, AND FOR OTHER PURPOSES",PENDING IN THE COMMITTEE DATE : 9/6/2022
327,Win  Gatchalian,Senator Senate of the Philippines,SBN-1062,"AN ACT MODIFYING THE GROUNDS FOR SUBSTITUTION OF CANDIDATES, AMENDING FOR THIS PURPOSE SECTION 77 OF BATAS PAMBANSA BILANG 881, S. 1985, OTHERWISE KNOWN AS THE OMNIBUS ELECTION CODE",PENDING IN THE COMMITTEE DATE : 9/6/2022
327,Win  Gatchalian,Senator Senate of the Philippines,SBN-1063,"AN ACT EXPANDING THE POWERS AND FUNCTIONS OF THE MOVIE AND TELEVISION REVIEW AND CLASSIFICATION BOARD FOR THE REGULATION OF VIDEO GAMES AND OUTDOOR MEDIA, AMENDING FOR THE PURPOSE PRESIDENTIAL DECREE NO. 1986, OTHERWISE KNOWN AS ?CREATING THE MOVIE AND TELEVISION REVIEW AND CLASSIFICATION BOARD?",PENDING IN THE COMMITTEE DATE : 9/6/2022
327,Win  Gatchalian,Senator Senate of the Philippines,SBN-1141,"AN ACT REGULATING THE IMPOSITION OF FEES FOR THE USE OF PARKING SPACES AND FACILITIES IN SHOPPING MALLS, HOSPITALS, SCHOOLS AND SIMILAR ESTABLISHMENTS, INCLUDING VACANT LOTS USED EXCLUSIVELY FOR PARKING AND PRESCRIBING PENALTIES FOR VIOLATION THEREOF",PENDING IN THE COMMITTEE DATE : 9/6/2022
327,Win  Gatchalian,Senator Senate of the Philippines,SBN-1142,"AN ACT REQUIRING FOR THE EMPLOYMENT OF QUALIFIED LIFEGUARDS IN ALL PUBLIC SWIMMING POOLS AND BATHING FACILITIES, AND PROVIDING PENALTIES FOR VIOLATION THEREOF",PENDING IN THE COMMITTEE DATE : 9/6/2022
327,Win  Gatchalian,Senator Senate of the Philippines,SBN-1143,"AN ACT CREATING THE SPECIAL MASS TRANSIT SYSTEM SUPPORT FUND AMENDING FOR THIS PURPOSE SECTION 7 OF REPUBLIC ACT NO. 8794, AS AMENDED",PENDING IN THE COMMITTEE DATE : 9/6/2022
327,Win  Gatchalian,Senator Senate of the Philippines,SBN-1144,"AN ACT BANNING THE SALE, DISTRIBUTION, AND USE OF FIRECRACKERS AND OTHER PYROTECHNIC DEVICES, PROVIDING PENALTIES FOR VIOLATIONS THEREOF",PENDING IN THE COMMITTEE DATE : 9/6/2022
327,Win  Gatchalian,Senator Senate of the Philippines,SBN-1145,"AN ACT INSTITUTIONALIZING BAMBOO INDUSTRY DEVELOPMENT IN THE PHILIPPINES, CREATING THE BAMBOO INDUSTRY DEVELOPMENT CENTER (BIDC), APPROPRIATING FUNDS THEREFOR, AND FOR OTHER PURPOSES",PENDING IN THE COMMITTEE DATE : 9/6/2022
327,Win  Gatchalian,Senator Senate of the Philippines,SBN-1146,AN ACT REGULATING THE PLACEMENT AND CONTENT OF BILLBOARDS INCLUDING THEIR SUPPORT STRUCTURES,PENDING IN THE COMMITTEE DATE : 9/6/2022
327,Win  Gatchalian,Senator Senate of the Philippines,SBN-1147,AN ACT AUTHORIZING LOCAL GOVERNMENT UNITS TO ENGAGE IN BANKING ACTIVITIES AND OTHER FINANCIAL TRANSACTIONS WITH PRIVATE UNIVERSAL AND/OR COMMERCIAL BANKS,PENDING IN THE COMMITTEE DATE : 9/6/2022
327,Win  Gatchalian,Senator Senate of the Philippines,SBN-1148,"AN ACT PROHIBITING THE USE OF MOTOR VEHICLES WITHOUT MUFFLERS OR THOSE THAT ARE DEFECTIVE OR HAVE BEEN MODIFIED WHICH INCREASE THE SOUND EMITTED BY MOTOR VEHICLES, PENALIZING OWNERS AND DRIVERS THAT CONTRIBUTE TO NOISE POLLUTION IN THE ENVIRONMENT",PENDING IN THE COMMITTEE DATE : 9/6/2022
327,Win  Gatchalian,Senator Senate of the Philippines,SBN-1149,"AN ACT PROVIDING FOR TAX INCENTIVES FOR EMPLOYEES ON A WORK-FROM-HOME OR TELECOMMUTING PROGRAM, FURTHER AMENDING FOR THE PURPOSE, REPUBLIC ACT NO. 8424, OTHERWISE KNOWN AS THE NATIONAL INTERNAL REVENUE CODE (NIRC) OF 1997, AND FOR OTHER PURPOSES",PENDING IN THE COMMITTEE DATE : 9/6/2022
327,Win  Gatchalian,Senator Senate of the Philippines,SBN-1150,"AN ACT REQUIRING FOREIGN BIDDERS AND CONTRACT AWARDEES OF OFFICIAL DEVELOPMENT ASSISTANCE-FUNDED PROJECTS TO EMPLOY FILIPINOS WORKERS IN THEIR DEVELOPMENT PROJECTS, FURTHER AMENDING REPUBLIC ACT NO. 8182, AS AMENDED BY REPUBLIC ACT NO. 8555, AND OTHER PURPOSES",PENDING IN THE COMMITTEE DATE : 9/6/2022
327,Win  Gatchalian,Senator Senate of the Philippines,SBN-1151,"AN ACT RENAMING THE URDANETA CITY BYPASS ROAD IN THE CITY OF URDANETA, PANGASINAN TO EDUARDO COJUANGCO, JR. AVENUE",PENDING IN THE COMMITTEE DATE : 9/7/2022
327,Win  Gatchalian,Senator Senate of the Philippines,SBN-1152,AN ACT PROVIDING SENIOR CTIZENS FREE MOVIE ACCESS TO ALL MOVIE THEATERS NATIONWIDE AND PROVIDING FUNDS THEREFOR,PENDING IN THE COMMITTEE DATE : 9/7/2022
327,Win  Gatchalian,Senator Senate of the Philippines,SBN-1153,"AN ACT DECLARING FEBRUARY 21 YEAR AS ?ARAW NG MARINDUQUE,? A SPECIAL NONWORKING HOLIDAY IN THE PROVINCE OF MARINDUQUE",PENDING IN THE COMMITTEE DATE : 9/7/2022
327,Win  Gatchalian,Senator Senate of the Philippines,SBN-1154,"AN ACT DECLARING THE LUZON DATUM LOCATED IN THE MUNICIPALITY OF MOGPOG, PROVINCE OF MARINDUQUE A TOURIST SPOT AND APPROPRIATING FUNDS THEREFOR",PENDING IN THE COMMITTEE DATE : 9/7/2022
327,Win  Gatchalian,Senator Senate of the Philippines,SBN-1199,AN ACT ORDAINING THE  BILL OF RIGHTS AND OBLIGATIONS OF THE TAXPAYER,"CONSOLIDATED/SUBSTITUTED IN THE COMMITTEE REPORT DATE : 2/1/2023
Committee Report No.:20 Date:1/30/2023 SUBSTITUTED BY SBN-1806
UNDER COMMITTEE REPORT
NO. 20;"
327,Win  Gatchalian,Senator Senate of the Philippines,SBN-1204,"AN ACT CREATING TWO (2) ADDITIONAL BRANCHES OF FAMILY COURTS IN THE NATIONAL CAPITAL JUDICIAL REGION, TO BE STATIONED IN THE CITY OF VALENZUELA, AND APPROPRIATING FUNDS THEREFOR",PENDING IN THE COMMITTEE DATE : 9/7/2022
327,Win  Gatchalian,Senator Senate of the Philippines,SBN-1220,"AN ACT ESTABLISHING CAMPUSES OF THE ILOCOS SUR POLYTECHNIC STATE COLLEGE IN THE MUNICIPALITIES OF SAN JUAN AND CABUGAO, PROVINCE OF ILOCOS SUR, TO BE KNOWN RESPECTIVELY AS THE ILOCOS SUR POLYTECHNIC STATE COLLEGE-SAN JUAN CAMPUS AND THE ''ILOCOS SUR POLYTECHNIC STATE COLLEGE-CABUGAO CAMPUS'', AND APPROPRIATING FUNDS THEREFOR",PENDING IN THE COMMITTEE DATE : 9/7/2022
327,Win  Gatchalian,Senator Senate of the Philippines,SBN-1221,"AN ACT ESTABLISHING A CAMPUS OF THE UNIVERSITY OF SCIENCE AND TECHNOLOGY OF SOUTHERN PHILIPPINES (USTSP) IN BARANGAY BALUBAL, CAGAYAN DE ORO CITY, TO BE KNOWN AS THE USTSP-BARANGAY
BALUBAL, CAGAYAN DE ORO CAMPUS, AND APPROPRIATING FUNDS THEREFOR",PENDING IN THE COMMITTEE DATE : 9/7/2022
327,Win  Gatchalian,Senator Senate of the Philippines,SBN-1222,"AN ACT ESTABLISHING A CAMPUS OF THE DAVAO DE ORO STATE COLLEGE IN THE MUNICIPALITY OF NABUNTURAN, PROVINCE OF DAVAO DE ORO, TO BE KNOWN AS THE DAVAO DE ORO STATE COLLEGE-NABUNTURAN CAMPUS, AND APPROPRIATING FUNDS THEREFOR",PENDING IN THE COMMITTEE DATE : 9/7/2022
327,Win  Gatchalian,Senator Senate of the Philippines,SBN-1223,"AN ACT CONVERTING THE BATAAN PENINSULA STATE UNIVERSITY-BAG AC EXTENSION CAMPUS IN THE MUNICIPALITY OF BAG AC, PROVINCE OF BATAAN, INTO A REGULAR CAMPUS OF THE BATAAN PENINSULA STATE UNIVERSITY, TO BE KNOWN AS THE BATAAN PENINSULA STATE UNIVERSITY-BAGAC CAMPUS, AND APPROPRIATING FUNDS THEREFOR",PENDING IN THE COMMITTEE DATE : 9/7/2022
327,Win  Gatchalian,Senator Senate of the Philippines,SBN-1224,"AN ACT ESTABLISHING A CAMPUS OF THE MINDANAO STATE UNIVERSITY IN THE MUNICIPALITY OF MUNAI, PROVINCE OF LANAO DEL NORTE, TO BE KNOWN AS THE MINDANAO STATE UNIVERSITY-MUNAI CAMPUS, AND APPROPRIATING FUNDS THEREFOR",PENDING IN THE COMMITTEE DATE : 9/7/2022
327,Win  Gatchalian,Senator Senate of the Philippines,SBN-1225,"AN ACT INTEGRATING THE PINTUYAN NATIONAL VOCATIONAL HIGH SCHOOL IN THE MUNICIPALITY OF PINTUYAN, PROVINCE OF SOUTHERN LEYTE, INTO THE SOUTHERN LEYTE STATE UNIVERSITY (SLSU)
SYSTEM, TO BE KNOWN AS THE SLSU-PINTUYAN CAMPUS, AND APPROPRIATING FUNDS THEREFOR",PENDING IN THE COMMITTEE DATE : 9/7/2022
327,Win  Gatchalian,Senator Senate of the Philippines,SBN-1226,"AN ACT ESTABLISHING A CAMPUS OF THE UNIVERSITY OF SCIENCE AND TECHNOLOGY OF SOUTHERN PHILIPPINES IN BARANGAY LUMBIA, CITY OF CAGAYAN DE ORO, PROVINCE OF MISAMIS ORIENTAL, TO BE KNOWN AS THE UNIVERSITY OF SCIENCE AND TECHNOLOGY OF SOUTHERN PHILIPPINES-LUMBIA CAMPUS, AND APPROPRIATING FUNDS THEREFOR",PENDING IN THE COMMITTEE DATE : 9/7/2022
327,Win  Gatchalian,Senator Senate of the Philippines,SBN-1233,"AN ACT PRESCRIBING AND INSTITUTIONALIZING THE PAYMENT BY THE GOVERNMENT OF THE INCOME TAX OF PETROLEUM SERVICE CONTRACTORS, AS INCENTIVE IN PETROLEUM OPERATIONS AND FOR OTHER PURPOSES",PENDING IN THE COMMITTEE DATE : 9/7/2022
327,Win  Gatchalian,Senator Senate of the Philippines,SBN-1320,"AN ACT STRENGTHENING LOCAL TAXATION AND THE FISCAL CAPACITY OF LOCAL GOVERNMENT UNITS BY INCREASING THEIR TAX GENERATION CAPACITY, AMENDING SECTION 150 OF REPUBLIC ACT NO. 7160, OTHERWISE KNOWN AS THE LOCAL GOVERNMENT CODE OF 1991, AND FOR OTHER PURPOSES",PENDING IN THE COMMITTEE DATE : 9/21/2022
327,Win  Gatchalian,Senator Senate of the Philippines,SBN-1337,"AN ACT AMENDING SECTION 309 OF THE NATIONAL INTERNAL REVENUE CODE, AS AMENDED, AND FOR OTHER PURPOSES",PENDING IN THE COMMITTEE DATE : 9/27/2022
327,Win  Gatchalian,Senator Senate of the Philippines,SBN-1346,"AN ACT INTRODUCING ADMINISTRATIVE TAX REFORMS, AMENDING SECTIONS 22, 51, 56, 57, 58,
77, 81, 90, 91, 103, 106, 108, 109, 110, 112, 113, 114, 115,
116, 117, 118, 119, 120, 128, 200, 236, 237, 245, AND 248 OF THE NATIONAL INTERNAL REVENUE CODE OF 1997, AS AMENDED, AND FOR OTHER PURPOSES",PENDING IN THE COMMITTEE DATE : 9/28/2022
327,Win  Gatchalian,Senator Senate of the Philippines,SBN-1347,"AN ACT AMENDING SECTIONS 22, 24, 25, 27, 28, 32,
34, 37, 38, 39, 42, 51, 52, 54, 56, 57, 73, 108, 121, 122,123,174, 176,179,181, 182, 183, 184,185, 186,187, 195, 198,
AND 199; AND REPEALING SECTIONS 127,175,177,
178,180, 188, 192, AND 193; ALL UNDER REPUBLIC ACT NO. 8424, OTHERWISE KNOWN AS THE NATIONAL INTERNAL REVENUE CODE OF 1997, AS AMENDED, AND FOR OTHER PURPOSES",PENDING IN THE COMMITTEE DATE : 9/28/2022
327,Win  Gatchalian,Senator Senate of the Philippines,SBN-1374,"AN ACT ESTABLISHING THE AGRICULTURE INFORMATION SYSTEM IN ALL PROVINCES, CITIES AND MUNICIPALITIES, AND APPROPRIATING FUNDS THEREFOR",PENDING IN THE COMMITTEE DATE : 11/7/2022
327,Win  Gatchalian,Senator Senate of the Philippines,SBN-1375,"AN ACT CREATING THE MUNICIPALITY, CITY, PROVINCIAL AND NATIONAL FEDERATIONS OF SANGGUNIAN BARANGAY MEMBERS, AMENDING FOR THIS PURPOSE SECTION 508 OF REPUBLIC ACT NO. 7160, OTHERWISE KNOWN AS THE 'LOCAL GOVERNMENT CODE OF 1991'",PENDING IN THE COMMITTEE DATE : 11/7/2022
327,Win  Gatchalian,Senator Senate of the Philippines,SBN-150,"AN ACT ESTABLISHING AN ACADEMIC RECOVERY AND ACCESSIBLE LEARNING PROGRAM, APPROPRIATING FUNDS THEREFOR, AND FOR OTHER PURPOSES","CONSOLIDATED/SUBSTITUTED IN THE COMMITTEE REPORT DATE : 12/12/2022
Committee Report No.:17 Date:12/7/2022
SUBSTITUTED BY SBN-1604 PER
COMMITTEE REPORT NO. 17."
327,Win  Gatchalian,Senator Senate of the Philippines,SBN-151,AN ACT ESTABLISHING A NATIONAL ENERGY POLICY AND REGULATORY FRAMEWORK FOR FACILITIES UTILIZING WASTE-TO-ENERGY TECHNOLOGIES,PENDING IN THE COMMITTEE DATE : 8/1/2022
327,Win  Gatchalian,Senator Senate of the Philippines,SBN-153,"AN ACT TO ERADICATE SIM CARD-AIDED TERRORISM AND CRIMINAL ACTIVITES, MANDATING FOR THIS PURPOSE OWNERSHIP REGISTRATION OF ALL SIM CARDS FOR ELECTRONIC COMMUNICATION DEVICES","CONSOLIDATED/SUBSTITUTED IN THE COMMITTEE REPORT DATE : 9/13/2022
Committee Report No.:5 Date:9/13/2022 SUBSTITUTED BY SBN-1310
UNDER COMMITTEE REPORT NO. 5, WHICH BECAME REPUBLIC ACT NO. 11934 ON OCTOBER 10, 2022."
327,Win  Gatchalian,Senator Senate of the Philippines,SBN-155,"AN ACT FURTHERNING LOCAL LEADERSHIP AND ACCOUNTABILITY IN BASIC EDUCATION GOVERNANCE TO ACHIEVE QUALITY INCLUSIVE EDUCATION THROUGH THE 21ST CENTURY SCHOOL BOARDS AND SCHOOL GOVERNING COUNCILS, AND FOR OTHER PURPOSE",PENDING IN THE COMMITTEE DATE : 8/1/2022
327,Win  Gatchalian,Senator Senate of the Philippines,SBN-1551,"AN ACT MANDATING THE INSTITUTIONALIZATION, DEVELOPMENT, TRAINING, ORGANIZATION AND  ADMINISTRATION OF BASIC RESERVE OFFICERS TRAINING CORPS (ROTC) IN PUBLIC AND PRIVATE UNIVERSITIES, COLLEGES, VOCATIONAL SCHOOLS AND OTHER TERTIARY EDUCATIONAL INSTITUTIONS, FURTHER AMENDING REPUBLIC ACT NO. 7077, OTHERWISE KNOWN AS THE CITIZEN ARMED FORCE OR ARMED FORCES OF THE PHILIPPINES RESERVIST ACT, AS AMENDED BY REPUBLIC ACT NO. 9163, OTHERWISE KNOWN AS THE NATIONAL SERVICE TRAINING PROGRAM (NSTP) ACT OF 2001, AND APPROPRIATING FUNDS THEREFOR",PENDING IN THE COMMITTEE DATE : 11/28/2022
327,Win  Gatchalian,Senator Senate of the Philippines,SBN-157,"AN ACT PROVIDING FOR A NATIONAL ENERGY POLICY AND FRAMEWORK FOR A CLEAN AND JUST ENERGY TRANSITION IN THE COUNTRY, AND APPROPRIATING FUNDS THEREFOR",PENDING IN THE COMMITTEE DATE : 8/1/2022
327,Win  Gatchalian,Senator Senate of the Philippines,SBN-1576,"AN ACT UPGRADING THE APARRI PROVINCIAL HOSPITAL IN THE MUNICIPALITY OF APARRI, PROVINCE OF CAGAYAN INTO A LEVEL II GENERAL HOSPITAL TO BE KNOWN AS THE APARRI MEDICAL CENTER, PLACING IT UNDER THE DIRECT SUPERVISION AND CONTROL OF THE DEPARTMENT OF HEALTH, INCREASING ITS BED CAPACITY TO 100 BEDS, UPGRADING ITS PROFESSIONAL HEALTH CARE SERVICES AND FACILITIES, AUTHORIZING THE INCREASE OF ITS MEDICAL PERSONNEL AND APPROPRIATING FUNDS THEREFOR",PENDING IN THE COMMITTEE DATE : 12/6/2022
327,Win  Gatchalian,Senator Senate of the Philippines,SBN-1839,"AN ACT PROMOTING TRANSPARENT GOVERNANCE AND INSTITUTING
ANTI-CORRUPTION MECHANISMS IN THE OPERATION OF BANKS AND OTHER FINANCIAL INSTITUTIONS, AMENDING FOR THE PURPOSE REPUBLIC ACT NO. 1405, OTHERWISE KNOWN AS THE SECRECY OF BANK DEPOSITS LAW",PENDING IN THE COMMITTEE DATE : 2/7/2023
327,Win  Gatchalian,Senator Senate of the Philippines,SBN-1840,AN ACT PROVIDING FOR THE MAGNA CARTA OF BARANGAY HEALTH WORKERS,PENDING IN THE COMMITTEE DATE : 2/7/2023
327,Win  Gatchalian,Senator Senate of the Philippines,SBN-380,"AN ACT PROVIDING A NATIONAL ENERGY POLICY AND FRAMEWORK FOR GOVERNMENT-INITIATED PETROLEUM EXPLORATION AND DEVELOPMENT FURTHER AMENDING FOR THE PURPOSE THE CHARTER OF THE PHILIPPINE NATIONAL OIL COMPANY (PNOC), AS AMENDED",PENDING IN THE COMMITTEE DATE : 8/8/2022
327,Win  Gatchalian,Senator Senate of the Philippines,SBN-381,"AN ACT FURTHER AMENDING PRESIDENTIAL DECREE NO. 87, OTHERWISE KNOWN AS THE OIL EXPLORATION AND DEVELOPMENT ACT OF 1972, AS AMENDED",PENDING IN THE COMMITTEE DATE : 8/8/2022
327,Win  Gatchalian,Senator Senate of the Philippines,SBN-382,"AN ACT INSTITUTIONALIZING AND STRENGTHENING THE ARABIC LANGUAGE AND ISLAMIC VALUES EDUCATION PROGRAM IN ALL PUBLIC AND PRIVATE BASIC EDUCATION SCHOOLS, APPROPRIATING FUNDS THEREFOR, AND FOR OTHER PURPOSES",PENDING IN THE COMMITTEE DATE : 8/8/2022
327,Win  Gatchalian,Senator Senate of the Philippines,SBN-383,"AN ACT MANDATING THE FULL DIGITAL TRANSFORMATION OF ALL PUBLIC AND PRIVATE BASIC EDUCATION INSTITUTIONS, APPROPRIATING FUNDS THEREFOR, AND FOR OTHER PURPOSES",PENDING IN THE COMMITTEE DATE : 8/8/2022
327,Win  Gatchalian,Senator Senate of the Philippines,SBN-384,AN ACT PROVIDING FOR A NATIONAL ENERGY POLICY AND FRAMEWORK FOR THE ESTABLISHMENT OF AN ENERGY SUBSIDY PROGRAM,PENDING IN THE COMMITTEE DATE : 8/8/2022
327,Win  Gatchalian,Senator Senate of the Philippines,SBN-385,AN ACT REDUCING THE RECOVERABLE SYSTEM LOSS RATE AND FOR OTHER PURPOSES,PENDING IN THE COMMITTEE DATE : 8/8/2022
327,Win  Gatchalian,Senator Senate of the Philippines,SBN-386,AN ACT REQUIRING ALL PUBLIC TELECOMMUNICATIONS ENTITIES AND INTERNET SERVICE PROVIDERS TO INCREASE SERVICE COVERAGE AND DELIVER A MINIMUM STANDARD FOR INTERNET CONNECTION SPEED,PENDING IN THE COMMITTEE DATE : 8/8/2022
327,Win  Gatchalian,Senator Senate of the Philippines,SBN-387,"AN ACT MANDATING THE INSTITUTIONALIZATION, DEVELOPMENT, TRAINING, ORGANIZATION AND ADMINISTRATION OF BASIC RESERVE OFFICERS TRAINING CORPS (ROTC) IN GRADES 11 AND 12 IN PUBLIC AND PRIVATE EDUCATIONAL INSTITUTIONS, FURTHER AMENDING REPUBLIC ACT NO. 7077, OTHERWISE KNOWN AS THE ?CITIZEN ARMED FORCE OR ARMED FORCES OF THE PHILIPPINES RESERVIST ACT?, AS AMENDED BY REPUBLIC ACT NO. 9163, OTHERWISE KNOWN AS THE 'NATIONAL SERVICE TRAINING PROGRAM (NSTP) ACT OF 2001' AND APPROPRIATING FUNDS THEREFOR",WITHDRAWN DATE : 11/28/2022
327,Win  Gatchalian,Senator Senate of the Philippines,SBN-388,"AN ACT STRENGTHENING THE BARANGAY AS THE BASIC LOCAL GOVERNMENT UNIT BY
INCREASING ITS CAPACITY TO DELIVER SERVICES, PROVIDING SALARY GRADES, RETIREMENT BENEFITS AND OTHER ENTITLEMENTS OF CERTAIN BARANGAY OFFICIALS, INCREASING THEIR TERM OF OFFICE, AND OTHER PURPOSES, AMENDING REPUBLIC ACT NO. 7160, OTHERWISE KNOWN AS THE LOCAL GOVERNMENT CODE OF
1991, AND OTHER RELATED LAWS",PENDING IN THE COMMITTEE DATE : 8/8/2022
327,Win  Gatchalian,Senator Senate of the Philippines,SBN-473,"AN ACT RENAMING THE LITERACY COORDINATING COUNCIL TO THE NATIONAL LITERACY COUNCIL, STRENGTHENING ITS POWERS AND FUNCTIONS, STREAMLINING ITS MEMBERSHIP STRUCTURE, PROVIDING ITS LOCAL SUPPORT MECH ANISMS, REPEALING FOR THE PURPOSE REPUBLIC ACT NO. 7165, AS AMENDED, APPROPRIATING FUNDS THEREFOR, AND FOR OTHER PURPOSES",PENDING IN THE COMMITTEE DATE : 8/10/2022
327,Win  Gatchalian,Senator Senate of the Philippines,SBN-474,"AN ACT MANDATING THE PROVISION OF ONE LAPTOP FOR EVERY LEARNER ENROLLED UNDER THE K TO 12 PROGRAM OF THE DEPARTMENT OF EDUCATION, ESCALATING THE PROVISION OF RELIABLE AND SECURE
INTERNET CONNECTION FOR THE USE OF SUCH LAPTOPS, APPROPRIATING FUNDS THEREFOR, AND FOR OTHER PURPOSES",PENDING IN THE COMMITTEE DATE : 8/10/2022
327,Win  Gatchalian,Senator Senate of the Philippines,SBN-475,"AN ACT INSTITUTIONALIZING A NATIONAL READING MONTH IN NOVEMBER OF EVERY YEAR, PROVIDING FOR MULTI-STAKEHOLDER PARTICIPATION IN THE INCULCATION OF A CULTURE OF READING IN BASIC EDUCATION, APPROPRIATING FUNDS THEREFOR, AND FOR OTHER PURPOSES",PENDING IN THE COMMITTEE DATE : 8/10/2022
327,Win  Gatchalian,Senator Senate of the Philippines,SBN-476,"AN ACT PROMOTING THE ESTABLISHMENT OF PUBLIC MATH AND SCIENCE HIGH SCHOOLS IN PREVIOUSLY UNDERSERVED AREAS, AND APPROPRIATING FUNDS THEREFOR",PENDING IN THE COMMITTEE DATE : 8/10/2022
327,Win  Gatchalian,Senator Senate of the Philippines,SBN-477,"AN ACT DIGITIZING ALL BOOKS NECESSARY FOR PUBLIC EDUCATION AND ESTABLISHING THE PHILIPPINE ONLINE LIBRARY, PROVIDING FUNDS THEREFOR, AND FOR OTHER PURPOSES",PENDING IN THE COMMITTEE DATE : 8/10/2022
327,Win  Gatchalian,Senator Senate of the Philippines,SBN-478,AN ACT MANDATING THE AUTOMATION OF A NATIONAL PUBLIC SCHOOL DATABASE,PENDING IN THE COMMITTEE DATE : 8/10/2022
327,Win  Gatchalian,Senator Senate of the Philippines,SBN-479,"AN ACT REQUIRING THE COMPLETION OF AN ECONOMICS AND PERSONAL FINANCE (?EPF?) LITERACY COURSE AS AN
ELEMENTARY, SECONDARY, TERTIARY, AND TECHNICAL VOCATIONAL GRADUATION REQUIREMENT IN PUBLIC AND PRIVATE SCHOOLS, LOCAL UNIVERSITIES AND COLLEGES, STATE AND PRIVATE COLLEGES AND UNIVERSITIES, AND TECHNICAL VOCATIONAL SCHOOLS AND CENTERS, MANDATING PROFESSIONAL DEVELOPMENT FOR EPF TEACHERS, TEACHING FINANCIAL LITERACY TO EPF PARTNERS, APPROPRIATING FUNDS THEREFOR, AND FOR OTHER PURPOSES",PENDING IN THE COMMITTEE DATE : 8/10/2022
327,Win  Gatchalian,Senator Senate of the Philippines,SBN-480,"AN ACT ESTABLISHING A NATIONAL HIGH SCHOOL IN BARANGAY MABCA, MUNICIPALITY OF SAGNAY, PROVINCE OF CAMARINES SUR TO BE KNOWN AS THE MABCA NATIONAL HIGH
SCHOOL, AND APPROPRIATING FUNDS THEREFOR",PENDING IN THE COMMITTEE DATE : 8/10/2022
327,Win  Gatchalian,Senator Senate of the Philippines,SBN-481,"AN ACT CONVERTING THE HIBAO-AN ELEMENTARY SCHOOL IN BARANGAY HIBAO-AN SUR, MANDURRIAO DISTRICT, ILOILO CITY INTO AN INTEGRATED SCHOOL TO BE KNOWN AS THE HIBAO-AN INTEGRATED SCHOOL, AND APPROPRIATING FUNDS THEREFOR",PENDING IN THE COMMITTEE DATE : 8/10/2022
327,Win  Gatchalian,Senator Senate of the Philippines,SBN-483,AN ACT ENHANCING THE COMPETITIVE SELECTION PROCESS FOR POWER SUPPLY AGREEMENTS IN THE ELECTRIC POWER SECTOR,PENDING IN THE COMMITTEE DATE : 8/10/2022
327,Win  Gatchalian,Senator Senate of the Philippines,SBN-484,AN ACT INSTITUTIONALIZING REFORMS IN THE COMPETITIVE SELECTION PROCESS OF POWER SUPPLY AGREEMENTS FOR THE CAPTIVE MARKET OF THE ELECTRIC POWER SECTOR,PENDING IN THE COMMITTEE DATE : 8/10/2022
327,Win  Gatchalian,Senator Senate of the Philippines,SBN-485,"AN ACT ENHANCING THE IMPLEMENTATION OF THE NET-METERING PROGRAM, AMENDING FOR THE PURPOSE REPUBLIC ACT NO. 9513, OTHERWISE KNOWN AS THE RENEWABLE ENERGY ACT OF 2008",PENDING IN THE COMMITTEE DATE : 8/10/2022
327,Win  Gatchalian,Senator Senate of the Philippines,SBN-486,"AN ACT REMOVING THE PUBLIC OFFERING REQUIREMENT OF GENERATION COMPANIES, AMENDING FOR THE PURPOSE SECTION 43(T) OF REPUBLIC ACT NO. 9136, OTHERWISE KNOWN AS THE ELECTRIC POWER INDUSTRY REFORM ACT OF 2001",PENDING IN THE COMMITTEE DATE : 8/10/2022
327,Win  Gatchalian,Senator Senate of the Philippines,SBN-487,AN ACT ENHANCING THE GOVERNANCE STRUCTURE OF THE ENERGY REGULATORY COMMISSION,PENDING IN THE COMMITTEE DATE : 8/10/2022
327,Win  Gatchalian,Senator Senate of the Philippines,SBN-684,"AN ACT POSTPONING THE DECEMBER 5, 2022 BARANGAY AND SANGGUNIANG KABATAAN ELECTIONS, AMENDING FOR THE PURPOSE REPUBLIC ACT NO. 9164, AS AMENDED BY REPUBLIC ACT NO. 9340, REPUBLIC ACT NO. 10632, REPUBLIC ACT NO. 10656, REPUBLIC ACT NO. 10923, REPUBLIC ACT NO. 10952, AND REPUBLIC ACT NO. 11462, AND FOR OTHER PURPOSES","CONSOLIDATED/SUBSTITUTED IN THE COMMITTEE REPORT DATE : 9/13/2022
Committee Report No.:4 Date:9/12/2022 SUBSTITUTED BY SBN-1306
UNDER COMMITTEE REPORT NO. 4, WHICH BECAME REPUBLIC ACT NO. 11935 ON OCTOBER 10, 2022."
327,Win  Gatchalian,Senator Senate of the Philippines,SBN-685,"AN ACT MANDATING THE FULL DIGITAL TRANSFORMATION OF ALL GOVERNMENT AGENCIES, OFFICES AND CORPORATIONS, INCLUDING LOCAL GOVERNMENT UNITS, APPROPRIATING FUNDS THEREFOR AND FOR OTHER PURPOSES",PENDING IN THE COMMITTEE DATE : 8/23/2022
327,Win  Gatchalian,Senator Senate of the Philippines,SBN-808,"AN ACT MANDATING GOVERNMENT FINANCIAL INSTITUTIONS TO CREATE A BANK ACCOUNT
FOR EVERY UNBANKED FILIPINO, AND FOR OTHER PURPOSES",PENDING IN THE COMMITTEE DATE : 8/30/2022
327,Win  Gatchalian,Senator Senate of the Philippines,SBN-809,"AN ACT PROHIBITING ALL PUBLIC TELECOMMUNICATIONS ENTITIES AND INFORMATION AND COMMUNICATIONS TECHNOLOGY PROVIDERS FROM IMPOSING AN EXPIRATION PERIOD ON THE
VALIDITY OF PREPAID LOAD CREDITS AND THEIR
FORFEITURE",PENDING IN THE COMMITTEE DATE : 8/30/2022
327,Win  Gatchalian,Senator Senate of the Philippines,SBN-810,"AN ACT TRANSFERRING THE PERMANENT SEAT OF THE NATIONAL GOVERNMENT TO NEW CLARK CITY, PAMPANGA, CREATING A TRANSITORY COMMISSION, APPROPRIATING FUNDS THEREFOR, AND FOR OTHER PURPOSES",PENDING IN THE COMMITTEE DATE : 8/30/2022
327,Win  Gatchalian,Senator Senate of the Philippines,SBN-811,AN ACT PROMOTING THE ADOPTION OF DIGITAL PAYMENTS FOR FINANCIAL TRANSACTIONS OF THE GOVERNMENT AND ALL MERCHANTS AND FOR OTHER PURPOSES,PENDING IN THE COMMITTEE DATE : 8/30/2022
327,Win  Gatchalian,Senator Senate of the Philippines,SBN-812,AN ACT ESTABLISHING THE NEGROS ISLAND REGION AND FOR OTHER PURPOSES,PENDING IN THE COMMITTEE DATE : 8/30/2022
327,Win  Gatchalian,Senator Senate of the Philippines,SBN-813,AN ACT PROMOTING CONSUMER PROTECTION AND FOSTERING COMPETITION IN THE TELECOMMUNICATIONS INDUSTRY BY MANDATING THE UNLOCKING OF MOBILE WIRELESS DEVICES,PENDING IN THE COMMITTEE DATE : 8/30/2022
327,Win  Gatchalian,Senator Senate of the Philippines,SBN-814,AN ACT ENCOURAGING AND PROMOTING THE USE AND DEVELOPMENT OF SATELLITE-BASED TECHNOLOGIES FOR INTERNET CONNECTIVITY,PENDING IN THE COMMITTEE DATE : 8/30/2022
327,Win  Gatchalian,Senator Senate of the Philippines,SBN-815,"AN ACT PROMOTING OPEN ACCESS IN DATA TRANSMISSION, PROVIDING ADDITIONAL POWERS TO THE NATIONAL TELECOMMUNICATIONS COMMISSION, AND FOR OTHER PURPOSES",PENDING IN THE COMMITTEE DATE : 8/30/2022
327,Win  Gatchalian,Senator Senate of the Philippines,SBN-816,"AN ACT PROVIDING PROTECTION TO THE ELDERLY AGAINST ABUSE, NEGLECT, AND EXPLOITATION, AND PRESCRIBING PENALTIES FOR VIOLATIONS THEREOF",PENDING IN THE COMMITTEE DATE : 8/30/2022
327,Win  Gatchalian,Senator Senate of the Philippines,SBN-817,"AN ACT REGULATING TRANSPORTATION NETWORK SERVICES,  IMPOSING AND AUTHORIZING FEES, PROVIDING PENALTIES FOR VIOLATIONS THEREOF AND FOR OTHER PURPOSES",PENDING IN THE COMMITTEE DATE : 8/30/2022
327,Win  Gatchalian,Senator Senate of the Philippines,SBN-818,"AN ACT REGULATING THE DEBT COLLECTION PRACTICES OF DEBT COLLECTORS TO PROTECT BORROWERS FROM ABUSES, HARASSMENT, UNFAIR TREATMENT AND MISREPRESENTATIONS",PENDING IN THE COMMITTEE DATE : 8/30/2022
327,Win  Gatchalian,Senator Senate of the Philippines,SBN-819,"AN ACT ESTABLISHING THE RIGHTS OF PASSENGERS OF TAXIS, TOURIST CAR TRANSPORT SERVICES AND OTHER SIMILAR VEHICLES FOR HIRE",PENDING IN THE COMMITTEE DATE : 8/30/2022
327,Win  Gatchalian,Senator Senate of the Philippines,SBN-820,AN ACT PROVIDING FOR A MORATORIUM ON RENTAL PAYMENT AND EVICTION DURING DISASTERS AND OTHER EMERGENCIES,PENDING IN THE COMMITTEE DATE : 8/30/2022
327,Win  Gatchalian,Senator Senate of the Philippines,SBN-821,AN ACT MANDATING AN ACCIDENT AND LIFE INSURANCE COVERAGE FOR CONSTRUCTION WORKERS,PENDING IN THE COMMITTEE DATE : 8/30/2022
327,Win  Gatchalian,Senator Senate of the Philippines,SBN-822,AN ACT INSTITUTING THE MAGNA CARTA OF FILIPINO SEAFARERS,PENDING IN THE COMMITTEE DATE : 8/30/2022
327,Win  Gatchalian,Senator Senate of the Philippines,SBN-823,"AN ACT PROVIDING FOR THE CONDONATION OF PENALTIES FOR UNPAID SOCIAL SECURITY SYSTEM, PHILIPPINE HEALTH INSURANCE CORPORATION, AND THE HOME DEVELOPMENT MUTUAL FUND CONTRIBUTIONS OF HOUSEHOLD EMPLOYERS RELATIVE TO REPUBLIC ACT NO.
10361, ALSO KNOWN AS THE DOMESTIC WORKERS ACT OR BATAS KASAMBAHAY",PENDING IN THE COMMITTEE DATE : 8/30/2022
327,Win  Gatchalian,Senator Senate of the Philippines,SBN-824,"AN ACT EXPANDING THE COVERAGE OF THE CENTENARIANS ACT OF 2016, AMENDING FOR THE PURPOSE SECTION TWO OF REPUBLIC ACT NO.
10868 AND PROVIDING FUNDS THEREOF",PENDING IN THE COMMITTEE DATE : 8/30/2022
327,Win  Gatchalian,Senator Senate of the Philippines,SBN-825,"AN ACT INSTITUTIONALIZING A FUNCTIONAL INTEGRATED DISEASES SURVEILLANCE AND RESPONSE SYSTEM IN THE PHILIPPINES, CREATING THE CENTER FOR
DISEASE PREVENTION AND CONTROL, ESTABLISHING A MEDICAL RESERVE CORPS AND FOR OTHER PURPOSES","CONSOLIDATED/SUBSTITUTED IN THE COMMITTEE REPORT DATE : 2/13/2023
Committee Report No.:28 Date:2/13/2023 SUBSTITUTED BY SBN-1869
UNDER COMMITTEE REPORT NO. 28."
327,Win  Gatchalian,Senator Senate of the Philippines,SBN-826,AN ACT REGULATING THE SALE OF MOTOR VEHICLES IN METRO MANILA BY REQUIRING A PROOF-OF-PARKING SPACE OR FACILITY FROM MOTOR VEHICLE BUYERS AS A PREREQUISITE FOR THE PURCHASE OF A MOTOR VEHICLE AND REGISTRATION WITH THE LAND TRANSPORTATION OFFICE,PENDING IN THE COMMITTEE DATE : 8/30/2022
327,Win  Gatchalian,Senator Senate of the Philippines,SBN-939,"AN ACT EXPANDING THE APPLICATION OF THE LOCAL DISASTER RISK REDUCTION AND MANAGEMENT FUND BY AMENDING REPUBLIC ACT NO. 10121, OTHERWISE KNOWN AS 'THE PHILIPPINE DISASTER RISK REDUCTION AND MANAGEMENT ACT OF 2010'",PENDING IN THE COMMITTEE DATE : 8/31/2022
327,Win  Gatchalian,Senator Senate of the Philippines,SBN-940,"AN ACT ESTABLISHING EVACUATION CENTERS IN EVERY MUNICIPALITY AND CITY, PROVIDING FOR THE NECESSARY FACILITIES, ENSURING THEIR STRUCTURAL CAPACITY, AND APPROPRIATING FUNDS THEREFOR",PENDING IN THE COMMITTEE DATE : 8/31/2022
327,Win  Gatchalian,Senator Senate of the Philippines,SBN-941,AN ACT ESTABLISHING THE VIROLOGY AND VACCINE INSTITUTE OF THE PHILIPPINES AND APPROPRIATING FUNDS THEREFOR,PENDING IN THE COMMITTEE DATE : 8/31/2022
327,Win  Gatchalian,Senator Senate of the Philippines,SBN-942,"AN ACT GRANTING BROADER PROTECTION TO CONSUMERS AMENDING FOR THE PURPOSE REPUBLIC ACT NO. 7394, OTHERWISE KNOWN AS 'THE CONSUMER ACT OF THE PHILIPPINES'",PENDING IN THE COMMITTEE DATE : 8/31/2022
327,Win  Gatchalian,Senator Senate of the Philippines,SBN-943,"AN ACT RELAXING INVESTMENT RESTRICTIONS AND AFFORDING EQUAL OPPORTUNITIES TO ELIGIBLE AND QUALIFIED DOMESTIC AND FOREIGN BIDDERS TO PARTICIPATE IN THE BIDDING FOR THE GOVERNMENT'S PUBLIC WORKS PROJECTS, AMENDING COMMONWEALTH ACT
NO. 541, AS AMENDED BY LETTER OF INSTRUCTIONS NO. 630, AND FOR OTHER
PURPOSES",PENDING IN THE COMMITTEE DATE : 8/31/2022
327,Win  Gatchalian,Senator Senate of the Philippines,SBN-944,"AN ACT LOWERING THE COMPULSORY AND OPTIONAL RETIREMENT AGE OF GOVERNMENT EMPLOYEES, AMENDING FOR THE PURPOSE SECTIONS 13(B) AND 13-A OF REPUBLIC ACT NO. 8291, OTHERWISE KNOWN AS THE GOVERNMENT SERVICE INSURANCE SYSTEM ACT OF 1997",PENDING IN THE COMMITTEE DATE : 8/31/2022
327,Win  Gatchalian,Senator Senate of the Philippines,SBN-945,AN ACT PROVIDING PROTECTION TO FREELANCERS AND FOR OTHER PURPOSES,PENDING IN THE COMMITTEE DATE : 8/31/2022
327,Win  Gatchalian,Senator Senate of the Philippines,SBN-946,"AN ACT PROMOTING INCLUSIVE AND SUSTAINABLE ECONOMIC DEVELOPMENT THROUGH THE INSTITUTIONALIZATION OF 'ONE TOWN, ONE PRODUCT' PHILIPPINES PROGRAM AND APPROPRIATING FUNDS THEREFOR","CONSOLIDATED/SUBSTITUTED IN THE COMMITTEE REPORT DATE : 12/7/2022
Committee Report No.:14 Date:12/5/2022 SUBSTITUTED BY SBN-1594
UNDER COMMITTEE REPORT NO. 14."
327,Win  Gatchalian,Senator Senate of the Philippines,SBN-947,"AN ACT RENAMING THE BENHAM RISE AS 'PHILIPPINE RISE' OR 'TALAMPAS NG PILIPINAS,' NAMING THE UNDERSEA FEATURES THEREIN, AND FOR OTHER PURPOSES",PENDING IN THE COMMITTEE DATE : 8/31/2022
327,Win  Gatchalian,Senator Senate of the Philippines,SBN-948,"AN ACT PROVIDING GUIDELINES FOR THE INSTALLATION AND USE OF THE CLOSED-CIRCUIT TELEVISION VIDEO (CCTV) SYSTEMS, THE PROCEDURE FOR ACCESS TO THE IMAGES AND RECORDINGS, THE PROHIBITED ACTS AND PENALTIES THEREFOR, AND FOR OTHER PURPOSES",PENDING IN THE COMMITTEE DATE : 8/31/2022
327,Win  Gatchalian,Senator Senate of the Philippines,SBN-949,"AN ACT DECLARING JUNE 27 TO JULY 2 OF EVERY YEAR AS THE 'NATIONAL MICRO-, SMALL-, AND MEDIUM-ENTRPRISE (MSME) WEEK' IN THE ENTIRE COUNTRY, AND APPROPRIATING FUNDS THEREFOR",PENDING IN THE COMMITTEE DATE : 8/31/2022
327,Win  Gatchalian,Senator Senate of the Philippines,SBN-950,"AN ACT ESTABLISHING A NURSING HOME FOR HOMELESS AND ABANDONED SENIOR CITIZENS IN EVERY CITY OR MUNICIPALITY IN THE PHILIPPINES, APPROPRIATING FUNDS THEREFOR, AND FOR OTHER PURPOSES",PENDING IN THE COMMITTEE DATE : 8/31/2022
327,Win  Gatchalian,Senator Senate of the Philippines,SBN-951,"AN ACT EXPANDING THE POWERS OF LOCAL GOVERNMENT UNITS TO PROVIDE LOCAL MASS PUBLIC TRANSPORTATION SYSTEMS, AMENDING FOR THIS PURPOSE REPUBLIC ACT NO. 7160, OTHERWISE KNOWN AS THE 'LOCAL GOVERNMENT CODE OF 1991', AND FOR OTHER PURPOSES",PENDING IN THE COMMITTEE DATE : 9/5/2022
327,Win  Gatchalian,Senator Senate of the Philippines,SBN-952,AN ACT DECLARING THE MONTH OF JUNE OF EVERY YEAR AS THE 'NATIONAL FRONTLINERS MONTH' IN THE ENTIRE COUNTRY AND APPROPRIATING FUNDS THEREFORE,PENDING IN THE COMMITTEE DATE : 9/5/2022
327,Win  Gatchalian,Senator Senate of the Philippines,SBN-953,"AN ACT PROVIDING FOR A MORE RESPONSIVE AND COMPREHENSIVE REGULATION FOR THE PRACTICE OF THE MEDICAL PROFESSION, REPEALING FOR THE PURPOSE REPUBLIC ACT NO. 2382, AS AMENDED, OTHERWISE KNOWN AS THE 'MEDICAL ACT OF 1959' AND OTHER LAWS, AND FOR OTHER PURPOSES",PENDING IN THE COMMITTEE DATE : 9/5/2022
327,Win  Gatchalian,Senator Senate of the Philippines,SRN-101,A RESOLUTION DIRECTING THE APPROPRIATE SENATE COMMITTEE TO CONDUCT AN INQUIRY IN AID OF LEGISLATION ON THE SUFFICIENCY OF THE DEPARTMENT OF ENERGY'S EXISTING POLICIES ON MINIMUM INVENTORY REQUIREMENT FOR OIL AND PETROLEUM PRODUCTS AND THE NECESSITY OF ESTABLISHING A STRATEGIC PETROLEUM RESERVE TO ENSURE THE SECURITY OF THE COUNTRY'S OIL SUPPLY,PENDING IN THE COMMITTEE DATE : 8/16/2022
327,Win  Gatchalian,Senator Senate of the Philippines,SRN-102,A RESOLUTION DIRECTING THE APPROPRIATE SENATE COMMITTEE TO CONDUCT AN INQUIRY IN AID OF LEGISLATION ON THE PHILIPPINES' NATURAL GAS INDUSTRY POLICY WITH THE END IN VIEW OF ENACTING A COMPREHENSIVE NATURAL GAS REGULATORY FRAMEWORK TOWARDS ENERGY SECURITY,PENDING IN THE COMMITTEE DATE : 8/16/2022
327,Win  Gatchalian,Senator Senate of the Philippines,SRN-11,"RESOLUTION DIRECTING THE SENATE  COMMITTEE ON BASIC EDUCATION, ARTS AND CULTURE TO CONDUCT AN INQUIRY, IN AID OF LEGISLATION, ON THE IMPACT OF THE PANDEMIC SCHOOL CLOSURES AND RECOVERY MECHANISMS FOR THE BASIC EDUCATION SECTOR, FOR THE PURPOSE OF DETERMINING THE EFFECTS THEREOF, IDENTIFYING AND ADDRESSING THE GAPS, ISSUES, AND CHALLENGES IN THE IMPLEMENTATION OF THE PROGRAMS OF THE DEPARTMENT OF EDUCATION, AND CRAFTING COMPLEMENTARY LEGISLATION",PENDING IN THE COMMITTEE DATE : 8/9/2022
327,Win  Gatchalian,Senator Senate of the Philippines,SRN-12,"RESOLUTION DIRECTING THE APPROPRIATE SENATE COMMITTEE TO CONDUCT AN INQUIRY, IN AID OF LEGISLATION, ON STRENGTHENING THE COMPLEMENTARY ROLES OF PUBLIC AND PRIVATE INSTITUTIONS IN THE PHILIPPINE EDUCATIONAL SYSTEM AND FORMULATING A DYNAMIC AND RESPONSIVE FRAMEWORK TO FURTHER OPERATIONALIZE THE PRINCIPLE OF COMPLEMENTARITY TO ACHIEVE THE COUNTRY?S NATIONAL OBJECTIVES AND SUSTAINABLE DEVELOPMENT GOALS IN EDUCATION",PENDING IN THE COMMITTEE DATE : 8/9/2022
327,Win  Gatchalian,Senator Senate of the Philippines,SRN-13,"RESOLUTION DIRECTING THE SENATE COMMITTEE ON BASIC EDUCATION, ARTS AND CULTURE TO CONDUCT AN INQUIRY, IN AID OF LEGISLATION, ON THE RISING NUMBER OF ADOLESCENT PREGNANCY AND HUMAN IMMUNODEFICIENCY VIRUS AMONG THE YOUTH, FOR THE PURPOSE OF STRENGTHENING THE EXISTING COMPREHENSIVE SEXUALITY EDUCATION OF THE DEPARTMENT OF EDUCATION AND INTEGRATING EFFECTIVE PREVENTIVE MEASURES IN THE BASIC EDUCATION SYSTEM",PENDING IN THE COMMITTEE DATE : 8/9/2022
327,Win  Gatchalian,Senator Senate of the Philippines,SRN-132,"RESOLUTION EXPRESSING THE PROFOUND SYMPATHY AND SINCERE CONDOLENCES OF THE SENATE OF THE PHILIPPINES ON THE DEATH OF LYDIA DE VEGA-MERCADO, ASIA'S FASTEST WOMAN AND THE PRIDE OF THE PHILIPPINES IN THE 1980S",CONSOLIDATED WITH ADOPTED RESOLUTION DATE : 8/15/2022
327,Win  Gatchalian,Senator Senate of the Philippines,SRN-133,A RESOLUTION DIRECTING THE APPROPRIATE SENATE COMMITTEE TO CONDUCT AN INQUIRY IN AID OF LEGISLATION ON THE PROLIFERATION OF SPAM AND PHISHING TEXT MESSAGES IN THE COUNTRY WITH THE END IN VIEW OF PROTECTING THE CONSUMERS' RIGHTS TO PRIVACY AND SECURITY,"CONSOLIDATED/SUBSTITUTED IN THE COMMITTEE REPORT DATE : 9/13/2022
Committee Report No.:5 Date:9/13/2022"
327,Win  Gatchalian,Senator Senate of the Philippines,SRN-14,"RESOLUTION DIRECTING THE APPROPRIATE SENATE COMMITTEE TO CONDUCT AN INQUIRY, IN AID OF LEGISLATION, ON THE RECOGNITION AND PROMOTION OF THE FILIPINO SIGN LANGUAGE AS THE LANGUAGE OF INSTRUCTION OF DEAF EDUCATION, AS MANDATED UNDER REPUBLIC ACT NO. 11106 OR THE FILIPINO SIGN LANGUAGE ACT, FOR THE PURPOSE OF DETERMINING ITS IMPACT TO DEAF LEARNERS AND TEACHERS UNDER THE K TO 12 BASIC EDUCATION SYSTEM, IDENTIFYING AND ADDRESSING
IMPLEMENTATION GAPS, ISSUES, AND
CHALLENGES, AND CRAFTING COMPLEMENTARY OR AMENDATORY LEGISLATION",PENDING IN THE COMMITTEE DATE : 8/9/2022
327,Win  Gatchalian,Senator Senate of the Philippines,SRN-15,"RESOLUTION DIRECTING THE APPROPRIATE SENATE COMMITTEE TO CONDUCT AN INQUIRY, IN AID OF LEGISLATION, ON THE STATUS OF THE IMPLEMENTATION OF REPUBLIC ACT NO. 10968 OTHERWISE KNOWN AS THE PHILIPPINE QUALIFICATIONS FRAMEWORK ACT TO ENSURE THE FULFILLMENT OF ITS OBJECTIVES",PENDING IN THE COMMITTEE DATE : 8/9/2022
327,Win  Gatchalian,Senator Senate of the Philippines,SRN-154,A RESOLUTION HONORING AND COMMENDING THE AWARDEES OF THE METROBANK FOUNDATION OUTSTANDING FILIPINOS OF 2022,"CONSOLIDATED WITH ADOPTED RESOLUTION DATE : 9/13/2022
Consolidated with SRN-106 which was adopted as RESOLUTION NO. 17."
327,Win  Gatchalian,Senator Senate of the Philippines,SRN-217,"A RESOLUTION DIRECTING THE APPROPRIATE SENATE COMMITTEE TO CONDUCT AN INQUIRY IN AID OF LEGISLATION ON THE LOAN AND SALE OF MOBILE WALLET OR E-WALLET ACCOUNTS WITH THE END IN VIEW OF
PROTECTING CONSUMERS IN THE COUNTRY FROM
CYBERCRIMINALS",PENDING IN THE COMMITTEE DATE : 9/21/2022
327,Win  Gatchalian,Senator Senate of the Philippines,SRN-227,"RESOLUTION DIRECTING THE APPROPRIATE SENATE COMMITTEE TO CONDUCT AN INQUIRY, IN AID OF LEGISLATION, ON THE GOVERNMENT'S REVENUE COLLECTION FROM THE IMPLEMENTATION OF REPUBLIC ACT NO. 11590 AND THE ECONOMIC AND SOCIAL COSTS INCURRED BY THE GOVERNMENT IN ADDRESING CRIMES RELATED TO THE PHILIPPINE OFFSHORE GAMING
OPERATIONS INDUSTRY",PENDING IN THE COMMITTEE DATE : 9/21/2022
327,Win  Gatchalian,Senator Senate of the Philippines,SRN-254,A RESOLUTION DIRECTING THE APPROPRIATE SENATE COMMITTEE TO CONDUCT AN INQUIRY IN AID OF LEGISLATION ON THE POWER SITUATION IN THE PROVINCE OF ALBAY TO ENSURE THE CONTINUOUS SUPPLY OF ELECTRICITY TO CONSUMERS,PENDING IN THE COMMITTEE DATE : 11/7/2022
327,Win  Gatchalian,Senator Senate of the Philippines,SRN-255,"A RESOLUTION DIRECTING THE APPROPRIATE SENATE COMMITTEE TO CONDUCT AN INQUIRY, IN AID OF LEGISLATION, ON UNLOCKING THE OIL AND GAS POTENTIAL IN THE WEST PHILIPPINE SEA TOWARDS IMPROVING EXPLORATION, DEVELOPMENT, AND UTILIZATION WITH THE END IN VIEW OF ACHIEVING ENERGY SECURITY AND SELF-SUFFICIENCY",PENDING IN THE COMMITTEE DATE : 11/7/2022
327,Win  Gatchalian,Senator Senate of the Philippines,SRN-263,"A RESOLUTION DIRECTING THE APPROPRIATE SENATE COMMITTEE TO CONDUCT AN INQUIRY, IN AID OF LEGISLATION, ON THE TRANSFERS OF CONTROLLING INTERESTS OF THE MEMBERS OF THE MALAMPAYA CONSORTIUM, WITH A SPECIFIC FOCUS ON THE RECENTLY APPROVED TRANSFER OF SHELL PETROLEUM N.V.'S OWNERSHIP OF SHELL PHILIPPINES EXPLORATION
B.V. TO PRIME INFRASTRUCTURE CAPITAL, TO ASCERTAIN THEIR LEGAL, TECHNICAL, AND FINANCIAL  QUALIFICATIONS, THEIR COMPLIANCE WITH THE SERVICE CONTRACT, AND THE STATUS OF THE OPERATIONS OF MALAMPAYA TOWARDS ENSURING CONTINUOUS ENERGY SUPPLY IN THE COUNTRY",PENDING IN THE COMMITTEE DATE : 11/7/2022
327,Win  Gatchalian,Senator Senate of the Philippines,SRN-32,A RESOLUTION DIRECTING THE APPROPRIATE SENATE COMMITTEE TO CONDUCT AN INQUIRY IN AID OF LEGISLATION ON THE RECURRENT BROWNOUTS EXPERIENCED BY OCCIDENTAL MINDORO ELECTRIC CONSUMERS,PENDING IN THE COMMITTEE DATE : 8/9/2022
327,Win  Gatchalian,Senator Senate of the Philippines,SRN-33,"A RESOLUTION DIRECTING THE APPROPRIATE SENATE COMMITTEE TO CONDUCT AN INQUIRY IN AID OF LEGISLATION ON THE ACTIVITIES, OUTPUTS, AND ACCOMPLISHMENTS OF THE NUCLEAR ENERGY PROGRAM INTER-AGENCY COMMITTEE AND ITS RECOMMENDATION FOR THE COUNTRY TO EMBARK ON A NUCLEAR POWER PROGRAM",PENDING IN THE COMMITTEE DATE : 8/9/2022
327,Win  Gatchalian,Senator Senate of the Philippines,SRN-335,RESOLUTION CONGRATULATING AND COMMENDING THE WINNERS OF THE 29TH ANNUAL GALING POOK AWARDS,PENDING IN THE COMMITTEE DATE : 12/6/2022
327,Win  Gatchalian,Senator Senate of the Philippines,SRN-34,A RESOLUTION DIRECTING THE APPROPRIATE SENATE COMMITTEE TO CONDUCT AN INQUIRY IN AID OF LEGISLATION ON THE ELECTRIFICATION OF ALL PUBLIC PRIMARY AND SECONDARY SCHOOLS,PENDING IN THE COMMITTEE DATE : 8/9/2022
327,Win  Gatchalian,Senator Senate of the Philippines,SRN-35,A RESOLUTION DIRECTING THE APPROPRIATE SENATE COMMITTEE TO CONDUCT AN INQUIRY  IN AID OF LEGISLATION ON THE ISSUES SURROUNDING THE CO-EXISTENCE OF THE PHILIPPINE ELECTRICITY MARKET OPERATION (PEMC) AND THE INDEPENDENT ELECTRICITY MARKET OPERATOR OF THE PHILIPPINES (IEMOP) WITH THE END IN VIEW OF ENSURING EFFICIENCY AND TRANSPARENCY IN THE OPERATION OF THE WHOLESALE ELECTRICITY SPOT MARKET (WESM),PENDING IN THE COMMITTEE DATE : 8/9/2022
327,Win  Gatchalian,Senator Senate of the Philippines,SRN-36,A RESOLUTION DIRECTING THE APPROPRIATE SENATE COMMITTEE TO CONDUCT AN INQUIRY  IN AID OF LEGISLATION ON THE IMPLEMENTATION OF REPUBLIC ACT NO. 8479 OTHERWISE KNOWN AS THE DOWNSTREAM OIL INDUSTRY DEREGULATION ACT OF 1998 WITH THE END IN VIEW OF INTRODUCING REMEDIAL LEGISLATION AS MAY BE NECESSARY,PENDING IN THE COMMITTEE DATE : 8/9/2022
327,Win  Gatchalian,Senator Senate of the Philippines,SRN-37,A RESOLUTION DIRECTING THE APPROPRIATE SENATE COMMITTEE TO CONDUCT AN INQUIRY IN AID OF LEGISLATION ON THE RECENT MEMORANDA ISSUED BY THE NATIONAL ELECTRIFICATION ADMINISTRATION (NEA) ON THE APPOINTMENT OF GENERAL MANAGERS OF ELECTRIC COOPERATIVES WITH THE END IN VIEW OF PROTECTING THE INTERESTS OF ELECTRIC CONSUMERS,PENDING IN THE COMMITTEE DATE : 8/9/2022
327,Win  Gatchalian,Senator Senate of the Philippines,SRN-38,"A RESOLUTION DIRECTING THE APPROPRIATE SENATE COMMITTEE TO CONDUCT AN INQUIRY, IN AID OF LEGISLATION ON THE IMPACT OF GREEN ENERGY AUCTION PROGRAM ON THE ELECTRICITY CONSUMERS WITH THE END IN VIEW OF ENSURING AFFORDABILITY OF SUPPLY OF ELECTRIC POWER",PENDING IN THE COMMITTEE DATE : 8/9/2022
327,Win  Gatchalian,Senator Senate of the Philippines,SRN-39,A RESOLUTION DIRECTING THE APPROPRIATE SENATE COMMITTEE TO CONDUCT AN INQUIRY IN AID OF LEGISLATION ON THE QUALITY OF ELECTRIC POWER SERVICE IN THE PROVINCE OF PALAWAN WITH THE END IN VIEW OF PROTECTING THE INTERESTS OF PALAWENOS,PENDING IN THE COMMITTEE DATE : 8/9/2022
327,Win  Gatchalian,Senator Senate of the Philippines,SRN-40,"A RESOLUTION DIRECTING THE APPROPRIATE SENATE COMMITTEE TO CONDUCT AN INQUIRY IN AID OF LEGISLATION ON CARBON CAPTURE AND STORAGE TECHNOLOGY AND OTHER NEW
CLEAN ENERGY TECHNOLOGIES WITH THE END IN VIEW OF MITIGATING GREENHOUSE GAS EMISSIONS WHILE ENSURING ENERGY SECURITY IN THE COUNTRY",PENDING IN THE COMMITTEE DATE : 8/9/2022
327,Win  Gatchalian,Senator Senate of the Philippines,SRN-41,"A RESOLUTION DIRECTING THE APPROPRIATE SENATE COMMITTEE TO CONDUCT AN INQUIRY, IN AID OF LEGISLATION, ON THE IMPLEMENTATION OF THE COMPETITIVE SELECTION PROCESS IN THE PROCUREMENT OF POWER SUPPLY BY DISTRIBUTION UTILITIES AND ITS EFFECT ON ELECTRICITY PRICES",PENDING IN THE COMMITTEE DATE : 8/9/2022
327,Win  Gatchalian,Senator Senate of the Philippines,SRN-42,"A RESOLUTION DIRECTING THE APPROPRIATE SENATE COMMITTEE TO CONDUCT AN INQUIRY, IN AID OF LEGISLATION ON THE COUNTRY'S ENERGY TRANSITION PLAN, OR LACK THEREOF, IN RELATION TO THE DEPARTMENT OF ENERGY'S MORATORIUM ON GREENFIELD COAL POWER PLANTS WITH THE END IN VIEW OF DEVELOPING AND ENSURING AN EQUITABLE, SECURE, AND SUSTAINABLE ENERGY TRANSITION",PENDING IN THE COMMITTEE DATE : 8/9/2022
327,Win  Gatchalian,Senator Senate of the Philippines,SRN-421,"RESOLUTION DIRECTING THE APPROPRIATE SENATE COMMITTEE TO CONDUCT AN INQUIRY, IN AID OF LEGISLATION, ON THE VULNERABILITIES OF THE ENTIRE AIRPORT INFRASTRUCTURE SYSTEM, GIVEN THE RECENT TECHNICAL GLITCH AFFECTING THE COMMUNICATIONS, NAVIGATION AND SURVEILLANCE SYSTEMS FOR AIR TRAFFIC MANAGEMENT (CNS-ATM), WITH THE END VIEW OF SAFEGUARDING OUR ECONOMIC RECOVERY INITIATIVES FOR THE TOURISM AND TRANSPORTATION SECTORS, IMPROVING SECURITY AND REDUNDANCY MEASURES INVOLVING SIMILAR INCIDENTS, AND ENSURING THE SAFETY, CONVENIENCE AND RIGHTS OF AFFECTED AIR PASSENGERS",PENDING IN THE COMMITTEE DATE : 2/6/2023
327,Win  Gatchalian,Senator Senate of the Philippines,SRN-43,"A RESOLUTION DIRECTING THE APPROPRIATE SENATE COMMITTEE TO CONDUCT AN INQUIRY IN AID OF LEGISLATION ON THE FUTURE OF RENEWABLE ENERGY IN THE COUNTRY WITH THE END IN VIEW OF
MITIGATING GHG EMISSIONS WHILE ENSURING ENERGY SECURITY IN THE COUNTRY",PENDING IN THE COMMITTEE DATE : 8/9/2022
327,Win  Gatchalian,Senator Senate of the Philippines,SRN-44,"A RESOLUTION DIRECTING THE APPROPRIATE SENATE COMMITTEE TO CONDUCT AN INQUIRY, IN AID OF LEGISLATION, ON THE STRATEGY OF THE DEPARTMENT OF ENERGY TO MAXIMIZE THE COUNTRY'S REMAINING POTENTIAL GEOTHERMAL SOURCES TOWARDS ENERGY SECURITY AND SUSTAINABILITY",PENDING IN THE COMMITTEE DATE : 8/9/2022
327,Win  Gatchalian,Senator Senate of the Philippines,SRN-45,"A RESOLUTION DIRECTING THE APPROPPJATE SENATE COMMITTEE TO CONDUCT AN INQUIRY, IN AID OF LEGISLATION, ON THE STATUS OF THE COUNTRY'S GREENHOUSE GAS EMISSIONS AND NATIONALLY
DETERMINED CONTRIBUTION",PENDING IN THE COMMITTEE DATE : 8/9/2022
327,Win  Gatchalian,Senator Senate of the Philippines,SRN-452,"RESOLUTION DIRECTING THE SENATE COMMITTEE ON ACCOUNTABILITY OF PUBLIC OFFICERS AND INVESTIGATIONS (BLUE RIBBON) TO CONDUCT AN INQUIRY, IN AID OF LEGISLATION, ON THE  QUESTIONABLE PROCUREMENT BY THE PHILIPPINE GAMING CORPORATION (PAGCOR) OF THE THIRD PARTY AUDITOR, GLOBAL COMRCI, TO AUDIT THE GROSS GAMING REVENUES OF THE PHILIPPINE OFFSHORE GAMING OPERATORS (POGOS) DULY LICENSED BY THE PAGCOR",PENDING IN THE COMMITTEE DATE : 2/8/2023
327,Win  Gatchalian,Senator Senate of the Philippines,SRN-46,"A RESOLUTION DIRECTING THE APPROPRIATE SENATE COMMITTEE TO CONDUCT AN INQUIRY, IN AID OF LEGISLATION, ON THE OPERATIONS OF THE NATIONAL GRID CORPORATION OF THE PHILIPPINES TO DETERMINE ITS COMPLIANCE WITH OBLIGATIONS AND RESPONSIBILITIES UNDER EXISTING LAWS AND REGULATIONS WITH THE END IN VIEW OF SAFEGUARDING THE GRID AND ENSURING CONTINUOUS ELECTRICITY SUPPLY IN THE COUNTRY",PENDING IN THE COMMITTEE DATE : 8/9/2022
327,Win  Gatchalian,Senator Senate of the Philippines,SRN-47,"A RESOLUTION DIRECTING THE APPROPRIATE SENATE COMMITTEE TO CONDUCT AN INQUIRY, IN AID OF LEGISLATION, ON THE PLANS OF THE DEPARTMENT OF ENERGY TO PROVIDE LONG TERM SOLUTIONS TO POWER SUPPLY SHORTAGES WITH THE END IN VIEW OF ENSURING THE QUALITY, RELIABILITY, SECURITY, AND AFFORDABILITY OF ELECTRIC POWER SUPPLY IN THE COUNTRY",PENDING IN THE COMMITTEE DATE : 8/9/2022
327,Win  Gatchalian,Senator Senate of the Philippines,SRN-48,"A RESOLUTION DIRECTING THE APPROPRIATE SENATE COMMITTEE TO CONDUCT AN INQUIRY IN AID OF LEGISLATION ON THE ELECTRIC POWER OPERATIONS OF UNDERPERFORMING
DISTRIBUTION UTILITIES, ITS EFFECT ON QUALITY AND PRICE OF ELECTRICITY, AND THE REMEDIES TO HOLD THESE ENTITIES ACCOUNTABLE",PENDING IN THE COMMITTEE DATE : 8/9/2022
327,Win  Gatchalian,Senator Senate of the Philippines,SRN-49,"A RESOLUTION DIRECTING THE APPROPRIATE SENATE COMMITTEE TO CONDUCT AN INQUIRY IN AID OF LEGISLATION ON THE DEPARTMENT OF
ENERGY'S (DOE) NATIONAL STRATEGY TO ENSURE THE COUNTRY'S ENERGY SECURITY AND
SELF-SUFFICIENCY",PENDING IN THE COMMITTEE DATE : 8/9/2022
327,Win  Gatchalian,Senator Senate of the Philippines,SRN-5,"RESOLUTION DIRECTING THE SENATE COMMITTEE ON BASIC EDUCATION, ARTS AND CULTURE TO CONDUCT AN INQUIRY, IN AID OF LEGISLATION, ON THE STATUS OF THE IMPLEMENTATION OF THE K TO 12 LAW FOR THE PURPOSE OF CRAFTING POLICY RECOMMENDATIONS AND INITIATING COMPLEMENTARY AND AMENDATORY LEGISLATION TO FURTHER
STRENGTHEN THE LAW AND ENSURE ITS EFFECTIVE AND EFFICIENT INTEGRATION INTO THE PHILIPPINE BASIC EDUCATION SYSTEM TO PROVIDE QUALITY EDUCATION AND ACHIEVE
GLOBAL COMPETITIVENESS",PENDING IN THE COMMITTEE DATE : 8/9/2022
327,Win  Gatchalian,Senator Senate of the Philippines,SRN-59,"RESOLUTION DIRECTING THE SENATE COMMITTEE ON BASIC EDUCATION, ARTS AND CULTURE TO CONDUCT AN INQUIRY, IN AID OF LEGISLATION, ON THE STATUS OF THE IMPLEMENTATION OF REPUBLIC ACT NO. 10929 OR THE FREE INTERNET ACCESS IN PUBLIC PLACES ACT AND REPUBLIC ACT NO. 10650 OR THE OPEN DISTANCE LEARNING ACT, FOR THE PURPOSE OF IDENTIFYING AND ADDRESSING IMPLEMENTATION GAPS, ISSUES, AND CHALLENGES, DETERMINING THEIR EFFECTIVITY IN EDUCATION INSTITUTIONS AND LEARNING CENTERS, AND CRAFTING COMPLEMENTARY AND/OR AMENDATORY LEGISLATION TO ENSURE THE AVAILABILITY OF  UNINTERRUPTED, FAST, AND RELIABLE INTERNET CONNECTIVITY AND CONTINUOUS LEARNING ESPECIALLY DURING PANDEMICS, ENDEMICS, OUTBREAKS, AND
OTHER EMERGENCY OR CRISIS SITUATIONS",PENDING IN THE COMMITTEE DATE : 8/9/2022
327,Win  Gatchalian,Senator Senate of the Philippines,SRN-76,"RESOLUTION EXPRESSING THE PROFOUND SYMPATHY AND SINCERE CONDOLENCES OF THE SENATE OF THE PHILIPPINES ON THE DEATH OF THE 12TH PRESIDENT OF THE REPUBLIC OF THE PHILIPPINES (1992-1998), FORMER CHIEF OF STAFF OF THE ARMED FORCES OF THE PHILIPPINES (1986-1988), AND FORMER SECRETARY OF NATIONAL DEFENSE (1988-1991) HONORABLE FIDEL VALDEZ RAMOS",CONSOLIDATED WITH ADOPTED RESOLUTION DATE : 8/1/2022
327,Win  Gatchalian,Senator Senate of the Philippines,SRN-78,A RESOLUTION DIRECTING THE APPROPRIATE SENATE COMMITTEE TO CONDUCT AN INQUIRY IN AID OF LEGISLATION ON THE EFFECTS OF THE RUSSIAN INVASION OF UKRAINE ON THE COUNTRY'S ENERGY SECURITY AND AFFORDABILITY,PENDING IN THE COMMITTEE DATE : 8/9/2022
327,Win  Gatchalian,Senator Senate of the Philippines,SRN-79,"A RESOLUTION DIRECTING THE APPROPRIATE SENATE COMMITTEE TO CONDUCT AN INQUIRY IN AID OF LEGISLATION ON THE STATUS OF THE PHILIPPINE UPSTREAM OIL AND GAS INDUSTRY AND THE IMPLEMENTATION OF PRESIDENTIAL DECREE NO. 87, OTHERWISE KNOWN AS THE OIL AND EXPLORATION AND DEVELOPMENT ACT OF 1972, WITH THE END IN VIEW OF INTRODUCING REMEDIAL LEGISLATION AS MAY BE NECESSARY",PENDING IN THE COMMITTEE DATE : 8/9/2022
327,Win  Gatchalian,Senator Senate of the Philippines,SRN-80,A RESOLUTION DIRECTING THE APPROPRIATE SENATE COMMITTEE TO CONDUCT AN INQUIRY IN AID OF LEGISLATION ON THE ISSUES SURROUNDING SERVICE CONTRACT 38 OR THE MALAMPAYA DEEPWATER GAS-TO-POWER PROJECT WITH THE END IN VIEW OF SAFEGUARDING THE COUNTRY'S ENERGY SECURITY,PENDING IN THE COMMITTEE DATE : 8/9/2022
327,Win  Gatchalian,Senator Senate of the Philippines,SRN-93,RESOLUTION AMENDING SECTION 13 (6) RULE X OF THE RULES OF THE SENATE,"CONSOLIDATED/SUBSTITUTED IN THE COMMITTEE REPORT DATE : 8/15/2022
Committee Report No.:1 Date:8/15/2022"
319,Risa  Hontiveros,Senator Senate of the Philippines,SRN-198,RESOLUTION EXPRESSING THE PROFOUND SYMPATHY AND SINCERE CONDOLENCES OF THE SENATE OF THE PHILIPPINES ON THE DEATH OF QUEEN ELIZABETH II OF THE UNITED KINGDOM OF GREAT BRITAIN AND NORTHERN IRELAND,
319,Risa  Hontiveros,Senator Senate of the Philippines,SBN-1192,"AN ACT RECOGNIZING THE SENTIENCE, SAPIENCE, AND INHERENT RIGHTS OF MARINE MAMMALS AND PROVIDING MECHANISMS FOR THE PROTECTION AND ENFORCEMENT THEREOF",PENDING IN THE COMMITTEE DATE : 9/7/2022
319,Risa  Hontiveros,Senator Senate of the Philippines,SBN-1193,"AN ACT REGULATING THE CATCHING, SALE, PURCHASE, POSSESSION, TRANSPORTATION, IMPORTATION, AND EXPORTATION OF ALL SHARKS, RAYS, AND CHIMAERAS AND ANY PART THEREOF IN THE COUNTRY",PENDING IN THE COMMITTEE DATE : 9/7/2022
319,Risa  Hontiveros,Senator Senate of the Philippines,SBN-1218,"AN ACT GRANTING THE ROMBLON ELECTRIC COOPERATIVE INC. A FRANCHISE TO CONSTRUCT, INSTALL, ESTABLISH, OPERATE, OWN, MANAGE AND MAINTAIN DISTRIBUTION SYSTEMS FOR
THE CONVEYANCE OF ELECTRIC POWER TO THE END-USERS IN THE MUNICIPALITIES OF BANTON, CORCUERA AND CONCEPCION, PROVINCE OF ROMBLON, AND FOR OTHER PURPOSES",PENDING IN THE COMMITTEE DATE : 9/7/2022
319,Risa  Hontiveros,Senator Senate of the Philippines,SBN-1219,AN ACT ESTABLISHING A NATIONAL EVALUATION POLICY,PENDING IN THE COMMITTEE DATE : 9/7/2022
319,Risa  Hontiveros,Senator Senate of the Philippines,SBN-1311,AN ACT PROVIDING FOR THE REVISED LABOR CODE OF THE PHILIPPINES,PENDING IN THE COMMITTEE DATE : 9/21/2022
319,Risa  Hontiveros,Senator Senate of the Philippines,SBN-1313,AN ACT DECLARING APRIL 7 OF EVERY YEAR AS BARANGAY HEALTH AND NUTRITION WORKERS DAY,PENDING IN THE COMMITTEE DATE : 9/21/2022
319,Risa  Hontiveros,Senator Senate of the Philippines,SBN-1314,"AN ACT STRENGTHENING THE REGULATORY SYSTEM IN THE COUNTRY TO COMBAT COUNTERFEIT PHARMACEUTICAL PRODUCTS, DECLARING THE MANUFACTURE, IMPORTATION, DISTRIBUTION, SALE OR OFFER FOR SALE, OR POSSESSION OF COUNTERFEIT PHARMACEUTICAL PRODUCTS AS AN OFFENSE INVOLVING ECONOMIC SABOTAGE, PROVIDING FOR THE PROHIBITIONS AND PENALTIES FOR VIOLATIONS AND REVISING FOR THE PURPOSE REPUBLIC ACT NO. 8203 OR THE SPECIAL LAW ON COUNTERFEIT DRUGS",PENDING IN THE COMMITTEE DATE : 9/21/2022
319,Risa  Hontiveros,Senator Senate of the Philippines,SBN-1315,AN ACT PROVIDING FOR THE DEVELOPMENT OF HEALTHCARE AND MANUFACTURING INDUSTRIES IN THE PHILIPPINES TO STRENGTHEN THE COUNTRY'S READINESS AND PROTECTION AGAINST PANDEMICS AND PROVIDING FUNDS THEREFORE,PENDING IN THE COMMITTEE DATE : 9/21/2022
319,Risa  Hontiveros,Senator Senate of the Philippines,SBN-1316,"AN ACT STRENGTHENING PHILIPPINE HEALTH SECURITY AND EMERGENCY PREPAREDNESS, READINESS AND RESPONSE AND APPROPRIATING FUNDS THEREFOR AND FOR OTHER PURPOSES",PENDING IN THE COMMITTEE DATE : 9/21/2022
319,Risa  Hontiveros,Senator Senate of the Philippines,SBN-1317,AN ACT ESTABLISHING THE PHILIPPINE GERIATRIC CENTER UNDER THE DEPARTMENT OF HEALTH AND APPROPRIATING FUNDS THEREFOR,PENDING IN THE COMMITTEE DATE : 9/21/2022
319,Risa  Hontiveros,Senator Senate of the Philippines,SBN-1318,AN ACT INSTITUTIONALIZING A NATIONAL PSORIASIS CARE PROGRAM AND APPROPRIATING FUNDS THEREFOR,PENDING IN THE COMMITTEE DATE : 9/21/2022
319,Risa  Hontiveros,Senator Senate of the Philippines,SBN-1319,AN ACT INSTITUTING A PHILIPPINE NATIONAL AUTISM CARE PLAN FOR THE SUPPORT OF PERSONS WITH AUTISM AND FOR OTHER PURPOSES,PENDING IN THE COMMITTEE DATE : 9/21/2022
319,Risa  Hontiveros,Senator Senate of the Philippines,SBN-1350,"AN ACT INSTITUTIONALIZING AN EMERGENCY MEDICAL SERVICES SYSTEM (EMSS), CREATING FOR THE PURPOSE THE NATIONAL EMSS  COUNCIL, AND APPROPRIATING FUNDS THEREFOR",PENDING IN THE COMMITTEE DATE : 9/28/2022
319,Risa  Hontiveros,Senator Senate of the Philippines,SBN-1353,AN ACT DECLARING THE MARITIME ZONES UNDER THE JURISDICTION OF THE REPUBLIC OF THE PHILIPPINES,PENDING IN THE COMMITTEE DATE : 11/7/2022
319,Risa  Hontiveros,Senator Senate of the Philippines,SBN-1358,"AN ACT PROVIDING FOR A MAGNA CARTA FOR WORKERS, ENTERPRISES AND ORGANIZATIONS IN THE INFORMAL ECONOMY AND INSTITUTIONALIZING MECHANISMS FOR RECOGNITION, INTEGRATION, AND TRANSITION TO THE FORMAL ECONOMY, FOR IMPLEMENTATION THEREOF AND FOR OTHER PURPOSES",PENDING IN THE COMMITTEE DATE : 11/7/2022
319,Risa  Hontiveros,Senator Senate of the Philippines,SBN-1373,"AN ACT REGULATING WORK MEDIATED, ORGANIZED, OR ALLOCATED THROUGH ONLINE PLATFORMS FOR THE PROTECTION OF PHILIPPINE WORKERS IN THE GIG ECONOMY",PENDING IN THE COMMITTEE DATE : 11/7/2022
319,Risa  Hontiveros,Senator Senate of the Philippines,SBN-139,"AN ACT PROHIBITING DISCRIMINATION ON THE BASIS OF SEXUAL ORIENTATION, GENDER IDENTITY OR EXPRESSION, OR SEX CHARACTERISTICS (SOGIESC) AND PROVIDING PENALTIES THEREFOR","CONSOLIDATED/SUBSTITUTED IN THE COMMITTEE REPORT DATE : 12/7/2022
Committee Report No.:15 Date:12/6/2022 SUBSTITUTED BY SBN-1600
UNDER COMMITTEE REPORT NO. 15."
319,Risa  Hontiveros,Senator Senate of the Philippines,SBN-1399,"AN ACT RECOGNIZING THE INDIGENOUS CULTURAL COMMUNITIES AND INDIGENOUS PEOPLES (ICCS/IPS) COMMUNITY CONSERVED TERRITORIES AND AREAS (ICCA), ESTABLISHING FOR THE PURPOSE THE NATIONAL ICCA REGISTRY, AND APPROPRIATING FUNDS THEREFOR",PENDING IN THE COMMITTEE DATE : 11/7/2022
319,Risa  Hontiveros,Senator Senate of the Philippines,SBN-140,"AN ACT INCREASING THE PENALTIES FOR THE DETENTION OF PATIENTS AND CADAVERS IN HOSPITALS, MEDICAL CLINICS, OR ANY OTHER SIMILAR FACILITIES ON GROUNDS OF NONPAYMENT OF HOSPITAL BILLS OR MEDICAL EXPENSES AMENDING FOR THE PURPOSE REPUBLIC ACT 9439 ENTITLED ?AN ACT PROHIBITNG THE DETENTION OF PATIENTS IN HOSPITALS AND MEDICAL CLINICS ON GROUNDS OF NONPAYMENT OF HOSPITAL BILLS OR MEDICAL EXPENSES",PENDING IN THE COMMITTEE DATE : 8/1/2022
319,Risa  Hontiveros,Senator Senate of the Philippines,SBN-1400,"AN ACT INSTITUTIONALIZING AND ENHANCING THE ROLE OF PARENT-TEACHER AND COMMUNITY ASSOCIATIONS IN PROMOTING THE WELFARE AND PROTECTING THE RIGHTS OF CHILDREN, AMENDING FOR THE PURPOSE PRESIDENTIAL DECREE NO. 603, OTHERWISE KNOWN AS 'THE CHILD AND YOUTH WELFARE CODE'",PENDING IN THE COMMITTEE DATE : 11/7/2022
319,Risa  Hontiveros,Senator Senate of the Philippines,SBN-1401,AN ACT DECLARING JANUARY 18 OF EVERY YEAR A SPECIAL NON-WORKING HOLIDAY FOR ALL KASAMBAHAY IN THE ENTIRE COUNTRY. THE ACT SHALL BE CALLED AS 'NATIONAL KASAMBAHAY DAY' OR 'ARAW NG KASAMBAHAY',PENDING IN THE COMMITTEE DATE : 11/7/2022
319,Risa  Hontiveros,Senator Senate of the Philippines,SBN-1402,"AN ACT INSTITUTIONALIZING THE
COMMUNITY-DRIVEN DEVELOPMENT APPROACH AS A NATIONAL STRATEGY FOR INCLUSIVE GROWTH AND SOCIAL PROTECTION, MANDATING ALL NATIONAL GOVERNMENT AGENCIES AND DEPARTMENTS, INCLUDING THEIR ATTACHED AGENCIES, OFFICES AND BUREAUS, LOCAL GOVERNMENT UNITS, AND OTHER GOVERNMENT INSTRUMENTALITIES TO IMPLEMENT THEIR COMMUNITY-BASED PROGRAMS, ACTIVITIES, AND PROJECTS, APPROPRIATING FUNDS THEREFOR",PENDING IN THE COMMITTEE DATE : 11/7/2022
319,Risa  Hontiveros,Senator Senate of the Philippines,SBN-141,"AN ACT GRANTING UNIVERSAL SOCIAL PENSION TO ALL SENIOR CITIZENS, AMENDING FOR THIS PURPOSE REPUBLIC ACT NO. 7432, AS AMENDED",PENDING IN THE COMMITTEE DATE : 8/1/2022
319,Risa  Hontiveros,Senator Senate of the Philippines,SBN-142,AN ACT GRANTING BENEFITS AND INCENTIVES TO ACCREDITED BANTAY DAGAT AND FOR OTHER PURPOSES,PENDING IN THE COMMITTEE DATE : 8/1/2022
319,Risa  Hontiveros,Senator Senate of the Philippines,SBN-143,"AN ACT RECOGNIZING THE RIGHTS OF NATURAL ECOSYSTEMS, POPULATIONS, AND PROCESSES AND PROVIDING MECHANISMS FOR THE PROTECTION AND ENFORCMENT THEREOF",PENDING IN THE COMMITTEE DATE : 8/1/2022
319,Risa  Hontiveros,Senator Senate of the Philippines,SBN-144,"AN ACT PROVIDING FREE HEMODIALYSIS, PERITONEAL DIALYSIS, AND OTHER DEPARTMENT OF HEALTH APPROVED DIALYSIS PROCEDURES TO ALL SENIOR CITIZENS",PENDING IN THE COMMITTEE DATE : 8/1/2022
319,Risa  Hontiveros,Senator Senate of the Philippines,SBN-145,"AN ACT AGAINST THE PRACTICE OF ?ENDO? AND CONTRACTING, AMENDING FOR THIS PURPOSE ARTICLES 106 TO 109, 294 TO 296 OF AND ADDING A NEW PROVISION TO PRESIDENTIAL DECREE NO. 442, OTHERWISE KNOWN AS THE LABOR CODE OF THE PHILIPPINES, AS AMENDED",PENDING IN THE COMMITTEE DATE : 8/1/2022
319,Risa  Hontiveros,Senator Senate of the Philippines,SBN-146,"AN ACT DECLARING A PORTION OF THE PHILIPPINE RISE SITUATED WITHIN THE EXCLUSIVE ECONOMIC ZONE OF THE PHILIPPINE SEA AS A PROTECTED AREA WITH THE CATEGORY OF MARINE RESOURCE RESERVE UNDER THE NATIONAL INTEGRATED PROTECTED AREAS SYSTEM (NIPAS), TO BE REFERRED TO AS
THE PHILIPPINE RISE MARINE RESOURCE RESERVE, PROVIDING FOR ITS MANAGEMENT, AND
APPROPRIATING FUNDS THEREFOR",PENDING IN THE COMMITTEE DATE : 8/1/2022
319,Risa  Hontiveros,Senator Senate of the Philippines,SBN-147,"AN ACT EXPANDING THE GROUNDS FOR DISSOLUTION OF MARRIAGE, INSTITUTING DIVORCE AND SETTING THE PROCEDURES THEREOF, PROVIDING PROTECTIONS TO THE PARTIES TO THE MARRIAGE AND ITS COMMON CHILDREN, AMENDING FOR THIS PURPOSE EXCUTIVE ORDER NO. 209, OR THE FAMILY CODE OF THE PHILIPPINES",PENDING IN THE COMMITTEE DATE : 8/1/2022
319,Risa  Hontiveros,Senator Senate of the Philippines,SBN-148,"AN ACT GRANTING A MATERNITY BENEFIT TO WOMEN WORKERS IN THE INFORMAL ECONOMY, AMENDING FOR THIS PURPOSE REPUBLIC ACT NO. 11210, APPROPRIATING FUNDS THEREFOR, AND FOR OTHER PURPOSES",PENDING IN THE COMMITTEE DATE : 8/1/2022
319,Risa  Hontiveros,Senator Senate of the Philippines,SBN-1510,AN ACT ADJUSTING THE MONTHLY PENSION AND DISABILITY BENEFITS OF RETIREES OF THE DEPARTMENT OF FOREIGN AFFAIRS,PENDING IN THE COMMITTEE DATE : 11/22/2022
319,Risa  Hontiveros,Senator Senate of the Philippines,SBN-1593,"AN ACT DECRIMINALIZING LIBEL, REPEALING FOR THIS PURPOSE ARTICLES 353, 354, 355, 356, 357, 360,
361 AND 362 OF ACT NO. 3815, AS AMENDED, OTHERWISE KNOWN AS THE REVISED PENAL CODE AND SECTION 4 (C) 4, CHAPTER II OF REPUBLIC ACT NO. 10175, OTHERWISE KNOWN AS THE CYBERCRIME PREVENTION ACT OF 2012",PENDING IN THE COMMITTEE DATE : 12/6/2022
319,Risa  Hontiveros,Senator Senate of the Philippines,SBN-1871,"AN ACT DECRIMINALIZING QUALIFIED THEFT OF COCONUTS AND RECLASSIFYING IT AS SIMPLE THEFT UNDER ARTICLE 308, FURTHER AMENDING FOR THIS PURPOSE ARTICLE 310 OF THE REVISED PENAL CODE, AS AMENDED",PENDING IN THE COMMITTEE DATE : 2/14/2023
319,Risa  Hontiveros,Senator Senate of the Philippines,SBN-369,"AN ACT CREATING A DEPARTMENT OF OCEAN, FISHERIES AND AQUATIC RESOURCES, PROVIDING FOR ITS POWERS AND FUNCTIONS, APPROPRIATING FUNDS THEREFOR AND FOR OTHER PURPOSES",PENDING IN THE COMMITTEE DATE : 8/8/2022
319,Risa  Hontiveros,Senator Senate of the Philippines,SBN-370,"AN ACT PRESCRIBING A JUST AND HUMANE CODE OF CONDUCT FOR THE RESETTLEMENT OF UNDERPRIVILEGED AND HOMELESS CITIZENS,
PROVIDING PENALTIES FOR VIOLATION THEREOF, AND APPROPRIATING FUNDS THEREFOR",PENDING IN THE COMMITTEE DATE : 8/8/2022
319,Risa  Hontiveros,Senator Senate of the Philippines,SBN-371,"AN ACT PROVIDING FOR A COMPREHENSIVE AND RESPONSIVE CIVIL REGISTRATION AND VITAL STATISTICS SYSTEM, PROVIDING FUNDS THEREOF, AND FOR OTHER PURPOSES",PENDING IN THE COMMITTEE DATE : 8/8/2022
319,Risa  Hontiveros,Senator Senate of the Philippines,SBN-372,"AN ACT PROVIDING FOR A NATIONAL POLICY IN PREVENTING ADOLESCENT PREGNANCIES, INSTITUTIONALIZING SOCIAL PROTECTION FOR ADOLESCENT PARENTS, AND PROVIDING FUNDS THEREFOR",PENDING IN THE COMMITTEE DATE : 8/8/2022
319,Risa  Hontiveros,Senator Senate of the Philippines,SBN-373,"AN ACT ESTABLISHING LOCAL COOPERATIVES DEVELOPMENT FUND, APPROPRIATING FUNDS THEREFOR, AND FOR OTHER PURPOSES",PENDING IN THE COMMITTEE DATE : 8/8/2022
319,Risa  Hontiveros,Senator Senate of the Philippines,SBN-374,"AN ACT INSTITUTING A NATIONAL LAND USE AND MANAGEMENT POLICY, PROVIDING THE IMPLEMENTING MECHANISMS THEREFOR, AND FOR OTHER PURPOSES",PENDING IN THE COMMITTEE DATE : 8/8/2022
319,Risa  Hontiveros,Senator Senate of the Philippines,SBN-375,"AN ACT TO ENSURE GENDER RESPONSIVE AND INCLUSIVE PROTOCOLS AND PROGRAMMING TO ADDRESS THE GENDER-DIFFERENTIATED NEEDS OF WOMEN DURING PANDEMICS, PUBLIC HEALTH CONCERNS, EMERGENCIES AND DISASTERS",PENDING IN THE COMMITTEE DATE : 8/8/2022
319,Risa  Hontiveros,Senator Senate of the Philippines,SBN-376,"AN ACT TO REGULATE THE RATIONAL EXPLORATION, DEVELOPMENT AND UTILIZATION OF MINERAL RESOURCES, AND TO ENSURE THE EQUITABLE SHARING OF BENEFITS FOR THE STATE, INDIGENOUS PEOPLES AND LOCAL COMMUNITIES, AND FOR OTHER PURPOSES",PENDING IN THE COMMITTEE DATE : 8/8/2022
319,Risa  Hontiveros,Senator Senate of the Philippines,SBN-377,AN ACT PROVIDING FOR A NATIONAL FRAMEWORK FOR INTERNS' RIGHTS AND WELFARE,PENDING IN THE COMMITTEE DATE : 8/8/2022
319,Risa  Hontiveros,Senator Senate of the Philippines,SBN-378,"AN ACT ESTABLISHING THE SOLAR HOME SYSTEMS FINANCING FOR SOCIAL HOUSING PROGRAM, AND PROVIDING FUNDS THEREFOR",PENDING IN THE COMMITTEE DATE : 8/8/2022
319,Risa  Hontiveros,Senator Senate of the Philippines,SBN-580,"AN ACT CREATING THE COMMUNITY HEALTH WORKER EDUCATION AND TRAINING PROGRAM, INCREASING COMPENSATION AND OTHER BENEFITS FOR BARANGAY HEALTH WORKERS (BHWS) APPROPRIATING FUNDS THEREFOR AND FOR OTHER PURPOSES",PENDING IN THE COMMITTEE DATE : 8/17/2022
319,Risa  Hontiveros,Senator Senate of the Philippines,SBN-581,AN ACT AUTHORIZING THE DEPARTMENT OF HEALTH (DOH) TO SET AND APPROVE THE BED CAPACITY AND SERVICE CAPABILITY OF ALL DOH HOSPITALS,PENDING IN THE COMMITTEE DATE : 8/17/2022
319,Risa  Hontiveros,Senator Senate of the Philippines,SBN-582,"AN ACT DEFINING AND PROHIBITING ELDER ABUSE, PROVIDING PENALTIES THEREFORE, AND FOR OTHER PURPOSES",PENDING IN THE COMMITTEE DATE : 8/17/2022
319,Risa  Hontiveros,Senator Senate of the Philippines,SBN-583,"AN ACT ORDAINING THE PROMOTION OF SOCIAL ENTERPRISES TO ALLEVIATE POVERTY, ESTABLISHING FOR THE PURPOSE THE POVERTY REDUCTION THROUGH SOCIAL ENTREPRENEURSHIP (PRESENT) PROGRAM AND PROVIDING SUPPORT, BENEFITS AND APPROPRIATIONS THEREFOR",PENDING IN THE COMMITTEE DATE : 8/17/2022
319,Risa  Hontiveros,Senator Senate of the Philippines,SBN-584,AN ACT TO PROMOTE WOMEN'S ECONOMIC EMPOWERMENT THROUGH INCLUSIVE BUSINESS TO SUPPORT AND ACCELERATE INCLUSIVE DEVELOPMENT AT THE NATIONAL AND LOCAL LEVELS THROUGH PRIVATE SECTOR INVOLVEMENT,PENDING IN THE COMMITTEE DATE : 8/17/2022
319,Risa  Hontiveros,Senator Senate of the Philippines,SBN-585,"AN ACT ESTABLISHING AN ON-SITE, IN-CITY OR NEAR-CITY RESETTLEMENT PROGRAM FOR INFORMAL SETTLER FAMILIES AND, IN CONNECTION THEREWITH, MANDATING THAT LOCAL GOVERNMENT UNITS PROVIDE LIVELIHOOD ASSISTANCE AND OTHER BASIC SERVICES, AMENDING FOR THE PURPOSE REPUBLIC ACT NO. 7279, AS AMENDED, OTHERWISE KNOWN AS THE 'URBAN DEVELOPMENT AND HOUSING ACT OF 1992'",PENDING IN THE COMMITTEE DATE : 8/17/2022
319,Risa  Hontiveros,Senator Senate of the Philippines,SBN-586,AN ACT INSTITUTING THE MAGNA CARTA OF FILIPINO SEAFARERS,PENDING IN THE COMMITTEE DATE : 8/17/2022
319,Risa  Hontiveros,Senator Senate of the Philippines,SBN-587,"AN ACT STRENGTHENING THE CONSTITUTIONAL RIGHTS OF GOVERNMENT EMPLOYEES TO
SELF-ORGANIZATION, COLLECTIVE NEGOTIATION, PEACEFUL CONCERTED ACTIVITIES, AND THE USE OF VOLUNTARY MODES OF DISPUTE
RESOLUTION",PENDING IN THE COMMITTEE DATE : 8/17/2022
319,Risa  Hontiveros,Senator Senate of the Philippines,SBN-588,"AN ACT AMENDING REPUBLIC ACT NO. 11332, OTHERWISE KNOWN AS THE MANDATORY REPORTING OF NOTIFIABLE DISEASES AND HEALTH EVENTS OF PUBLIC HEALTH CONCERN ACT",PENDING IN THE COMMITTEE DATE : 8/17/2022
319,Risa  Hontiveros,Senator Senate of the Philippines,SBN-589,"AN ACT PROVIDING FOR A COMPREHENSIVE NURSING LAW, PROMOTING A MORE RESPONSIVE AND EFFECTIVE HEALTH CARE SYSTEM, AND APPROPRIATING FUNDS THEREFOR",PENDING IN THE COMMITTEE DATE : 8/17/2022
319,Risa  Hontiveros,Senator Senate of the Philippines,SBN-590,AN ACT PRIORITIZING DOMESTICALLY MANUFACTURED VEHICLES IN PUBLIC PROCUREMENT,PENDING IN THE COMMITTEE DATE : 8/17/2022
319,Risa  Hontiveros,Senator Senate of the Philippines,SBN-591,"AN ACT ESTABLISHING THE NATIONAL COASTAL GREENBELT PROGRAM, PROVIDING FUNDS THEREFOR, AND FOR OTHER PURPOSES",PENDING IN THE COMMITTEE DATE : 8/17/2022
319,Risa  Hontiveros,Senator Senate of the Philippines,SBN-592,"AN ACT PROVIDING FOR THE UNIVERSAL DISABILITY SUPPORT ALLOWANCE FOR PERSONS WITH DISABILITIES, APPROPRIATING FUNDS THEREFOR, AND FOR OTHER PURPOSES","CONSOLIDATED/SUBSTITUTED IN THE COMMITTEE REPORT DATE : 12/7/2022
Committee Report No.:16 Date:12/7/2022 SUBSTITUTED BY SBN-1602
UNDER COMMITTEE REPORT NO. 16."
319,Risa  Hontiveros,Senator Senate of the Philippines,SBN-593,AN ACT PROVIDING COMPENSATION FOR VICTIMS OF HUMAN RIGHTS VIOLATIONS AND APPROPRIATING FUNDS THEREFOR AND OTHER PURPOSES,PENDING IN THE COMMITTEE DATE : 8/17/2022
319,Risa  Hontiveros,Senator Senate of the Philippines,SBN-594,AN ACT PROTECTING THE RIGHTS OF INTERNALLY DISPLACED PERSONS AND PENALIZING THE ACTS OF ARBITRARY INTERNAL DISPLACEMENT,PENDING IN THE COMMITTEE DATE : 8/17/2022
319,Risa  Hontiveros,Senator Senate of the Philippines,SRN-114,RESOLUTION URGING THE SENATE TO SIGNIFY ITS COMMITMENT IN SUPPORT OF THE PROMULGATION OF A JUST TRANSITION FRAMEWORK IN ADDRESSING LABOR AND CLIMATE ISSUES AS ADOPTED BY VARIOUS INTER GOVERNMENTAL AND INTERNATIONAL BODIES,PENDING IN THE COMMITTEE DATE : 8/16/2022
319,Risa  Hontiveros,Senator Senate of the Philippines,SRN-128,"RESOLUTION DIRECTING THE APPROPRIATE SENATE COMMITTEE TO CONDUCT AN INQUIRY, IN AID OF LEGISLATION, INTO THE IMPLEMENTATION OF THE PROGRAMS AND PROJECTS OF THE UNIFIED STUDENT FINANCIAL ASSISTANCE SYSTEM FOR TERTIARY EDUCATION (UNIFAST) ALLEGEDLY DUE TO QUESTIONABLE RELEASES OF FUNDS AND LACK OF CONTROL MECHANISMS",PENDING IN THE COMMITTEE DATE : 8/16/2022
319,Risa  Hontiveros,Senator Senate of the Philippines,SRN-168,"RESOLUTION URGING THE SENATE COMMITTEE ON WOMEN, CHILDREN, FAMILY RELATIONS, AND GENDER EQUALITY TO CONDUCT AN INQUIRY, IN AID OF LEGISLATION, INTO THE REPORTS OF SEXUAL HARASSMENT COMMITTED BY EDUCATORS WITH THE END IN VIEW OF CREATING SAFE SPACES FOR STUDENTS THAT ARE CONDUCIVE FOR THEIR LEARNING AND MAKING PERPETRATORS ACCOUNTABLE FOR THE CONSEQUENCES OF THEIR ACTIONS, CONSISTENT WITH THE PROVISIONS OF THE
SAFE SPACES ACT",PENDING IN THE COMMITTEE DATE : 9/6/2022
319,Risa  Hontiveros,Senator Senate of the Philippines,SRN-181,RESOLUTION COMMENDING AND CONGRATULATING 2022 RAMON MAGSAYSAY AWARDEE DR. BERNADETTE J. MADRID,CONSOLIDATED WITH ADOPTED RESOLUTION DATE : 9/6/2022
319,Risa  Hontiveros,Senator Senate of the Philippines,SRN-190,"RESOLUTION DIRECTING THE APPROPRIATE COMMITTEE/S OF THE SENATE TO CONDUCT AN INQUIRY, IN AID OF LEGISLATION, ON THE OPERATION AND ORGANIZATION OF THE PHILIPPINE NATIONAL AIDS COUNCIL (PNAC) WITH THE END VIEW OF STRENGTHENING OUR AIDS MEDIUM-TERM PLAN FOR 2023-2028",PENDING IN THE COMMITTEE DATE : 9/12/2022
319,Risa  Hontiveros,Senator Senate of the Philippines,SRN-202,RESOLUTION COMMENDING AND CONGRATULATING ALEXANDRA EALA FOR BEING THE FIRST EVER FILIPINO TENNIS PLAYER TO WIN A GRAND SLAM JUNIOR SINGLES TITLE,CONSOLIDATED WITH ADOPTED RESOLUTION DATE : 9/12/2022
319,Risa  Hontiveros,Senator Senate of the Philippines,SRN-218,"RESOLUTION URGING THE JOINT CONGRESSIONAL OVERSIGHT COMMITTEE ON PANTAWID PAMILYANG PILIPINO PROGRAM OR 4PS OVERSIGHT COMMITTEE TO CONVENE, WITH AN END IN VIEW OF, CONDUCTING A SUNSET REVIEW OF REPUBLIC ACT 11310",PENDING IN THE COMMITTEE DATE : 9/21/2022
319,Risa  Hontiveros,Senator Senate of the Philippines,SRN-219,RESOLUTION CALLING FOR THE SENATE TO CONVENE THE CONGRESSIONAL OVERSIGHT COMMITTEE ON THE COMPREHENSIVE TAX REFORM PROGRAM FOR THE PURPOSE OF REMEDYING THE APPARENT INCONSISTENCY BETWEEN THE CREATE LAW AND ITS IMPLEMENTING RULES AND REGULATIONS,PENDING IN THE COMMITTEE DATE : 9/21/2022
319,Risa  Hontiveros,Senator Senate of the Philippines,SRN-231,"RESOLUTION CALLING FOR THE APPROPRIATE SENATE COMMITTEE TO CONDUCT AN INQUIRY IN AID OF LEGISLATION INTO INCIDENTS OF VIOLENCE, LAND-GRABBING, AND ILLEGAL LOGGING AND QUARRYING AFFECTING THE MASUNGI GEORESERVE AND THE REST OF THE UPPER MARIKINA RIVER BASIN PROTECTED LANDSCAPE",PENDING IN THE COMMITTEE DATE : 9/28/2022
319,Risa  Hontiveros,Senator Senate of the Philippines,SRN-26,"RESOLUTION DIRECTING THE SENATE COMMITTEE ON WOMEN, CHILDREN, FAMILY RELATIONS AND GENDER EQUALITY, TO CONDUCT AN INQUIRY, IN AID OF LEGISLATION, INTO THE REPORTED CULTURE OF ABUSE, HARASSMENT AND VIOLENCE AT THE PHILIPPINE HIGH SCHOOL OF THE ARTS WITH THE END IN VIEW OF CREATING SAFER SPACES FOR CHILDREN IN ALL EDUCATIONAL AND TRAINING INSTITUTIONS CONSISTENT WITH THE PROVISIONS OF REPUBLIC ACT NO. 11313 OR THE SAFE SPACES ACT",PENDING IN THE COMMITTEE DATE : 8/9/2022
319,Risa  Hontiveros,Senator Senate of the Philippines,SRN-265,"RESOLUTION DIRECTING THE APPROPRIATE SENATE COMMITTEE TO CONDUCT A MANDATORY REVIEW OF THE LOCAL GOVERNMENT CODE OF 1991 (LGC) IN COMPLIANCE WITH SECTION 521 OF THE SAME, WITH THE END IN VIEW OF FURTHER STRENGTHENING LOCAL GOVERNMENT UNITS (LGUS) AND PROVIDING A MORE RESPONSIVE, MODERN, DEMOCRATIC AND PARTICIPATORY LOCAL GOVERNMENT STRUCTURE FOR CITIZENS",PENDING IN THE COMMITTEE DATE : 11/7/2022
319,Risa  Hontiveros,Senator Senate of the Philippines,SRN-279,"RESOLUTION CALLING FOR THE APPROPRIATE SENATE COMMITTEE TO CONDUCT AN INQUIRY IN AID OF LEGISLATION INTO IMPROVING THE STANDARDS OF MARITIME EDUCATION IN THE PHILIPPINES FOR THE PURPOSE OF PROMOTING SAFETY AT SEA AND COMPLYING WITH THE PHILIPPINES' COMMITMENTS UNDER THE INTERNATIONAL CONVENTION ON STANDARDS OF TRAINING, CERTIFICATION AND WATCHKEEPING FOR SEAFARERS",PENDING IN THE COMMITTEE DATE : 11/21/2022
319,Risa  Hontiveros,Senator Senate of the Philippines,SRN-300,"RESOLUTION DIRECTING THE APPROPRIATE SENATE COMMITTEE TO CONDUCT AN INQUIRY, IN AID OF LEGISLATION, INTO THE REPORTED LARGE-SCALE LAND
RECLAMATION PROJECTS BEING UNDERTAKEN ON A NATIONWIDE SCALE IN THE PHILIPPINES THAT THREATEN COASTAL AND MARINE
ECOSYSTEMS AROUND THE COUNTRY",PENDING IN THE COMMITTEE DATE : 11/21/2022
319,Risa  Hontiveros,Senator Senate of the Philippines,SRN-315,"RESOLUTION URGING THE EXECUTIVE DEPARTMENT, THROUGH THE DEPARTMENT OF FOREIGN AFFAIRS AND THE DEPARTMENT OF FINANCE, TO SUPPORT THE PROPOSAL OF THE AFRICA GROUP AT THE UNITED NATIONS TO BEGIN INTERGOVERNMENTAL DISCUSSIONS IN NEW YORK AT UN HEADQUARTERS ON WAYS TO STRENGTHEN THE INCLUSIVENESS AND EFFECTIVENESS OF INTERNATIONAL TAX COOPERATION THROUGH THE EVALUATION OF ADDITIONAL OPTIONS INCLUDING THE POSSIBILITY OF DEVELOPING AN INTERNATIONAL TAX COOPERATION FRAMEWORK OR INSTRUMENT THAT IS DEVELOPED AND AGREED UPON THROUGH A UNITED NATIONS INTERGOVERNMENTAL PROCESS, TAKING INTO FULL CONSIDERATION EXISTING INTERNATIONAL AND MULTILATERAL ARRANGEMENTS",PENDING IN THE COMMITTEE DATE : 11/28/2022
319,Risa  Hontiveros,Senator Senate of the Philippines,SRN-401,"RESOLUTION DIRECTING THE APPROPRIATE SENATE COMMITTEE TO CONDUCT AN INQUIRY, IN AID OF LEGISLATION, INTO THE NEW YEAR SYSTEM FAILURE CRISIS AT THE NINOY AQUINO INTERNATIONAL AIRPORT (NAIA), RESULTING IN THE BREAKDOWN OF AIR TRAFFIC CONTROL  AND THE DISRUPTION OF A TOTAL OF 282 FLIGHTS AFFECTING AROUND 56,000 PASSENGERS",PENDING IN THE COMMITTEE DATE : 1/31/2023
319,Risa  Hontiveros,Senator Senate of the Philippines,SRN-417,RESOLUTION COMMENDING AND CONGRATULATING DAVID AFRICA AND TOBI LEUNG FOR BEING THE  FIRST EVER FILIPINO DEBATERS TO WIN THE WORLD UNIVERSITIES DEBATING CHAMPIONSHIP,PENDING IN THE COMMITTEE DATE : 2/6/2023
319,Risa  Hontiveros,Senator Senate of the Philippines,SRN-92,"RESOLUTION DIRECTING THE APPROPRIATE SENATE COMMITTEE TO CONDUCT AN INQUIRY, IN AID OF LEGISLATION, INTO THE PROCUREMENT AND ADMINISTRATION OF COVID-19 VACCINES AMIDST REPORTS OF UNUSED AND EXPIRED COVID-19 VACCINES",PENDING IN THE COMMITTEE DATE : 8/9/2022
331,Robinhood C. Padilla,Senator Senate of the Philippines,SRN-198,RESOLUTION EXPRESSING THE PROFOUND SYMPATHY AND SINCERE CONDOLENCES OF THE SENATE OF THE PHILIPPINES ON THE DEATH OF QUEEN ELIZABETH II OF THE UNITED KINGDOM OF GREAT BRITAIN AND NORTHERN IRELAND,
331,Robinhood C. Padilla,Senator Senate of the Philippines,RBH-3,"A RESOLUTION OF BOTH HOUSES OF CONGRESS PROPOSING AMENDMENTS TO ECONOMIC PROVISIONS, SPECIFICALLY SECTIONS 2, 3, 7, 10, AND 11 OF ARTICLE XII; SECTION 4(2) OF ARTICLE XIV; AND SECTION 11(1) AND (2) OF ARTICLE XVI, OF THE 1987 CONSTITUTION",
331,Robinhood C. Padilla,Senator Senate of the Philippines,SBN-1203,"AN ACT AMENDING SECTION 13 OF REPUBLIC ACT NO. 8178, AS AMENDED BY REPUBLIC ACT NO.
9496, ENTITLED AN ACT REPLACING QUANTITATIVE IMPORT RESTRICTIONS ON AGRICULTURAL PRODUCTS, EXCEPT RICE, WITH TARIFFS, CREATING THE AGRICULTURAL COMPETITIVENESS ENHANCEMENT FUND, AND FOR OTHER PURPOSES, 'REPUBLIC ACT NO. 11203, ENTITLED AN ACT LIBERALIZING THE IMPORTATION, EXPORTATION AND TRADING OF RICE, LIFTING FOR THE PURPOSE THE QUANTITATIVE IMPORT RESTRICTION ON RICE,
AND FOR OTHER PURPOSES",
331,Robinhood C. Padilla,Senator Senate of the Philippines,SBN-1272,AN ACT DECLARING THE FIRST DAY OF FEBRUARY OF EVERY YEAR AS NATIONAL HIJAB DAY AND PROMOTING AN UNDERSTANDING OF THE MUSLIM TRADITION OF WEARING HIJAB,
331,Robinhood C. Padilla,Senator Senate of the Philippines,SBN-1273,"AN ACT RECOGNIZING THE PROPER BURIAL OF MUSLIM FILIPINOS, INDIGENOUS PEOPLES, AND OTHER DENOMINATIONS, PROVIDING FOR APPROPRIATE BURIAL GROUNDS IN PUBLIC CEMETERIES, APPROPRIATING FUNDS THEREFOR, AND FOR OTHER PURPOSES",
331,Robinhood C. Padilla,Senator Senate of the Philippines,SBN-1361,"AN ACT CREATING A REGIONAL HEART CENTER IN EACH OF THE ADMINISTRATIVE REGIONS, PROVIDING FUNDS THEREFOR, AND FOR OTHER PURPOSES",
331,Robinhood C. Padilla,Senator Senate of the Philippines,SBN-1362,"AN ACT CREATING A REGIONAL KIDNEY AND TRANSPLANT INSTITUTE IN EACH OF THE ADMINISTRATIVE REGIONS IN THE PHILIPPINES, PROVIDING FUNDS THEREFOR, AND FOR OTHER PURPOSES",
331,Robinhood C. Padilla,Senator Senate of the Philippines,SBN-1363,AN ACT ESTABLISHING THE PHILIPPINE INSTITUTE OF VIROLOGY,
331,Robinhood C. Padilla,Senator Senate of the Philippines,SBN-1385,AN ACT PROVIDING MEASURES TO PROTECT INDIVIDUALS ENGAGED IN DELIVERY SERVICES,
331,Robinhood C. Padilla,Senator Senate of the Philippines,SBN-1609,AN ACT PROTECTING FREE EXERCISE AND ENJOYMENT OF RELIGION OF STUDENTS IN EDUCATIONAL INSTITUTIONS AND PROVIDING PENALTIES FOR VIOLATIONS THEREOF,
331,Robinhood C. Padilla,Senator Senate of the Philippines,SBN-228,AN ACT PROVIDING FOR THE EQUAL USE OF FILIPINO AND ENGLISH LANGUAGES IN ALL GOVERNMENT ISSUANCES AND DOCUMENTS,
331,Robinhood C. Padilla,Senator Senate of the Philippines,SBN-229,"AN ACT PROVIDING FOR THE SUSPENSION OF EXCISE TAXES ON UNLEADED PREMIUM GASOLINE, REGULAR GASOLINE, AND DIESEL FUEL OIL, AMENDING FOR THE PURPOSE SECTION 148
OF THE NATIONAL INTERNAL REVENUE CODE, AS AMENDED",
331,Robinhood C. Padilla,Senator Senate of the Philippines,SBN-230,"AN ACT GRANTING TO MEDICAL CANNABIS AS A COMPASSIONATE ALTERNATIVE MEANS OF MEDICAL TREATMENT, EXPANDING RESEARCH INTO ITS MEDICINAL PROPERTIES, ENUMERATING PROHIBITED ACTS AND PRESCRIBING PENALTIES THEREFOR AND FOR OTHER PURPOSES",
331,Robinhood C. Padilla,Senator Senate of the Philippines,SBN-231,"AN ACT AMENDING SECTIONS 9 AND 13 OF REPUBLIC ACT NO. 8178, AS AMENDED BY REPUBLIC ACT NO. 9496, ENTITLED ?AN ACT REPLACING QUANTITATIVE IMPORT RESTRICTIONS ON AGRICULTURAL PRODUCTS, EXCEPT RICE, WITH TARIFFS, CREATING THE AGRICULTURAL COMPETITIVENESS ENHANCEMENT FUND, AND FOR OTHER PURPOSES,? REPUBLIC ACT NO. 11203, ENTITLED ?AN ACT LIBERALIZING THE IMPORTATION, EXPORTATION AND TRADING OF RICE, LIFTING FOR THE PURPOSE THE QUANTITATIVE IMPORT RESTRICTION ON RICE, AND FOR OTHER PURPOSES",
331,Robinhood C. Padilla,Senator Senate of the Philippines,SBN-232,AN ACT PROVIDING FOR THE MAGNA CARTA OF BARANGAY HEALTH WORKERS,
331,Robinhood C. Padilla,Senator Senate of the Philippines,SBN-233,"AN ACT PROTECTING AND PROMOTING THE RIGHTS TO EQUALITY AND NON-DISCRIMINATION ON THE BASIS OF RACE, ETHNICITY, RELIGION OR BEING FORMERLY INCARCERATED PERSON",
331,Robinhood C. Padilla,Senator Senate of the Philippines,SBN-234,"AN ACT GRANTING CIVIL SERVICE ELIGIBILITY UNDER CERTAIN CONDITIONS TO GOVERNMENT EMPLOYEES APPOINTED UNDER CASUAL OR CONTRACTUAL STATUS IN THE CAREER SERVICE WHO HAVE RENDERED FIVE (5) YEARS OF SERVICE, AMENDING REPUBLIC ACT NO. 8650, AND FOR OTHER PURPOSES",
331,Robinhood C. Padilla,Senator Senate of the Philippines,SBN-235,"AN ACT ESTABLISHING PENITENTIARY SYSTEMS  IN REGIONS I, II, III, V, VI, VIII, IX, X, XII AND XIII TO DECONGEST THE NEW BILIBID PRISON (NBP) AND OTHER PENAL FARMS AND PROVINCES, APPROPRIATING FUNDS THEREFOR AND FOR OTHER PURPOSES",
331,Robinhood C. Padilla,Senator Senate of the Philippines,SBN-236,AN ACT REINSTATING THE MANDATORY RESERVE OFFICERS TRAINING CORPS (ROTC) PORGRAM IN ALL UNDERGRADUATE DEGREE OR DIPLOMA PROGRAMS IN PUBLIC AND PRIVATE TERTIARY-LEVEL EDUCATIONAL INSTITUTIONS,
331,Robinhood C. Padilla,Senator Senate of the Philippines,SBN-237,AN ACT PROVIDING FOR THE DISSOLUTION OF MARRIAGE,
331,Robinhood C. Padilla,Senator Senate of the Philippines,SBN-447,"AN ACT INSTITUTING BUDGET REFORM THAT WILL ENSURE EQUITABLE DISTRIBUTION OF FUNDS AMONG THE NATIONAL AND LOCAL GOVERNMENT UNITS FOR THE PURPOSE OF LOCAL DEVELOPMENT, APPROPRIATING FUNDS THEREFOR, AND FOR OTHER PURPOSES",
331,Robinhood C. Padilla,Senator Senate of the Philippines,SBN-448,AN ACT TO ESTABLISH A NURSING HOME FOR SENIOR CITIZENS AND APPROPRIATING FUNDS THEREFOR,
331,Robinhood C. Padilla,Senator Senate of the Philippines,SBN-449,"AN ACT INSTITUTIONALIZING CIVIL UNIONS OF SAME SEX COUPLES, ESTABLISHING THEIR RIGHTS AND OBLIGATIONS, AND FOR OTHER PURPOSES",
331,Robinhood C. Padilla,Senator Senate of the Philippines,SBN-450,"AN ACT PROTECTING THE WELFARE OF WORKERS OR INDEPENDENT CONTRACTORS IN THE FILM, TELEVISION, AND RADIO ENTERTAINMENT INDUSTRY",
331,Robinhood C. Padilla,Senator Senate of the Philippines,SBN-452,"AN ACT DECLARING SEPTEMBER 21 OF EVERY YEAR AS A SPECIAL NON-WORKING
HOLIDAY TO BE KNOWN AS 'UNSUNG HEROES DAY'",
331,Robinhood C. Padilla,Senator Senate of the Philippines,SRN-149,"RESOLUTION DIRECTING THE COMMITTEE ON CULTURAL COMMUNITIES AND MUSLIM AFFAIRS TO INVESTIGATE, IN AID OF LEGISLATION, THE JOINT MANAGEMENT AGREEMENT (JMA) BETWEEN THE CLARK DEVELOPMENT CORPORATION (CDC), NATIONAL COMMISSION ON INDIGENOUS PEOPLES (NCIP), AND THE TRIBONG AYTA ENTERED INTO ON DECEMBER 6, 2007 CONCERNING THE DEVELOPMENT OF THE CLARK SUB-ZONE",
331,Robinhood C. Padilla,Senator Senate of the Philippines,SRN-191,"RESOLUTION CALLING FOR THE ADOPTION OF AN INTER-AGENCY APPROACH IN THE FORMULATION OF POLICIES AGAINST THE PROLIFERATION AND SPREAD OF FALSE INFORMATION OR ''FAKE NEWS'' AND DIRECTING THE SENATE COMMITTEE ON PUBLIC INFORMATION AND MASS MEDIA TO CONDUCT AN INQUIRY, IN AID OF LEGISLATION, WITH THE END VIEW OF PROPOSING AMENDMENTS TO REPUBLIC ACT NO. 10175, OTHERWISE KNOWN AS ''THE CYBERCRIME PREVENTION ACT OF 2012'' AND OTHER PERTINENT LAWS",
331,Robinhood C. Padilla,Senator Senate of the Philippines,SRN-234,"RESOLUTION EXPRESSING PROFOUND CONDOLENCES TO THE BEREAVED FAMILIES OF AND TO POSTHUMOUSLY ACCORD HIGHEST COMMENDATION TO NARCISO CALAYAG, JERSON RESURRECCION, MARVY BARTOLOME, GEORGE AGUSTIN, AND TROY JUSTIN AGUSTIN WHO PERISHED WHILE PERFORMING THEIR HEROIC AND SOLEMN DUTIES IN THE RESCUE OPERATIONS AT THE HEIGHT OF SUPER TYPHOON KARDING",
331,Robinhood C. Padilla,Senator Senate of the Philippines,SRN-280,"RESOLUTION DIRECTING THE COMMITTEE ON CULTURAL COMMUNITIES AND MUSLIM AFFAIRS TO CONDUCT AN INQUIRY, IN AID OF LEGISLATION, ON
WHETHER THE RIGHT TO STAY IN THE TERRITORIES UNDER REPUBLIC ACT NO. 8371, OTHERWISE KNOWN AS THE INDIGENOUS PEOPLE'S RIGHTS ACT (IPRA) OF 1997, WAS COMPLIED WITH IN THE RELOCATION OF THE TEDURAY TRIBE AND POSSIBLY AMENDING
REPUBLIC ACT NO. 8371",
331,Robinhood C. Padilla,Senator Senate of the Philippines,SRN-349,"RESOLUTION DIRECTING THE APPROPRIATE COMMITTEE/S OF THE SENATE TO CONDUCT AN INQUIRY, IN AID OF LEGISLATION, ON THE ALLEGED SHOOTOUT, WHICH RESULTED IN THE DEATH OF THREE TEENAGERS IN BARANGAY DIDTARAS, MUNICIPALITY OF LAMBAYONG, SULTAN KUDARAT WITH THE END IN VIEW OF DETERMINING THE TRUTH AND CREATING POLICIES THAT WILL STRENGTHEN PEACE AND PROTECTION MECHANISMS FOR THE MORO PEOPLE",
331,Robinhood C. Padilla,Senator Senate of the Philippines,SRN-376,"RESOLUTION COMMENDING AND CONGRATULATING WEIGHTLIFTER HIDILYN FRANCISCO DIAZ-NARANJO ON HER TRIPLE GOLD FEAT IN THE 2022 INTERNATIONAL WEIGHTLIFTING FEDERATION (IWF) WORLD CHAMPIONSHIPS HELD IN BOGOTA, COLOMBIA",
331,Robinhood C. Padilla,Senator Senate of the Philippines,SRN-6,"RESOLUTION DIRECTING THE COMMITTEE ON CONSTITUTIONAL AMENDMENTS AND REVISION OF CODES TO REVIEW AND STUDY THE 1987 CONSTITUTION FOR POSSIBLE REVISION ON THE PROVISIONS PARTICULAR TO THE FORM, STRUCTURE, AND POWER OF GOVERNMENT, ECONOMY AND PATRIMONY, AND FOR OTHER PURPOSES",
331,Robinhood C. Padilla,Senator Senate of the Philippines,SRN-7,"CONCURRENT RESOLUTION URGING THE SENATE AND HOUSE OF REPRESENTATIVES TO CONSTITUTE THE CONGRESS COMPLEMENT TO THE CREATION OF THE
CONGRESS-PARLIAMENTARY BANGSAMORO FORUM, AS PROVIDED FOR IN REPUBLIC ACT 1105, OTHERWISE KNOWN AS THE ORGANIC LAW FOR
THE BANGSAMORO AUTONOMOUS REGION.",
331,Robinhood C. Padilla,Senator Senate of the Philippines,SRN-9,"RESOLUTION URGING PRESIDENT FERDINAND R. MARCOS, JR. TO RESUME BILATERAL TALKS WITH THE PEOPLE?S REPUBLIC OF CHINA FOR PURPOSES OF COOPERATION ON OIL AND GAS DEVELOPMENT IN THE WEST PHILIPPINE SEA",
325,Francis G. Escudero,Senator Senate of the Philippines,SRN-198,RESOLUTION EXPRESSING THE PROFOUND SYMPATHY AND SINCERE CONDOLENCES OF THE SENATE OF THE PHILIPPINES ON THE DEATH OF QUEEN ELIZABETH II OF THE UNITED KINGDOM OF GREAT BRITAIN AND NORTHERN IRELAND,
325,Francis G. Escudero,Senator Senate of the Philippines,SBN-1038,"AN ACT EXPANDING THE NUMBER OF QUALIFIED BENEFICIARIES OF THE MAGNA CARTA FOR MICRO, SMALL AND MEDIUM ENTERPRISES BY ADJUSTING THE ASSET THRESHOLD FOR EACH ENTERPRISE CATEGORY, FURTHER AMENDING FOR THE PURPOSE SECTION 3 OF REPUBLIC ACT NO. 6977, AS AMENDED, OTHERWISE KNOWN AS THE MAGNA CARTA FOR MICRO, SMALL AND MEDIUM ENTERPRISES",PENDING IN THE COMMITTEE DATE : 9/5/2022
325,Francis G. Escudero,Senator Senate of the Philippines,SBN-1039,"AN ACT STRENGTHENING PHILIPPINE PUBLIC HEALTH EMERGENCY PREPAREDNESS AND RESPONSE CAPABILITY, ESTABLISHING FOR THE PURPOSE A PHILIPPINE CENTER FOR DISEASE PREVENTION AND CONTROL, APPROPRIATING FUNDS THEREFOR, AND FOR OTHER PURPOSES","CONSOLIDATED/SUBSTITUTED IN THE COMMITTEE REPORT DATE : 2/13/2023
Committee Report No.:28 Date:2/13/2023 SUBSTITUTED BY SBN-1869
UNDER COMMITTEE REPORT
NO. 28."
325,Francis G. Escudero,Senator Senate of the Philippines,SBN-288,"AN ACT POSTPONING THE DECEMBER 2022 BARANGAY AND SANGGUNIANG KABATAAN ELECTIONS, AMENDING FOR THE PURPOSE REPUBLIC ACT NO. 9164, AS AMENDED BY REPUBLIC ACT NO. 9340, REPUBLIC ACT NO. 10632, REPUBLIC ACT NO. 10656, REPUBLIC ACT NO. 10923, REPUBLIC ACT NO. 10952 AND REPUBLIC ACT NO. 11462, AND FOR OTHER PURPOSES","CONSOLIDATED/SUBSTITUTED IN THE COMMITTEE REPORT DATE : 9/13/2022
Committee Report No.:4 Date:9/12/2022 SUBSTITUTED BY SBN-1306
UNDER COMMITTEE REPORT NO. 4, WHICH BECAME REPUBLIC ACT NO. 11935 ON OCTOBER 10, 2022."
325,Francis G. Escudero,Senator Senate of the Philippines,SBN-289,"AN ACT STRENGTHENING PRESIDENTIAL DECREE NO. 1096, THE NATIONAL BUILDING CODE OF THE PHILIPPINES, AS AMENDED, BY MANDATING A COMPREHENSIVE NATIONWIDE INSPECTION OF BUILDINGS AND IMPOSING STIFF PENALTIES AGAINST BUILDING OFFICIALS WHO VIOLATE THE PERTINENT PROVISIONS OF THE SAID CODE",PENDING IN THE COMMITTEE DATE : 8/3/2022
325,Francis G. Escudero,Senator Senate of the Philippines,SBN-290,AN ACT MANDATING THE FULL ACCOUNTING OF ALL DISASTER-RELIEF AID OR DONATIONS RECEIVED BY THE PHILIPPINE GOVERNMENT FOR NATURAL AND HUMAN-INDUCED CALAMITIES,PENDING IN THE COMMITTEE DATE : 8/3/2022
325,Francis G. Escudero,Senator Senate of the Philippines,SBN-291,PHILIPPINE IMMIGRATION ACT,PENDING IN THE COMMITTEE DATE : 8/3/2022
325,Francis G. Escudero,Senator Senate of the Philippines,SBN-292,"AN ACT AMENDING SECTION 6 OF REPUBLIC ACT NO. 1379, OTHERWISE KNOWN AS THE ?FORFEITURE LAW?, TO PROVIDE A FIXED PERCENTAGE OF THE VALUE OF FORFEITED PROPERTIES IN CORRUPTION CASES AS ADDITIONAL FUNDING FOR THE OFFICE OF THE OMBUDSMAN AND FOR OTHER PURPOSES",PENDING IN THE COMMITTEE DATE : 8/3/2022
325,Francis G. Escudero,Senator Senate of the Philippines,SBN-293,"AN ACT AMENDING SECTION 220, CHAPTER II, TITLE VIII OF REPUBLIC ACT NO. 8424, OTHERWISE KNOWN AS AN ACT AMENDING THE NATIONAL INTERNAL REVENUE CODE, AS AMENDED, AND FOR OTHER PURPOSES",PENDING IN THE COMMITTEE DATE : 8/3/2022
325,Francis G. Escudero,Senator Senate of the Philippines,SBN-294,"AN ACT EXEMPTING PLEDGE OF PERSONAL PROPERTY COVERING A LOAN OF MONEY NOT EXCEEDING TEN THOUSAND PESOS FROM DOCUMENTARY STAMP TAX, AMENDING FOR THE PURPOSE SECTION 199 OF THE NATIONAL INTERNAL REVENUE CODE OF 1997, AS AMENDED",PENDING IN THE COMMITTEE DATE : 8/3/2022
325,Francis G. Escudero,Senator Senate of the Philippines,SBN-295,AN ACT BANNING THE RE-APPOINTMENT OF A REGULAR MEMBER OF THE JUDICIAL AND BAR COUNCIL (JBC) WHO HAS ALREADY SERVED THE FULL TERM,PENDING IN THE COMMITTEE DATE : 8/3/2022
325,Francis G. Escudero,Senator Senate of the Philippines,SBN-296,AN ACT PROHIBITING MERCHANDISING STORES AND SERVICE ESTABLISHMENTS FROM CHARGING MORE THAN THE CASH RETAIL PRICE OF GOODS AND SERVICES PURCHASED WITH CREDIT CARDS AND PRESCRIBING PENALTIES FOR ANY VIOLATION THEREOF,PENDING IN THE COMMITTEE DATE : 8/3/2022
325,Francis G. Escudero,Senator Senate of the Philippines,SBN-297,AN ACT PROVIDING AUTOMATIC PROMOTION OF GOVERNMENT OFFICIALS AND EMPLOYEES UPON RETIREMENT FROM GOVERNMENT SERVICE AND FOR OTHER PURPOSES,PENDING IN THE COMMITTEE DATE : 8/3/2022
325,Francis G. Escudero,Senator Senate of the Philippines,SBN-51,AN ACT PROHIBITING ANY FORM OF INTERFERENCE BY NATIONAL GOVERNMENT AGENCIES WITH THE USE OF THE NATIONAL TAX ALLOTMENT AND LOCALLY GENERATED REVENUES OF LOCAL GOVERNMENT UNITS,PENDING IN THE COMMITTEE DATE : 7/27/2022
325,Francis G. Escudero,Senator Senate of the Philippines,SBN-53,"AN ACT PROMOTING BUSINESS COMPETITIVENESS BY PROVIDING TEMPORARY TAX RELIEF TO SINGLE PROPRIETORSHIPS, COOPERATIVES, PARTNERSHIPS OR CORPORATIONS CLASSIFIED AS MICRO, SMALL AND MEDIUM ENTERPRISES",PENDING IN THE COMMITTEE DATE : 7/27/2022
325,Francis G. Escudero,Senator Senate of the Philippines,SBN-54,"AN ACT PROMOTING BUSINESS GROWTH AND RECOVERY BY REDUCING THE COST OF BUSINESS COMPLIANCE FOR MICRO, SMALL AND MEDIUM ENTERPRISES, AMENDING FOR THE PURPOSE THE NATIONAL INTERNAL REVENUE CODE OF 1997, AS AMENDED",PENDING IN THE COMMITTEE DATE : 7/27/2022
325,Francis G. Escudero,Senator Senate of the Philippines,SBN-55,"AN ACT PROVIDING FOR THE CONDONATION OF ALL UNPAID PRINCIPAL, INTERESTS, PENALTIES OR SURCHARGES ON LOANS SECURED BY AGRARIAN REFORM BENEFICIARIES UNDER THE COMPREHENSIVE AGRARIAN REFORM PROGRAM AND FOR OTHER PURPOSES","CONSOLIDATED/SUBSTITUTED IN THE COMMITTEE REPORT DATE : 2/8/2023
Committee Report No.:24 Date:2/7/2023
SUBSTITUTED BY SBN-1850
UNDER COMMITTEE REPORT NO. 24."
325,Francis G. Escudero,Senator Senate of the Philippines,SBN-56,"AN ACT MANDATING GOVERNMENT OFFICIALS AND EMPLOYEES TO EXECUTE AND SUBMIT A WRITTEN PERMISSION TO EXAMINE, INQUIRE OR LOOK INTO ALL THEIR DEPOSITS AND INVESTMENTS THEREBY WAIVING THE BANK SECRECY LAW AS PROVIDED FOR UNDER REPUBLIC ACT NUMBERS 1405 AND 6426",PENDING IN THE COMMITTEE DATE : 7/27/2022
325,Francis G. Escudero,Senator Senate of the Philippines,SBN-57,"AN ACT AMENDING PARAGRAPH (A), SECTION 393, CHAPTER IV, TITLE I BOOK III OF REPUBLIC
ACT NO. 7160, THE LOCAL GOVERNMENT CODE, AS AMENDED, INCREASING THE BENEFITS OF BARANGAY OFFICIALS",PENDING IN THE COMMITTEE DATE : 7/27/2022
325,Francis G. Escudero,Senator Senate of the Philippines,SBN-58,AN ACT LOWERING THE COMPULSORY RETIREMENT AGE OF EMPLOYEES OF THE DEPARTMENT OF EDUCATION FROM 65 YEARS OLD TO 60 YEARS OLD,PENDING IN THE COMMITTEE DATE : 7/27/2022
325,Francis G. Escudero,Senator Senate of the Philippines,SBN-59,"AN ACT INSTITUTIONALIZING A COMPREHENSIVE SOCIAL BENEFITS PROGRAM FOR UNIFORMED PERSONNEL AND OTHER QUALIFIED AUXILIARY SERVICE MEMBERS WHO ARE KILLED, WOUNDED, OR RENDERED PHYSICALLY DISABLED IN LEGITIMATE ACTIONS OR OPERATIONS, CREATING FOR THE PURPOSE A COMPREHENSIVE SOCIAL BENEFITS PROGRAM TRUST FUND, AND FOR OTHER PURPOSES",PENDING IN THE COMMITTEE DATE : 7/27/2022
325,Francis G. Escudero,Senator Senate of the Philippines,SBN-60,AN ACT PROVIDING AN INCREASE AND AN AUTOMATIC ADJUSTMENT MECHANISM IN THE PERSONNEL ECONOMIC RELIEF ALLOWANCE (PERA) GRANTED TO GOVERNMENT EMPLOYEES,PENDING IN THE COMMITTEE DATE : 7/27/2022
325,Francis G. Escudero,Senator Senate of the Philippines,SBN-754,"AN ACT REINSTITUTING MANDATORY CREDIT ALLOCATION FOR MICRO, SMALL AND MEDIUM ENTERPRISES, IMPOSING FINES AND PENALTIES FOR NONCOMPLIANCE, AND FOR OTHER PURPOSES",PENDING IN THE COMMITTEE DATE : 8/30/2022
325,Francis G. Escudero,Senator Senate of the Philippines,SBN-883,AN ACT MANDATING THE IMPOSITION OF PENALTY LOWER THAN THAT PRESCRIBED BY LAW IN CRIMINAL CASES THE CIVIL CASE OF WHICH IS SETTLED THROUGH OR BY ALTERNATIVE DISPUTE RESOLUTION AMENDING FOR THAT PURPOSE REPUBLIC ACT NO. 9285,PENDING IN THE COMMITTEE DATE : 8/31/2022
325,Francis G. Escudero,Senator Senate of the Philippines,SBN-884,"AN ACT AMENDING CERTAIN SECTIONS OF REPUBLIC ACT NO. 7309, ENTITLED, AN ACT CREATING A BOARD OF CLAIMS UNDER THE DEPARTMENT OF JUSTICE FOR VICTIMS OF UNJUST IMPRISONMENT OR DETENTION AND VICTIMS OF VIOLENT CRIMES AND FOR OTHER PURPOSES",PENDING IN THE COMMITTEE DATE : 8/31/2022
325,Francis G. Escudero,Senator Senate of the Philippines,SBN-885,"AN ACT AMENDING SECTION 2 OF ACT NO. 4103, AS AMENDED, OTHERWISE KNOWN AS THE INDETERMINATE SENTENCE LAW",PENDING IN THE COMMITTEE DATE : 8/31/2022
325,Francis G. Escudero,Senator Senate of the Philippines,SBN-886,AN ACT PROVIDING FOR THE DELINEATION OF THE SPECIFIC FOREST LIMITS OF THE PUBLIC DOMAIN AND FOR OTHER PURPOSES,PENDING IN THE COMMITTEE DATE : 8/31/2022
325,Francis G. Escudero,Senator Senate of the Philippines,SBN-887,"AN ACT STRENGTHENING THE RULES ON THE PROPER USE AND DISPLAY OF OUR NATIONAL SYMBOLS AND THE RENDITION OF THE NATIONAL ANTHEM, AMENDING FOR THE PURPOSE REPUBLIC ACT NO. 8491, OTHERWISE KNOWN AS THE FLAG AND HERALDIC CODE OF THE PHILIPPINES, AND FOR OTHER PURPOSES",PENDING IN THE COMMITTEE DATE : 8/31/2022
325,Francis G. Escudero,Senator Senate of the Philippines,SBN-888,"AN ACT INCREASING THE PENALTY FOR CRIMINAL NEGLIGENCE COMMITTED BY COMMON CARRIERS, FURTHER AMENDING ARTICLE 365 OF ACT NO. 3815, AS AMENDED, OR THE REVISED PENAL CODE",PENDING IN THE COMMITTEE DATE : 8/31/2022
325,Francis G. Escudero,Senator Senate of the Philippines,SBN-889,"AN ACT ABOLISHING THE USE OF COMMUNITY TAX CERTIFICATE AND THE POWER TO LEVY COMMUNITY TAX REPEALING FOR THAT PURPOSE THE PERTINENT PROVISIONS OF REPUBLIC ACT NO. 7160, AS AMENDED, OTHERWISE KNOWN AS THE LOCAL GOVERNMENT CODE OF 1991",PENDING IN THE COMMITTEE DATE : 8/31/2022
325,Francis G. Escudero,Senator Senate of the Philippines,SBN-890,AN ACT RIGHTSIZING THE NATIONAL GOVERNMENT TO IMPROVE PUBLIC SERVICE DELIVERY AND FOR OTHER PURPOSES,PENDING IN THE COMMITTEE DATE : 8/31/2022
325,Francis G. Escudero,Senator Senate of the Philippines,SBN-922,"AN ACT PROVIDING FOR THE EMANCIPATION OF AGRARIAN REFORM BENEFICIARIES FROM THE ENSUING DEBT BURDEN FROM LANDS AWARDED UNDER THE COMPREHENSIVE AGRARIAN REFORM PROGRAM, INSTITUTING MECHANISMS FOR THE PROTECTION OF THE RIGHTS AND  SAFEGUARDING THE WELFARE OF AGRARIAN REFORM BENEFICIARIES,AND FOR OTHER PURPOSES","CONSOLIDATED/SUBSTITUTED IN THE COMMITTEE REPORT DATE : 2/8/2023
Committee Report No.:24 Date:2/7/2023
SUBSTITUTED BY SBN-1850 UNDER COMMITTEE REPORT NO. 24."
325,Francis G. Escudero,Senator Senate of the Philippines,SRN-55,"RESOLUTION DIRECTING THE APPROPRIATE SENATE COMMITTEE TO CONDUCT AN INQUIRY, IN AID OF LEGISLATION, ON THE COMPETITIVENESS OF LOCALLY-PRODUCED CROPS AND OTHER AGRICULTURAL AND FISHERY PRODUCTS, WITH THE END IN VIEW OF ENSURING THE EFFICACY OF GOVERNMENT EFFORTS IN IMPROVING THE COUNTRY'S AGRICULTURAL COMPETITIVENESS, MAINTAINING PRUDENCE IN THE ALLOCATION OF PUBLIC FUNDS FOR AGRICULTURAL INTERVENTIONS, AND REALIZING THE VISION OF A FOOD-SECURE AND RESILIENT PHILIPPINES WITH EMPOWERED AND  PROSPEROUS FARMERS AND FISHERS",PENDING IN THE COMMITTEE DATE : 8/9/2022
325,Francis G. Escudero,Senator Senate of the Philippines,SRN-56,"RESOLUTION DIRECTING THE APPROPRIATE SENATE COMMITTEE TO CONDUCT AN INQUIRY, IN AID OF LEGISLATION, ON THE BACKLOG IN THE PRODUCTION AND DISTRIBUTION OF MOTOR VEHICLE REGISTRATION PLATES, WITH THE END IN VIEW OF PROMOTING INTEGRITY, TRANSPARENCY AND ACCOUNTABILITY IN THE OPERATIONS OF GOVERNMENT AND ON
MATTERS INVOLVING PUBLIC INTEREST, ENSURING SOUND UTILIZATION OF PUBLIC FUNDS, AND ESTABLISHING APPROPRIATE GOVERNMENT MECHANISMS TO ADDRESS
BOTTLENECKS IN THE DELIVERY OF GOVERNMENT
SERVICES",PENDING IN THE COMMITTEE DATE : 8/9/2022
324,"Ronald ""Bato"" M. Dela Rosa",Senator Senate of the Philippines,SRN-198,RESOLUTION EXPRESSING THE PROFOUND SYMPATHY AND SINCERE CONDOLENCES OF THE SENATE OF THE PHILIPPINES ON THE DEATH OF QUEEN ELIZABETH II OF THE UNITED KINGDOM OF GREAT BRITAIN AND NORTHERN IRELAND,
324,"Ronald ""Bato"" M. Dela Rosa",Senator Senate of the Philippines,SBN-1312,AN ACT INSTITUTING THE MAGNA CARTA OF FILIPINO SEAFARERS,PENDING IN THE COMMITTEE DATE : 9/21/2022
324,"Ronald ""Bato"" M. Dela Rosa",Senator Senate of the Philippines,SBN-1335,AN ACT GRANTING PHILIPPINE CITIZENSHIP TO CAMERON OLIVER,PENDING IN THE COMMITTEE DATE : 9/27/2022
324,"Ronald ""Bato"" M. Dela Rosa",Senator Senate of the Philippines,SBN-1349,"AN ACT STRENGTHENING THE CITIZEN ARMED FORCES OF THE PHILIPPINES, MANDATING THE INSTITUTIONALIZATION OF THE RESERVE OFFICERS' TRAINING CORPS (ROTC) PROGRAM IN PUBLIC AND PRIVATE TERTIARY- LEVEL EDUCATIONAL INSTITUTIONS INCLUDING TECHNICAL VOCATIONAL INSTITUTIONS, APPROPRIATING FUNDS THEREFOR, AND FOR OTHER PURPOSES",PENDING IN THE COMMITTEE DATE : 9/28/2022
324,"Ronald ""Bato"" M. Dela Rosa",Senator Senate of the Philippines,SBN-1830,"AN ACT REMOVING THE EXPIRATION PERIOD OF THE CONGRESSIONAL OVERSIGHT COMMITTEE, FURTHER AMENDING FOR THE PURPOSE SECTION 97 OF REPUBLIC ACT NO. 9165, OTHERWISE KNOWN AS THE COMPREHENSIVE DANGEROUS DRUGS ACT OF 2022, AS AMENDED",PENDING IN THE COMMITTEE DATE : 2/6/2023
324,"Ronald ""Bato"" M. Dela Rosa",Senator Senate of the Philippines,SBN-1831,AN ACT INSTITUTIONALIZING THE GRANT OF A TEACHING SUPPLIES ALLOWANCE FOR PUBLIC SCHOOL TEACHERS AND APPROPRIATING FUNDS THEREFOR,PENDING IN THE COMMITTEE DATE : 2/6/2023
324,"Ronald ""Bato"" M. Dela Rosa",Senator Senate of the Philippines,SBN-1847,"AN ACT STRENGTHENING THE COMMISSION ON ELECTIONS (COMELEC) INCREASING THE MANPOWER COMPLEMENT IN ITS FIELD OFFICES, PROVIDING OFFICE SPACES SEPARATE AND INDEPENDENT FROM LOCAL GOVERNMENT UNITS, AMENDING FOR THE PURPOSE BATAS
PAMBANSA BLG. 881, AS AMENDED, OTHERWISE KNOWN AS THE OMNIBUS ELECTION CODE OF THE PHILIPPINES AND APPROPRIATING FUNDS THEREFOR",PENDING IN THE COMMITTEE DATE : 2/7/2023
324,"Ronald ""Bato"" M. Dela Rosa",Senator Senate of the Philippines,SBN-198,"AN ACT DEFINING LARGE-SCALE ILLEGAL TRAFFICKING OF DANGEROUS DRUGS, AND CONTROLLED PRECURSORS AND ESSENTIAL CHEMICALS, IMPOSING THE DEATH PENALTY, AMENDING FOR THE PURPOSE REPUBLIC ACT NO. 9346 ENTITLED ?THE ACT PROHIBITING THE IMPOSITION OF DEATH PENALTY IN THE PHILIPPINES? AND FOR OTHER PURPOSES",PENDING IN THE COMMITTEE DATE : 8/1/2022
324,"Ronald ""Bato"" M. Dela Rosa",Senator Senate of the Philippines,SBN-199,"AN ACT MANDATING THE INSTITUTIONALIZATION, DEVELOPMENT, TRAINING, ORGANIZATION AND ADMINISTRATION OF BASIC RESERVE OFFICERS TRAINING CORPS (ROTC) IN GRADES 11 AND 12 IN PUBLIC AND PRIVATE EDUCATIONAL INSTITUTIONS, FURTHER AMENDING REPUBLIC ACT NO. 7077, OTHERWISE KNOWN AS THE ?CITIZEN ARMED FORCES OF THE PHILIPPINES RESERVIST ACT?, AS AMENDED BY REPUBLIC ACT NO. 9163, OTHERWISE KNOWN AS THE ?NATIONAL SERVICE TRAINING PROGRAM? AND APPROPRIATING FUNDS THEREFOR",PENDING IN THE COMMITTEE DATE : 8/1/2022
324,"Ronald ""Bato"" M. Dela Rosa",Senator Senate of the Philippines,SBN-200,"AN ACT INSTITUTIONALIZING THE
WHOLE-OF-NATION APPROACH IN ATTAINING INCLUSIVE AND SUSTAINABLE PEACE, CREATING THE NATIONAL COUNCIL TO END LOCAL COMMUNIST ARMED CONFLICT, AND FOR OTHER PURPOSES",PENDING IN THE COMMITTEE DATE : 8/1/2022
324,"Ronald ""Bato"" M. Dela Rosa",Senator Senate of the Philippines,SBN-201,"AN ACT AMENDING REPUBLIC ACT 7941, OTHERWISE KNOWN AS THE PARTY-LIST SYSTEM ACT",PENDING IN THE COMMITTEE DATE : 8/2/2022
324,"Ronald ""Bato"" M. Dela Rosa",Senator Senate of the Philippines,SBN-204,"AN ACT PROVIDING FOR THE REVITALIZATION AND CAPABILITY ENHANCEMENT OF THE PHILIPPINE NATIONAL POLICE (PNP), APPROPRIATING FUNDS THEREFORE AND FOR OTHER PURPOSES",PENDING IN THE COMMITTEE DATE : 7/8/2022
324,"Ronald ""Bato"" M. Dela Rosa",Senator Senate of the Philippines,SBN-205,"AN ACT REPEALING REPUBLIC ACT NO. 10912, OTHERWISE KNOWN AS THE ?CONTINUING PROFESSIONAL DEVELOPMENT ACT OF 2016",PENDING IN THE COMMITTEE DATE : 8/2/2022
324,"Ronald ""Bato"" M. Dela Rosa",Senator Senate of the Philippines,SBN-206,"AN ACT PROVIDING DIRECT FINANCIAL ASSISTANCE TO FILIPINO FARMERS, ESTABLISHING FOR THE PURPOSE ?THE FILIPINO FARMERS FINANCIAL ASSISTANCE PROGRAM?, PROVIDING FUNDS THEREFOR, AND FOR OTHER PURPOSES",PENDING IN THE COMMITTEE DATE : 8/2/2022
324,"Ronald ""Bato"" M. Dela Rosa",Senator Senate of the Philippines,SBN-207,"AN ACT ESTABLISHING A SPECIAL DEFENSE ECONOMIC ZONE (SPEDEZ) INSIDE THE GOVERNMENT ARSENAL DEFENSE INDUSTRIAL ESTATE LOCATED IN CAMP GEN. ANTONIO LUNA, LAMAO, MUNICIPALITY OF LIMAY, PROVINCE OF BATAAN, CREATING FOR THIS PURPOSE THE SPECIAL DEFENSE ECONOMIC ZONE AUTHORITY (SPEDEZA), APPROPRIATING FUNDS THEREFOR AND FOR OTHER PURPOSES",PENDING IN THE COMMITTEE DATE : 8/2/2022
324,"Ronald ""Bato"" M. Dela Rosa",Senator Senate of the Philippines,SBN-430,"AN ACT PROVIDING FOR A MAGNA CARTA OF TRICYCLE DRIVERS AND OPERATORS, INSTITUTIONALIZING MECHANISMS FOR ITS IMPLEMENTATION AND FOR OTHER PURPOSES",PENDING IN THE COMMITTEE DATE : 8/10/2022
324,"Ronald ""Bato"" M. Dela Rosa",Senator Senate of the Philippines,SBN-431,"AN ACT PROVIDING FOR THE RANK CLASSIFICATION AND ORGANIZATION OF KEY POSITIONS IN THE BUREAU OF FIRE PROTECTION (BFP) AND BUREAU OF JAIL MANAGEMENT AND PENOLOGY (BJMP), AMENDING FOR THE PURPOSE REPUBLIC ACT NO. 9263 OTHERWISE KNOWN AS THE 'BUREAU OF FIRE PROTECTION AND BUREAU OF JAIL MANAGEMENT AND PENOLOGY PROFESSIONALIZATION ACT OF 2004', AS AMENDED BY REPUBLIC ACT NO. 9592 AND FOR OTHER PURPOSES",PENDING IN THE COMMITTEE DATE : 8/10/2022
324,"Ronald ""Bato"" M. Dela Rosa",Senator Senate of the Philippines,SBN-432,"AN ACT PROVIDING INCENTIVE ALLOWANCE TO PUBLIC SCHOOL TEACHERS WHO ARE ASSIGNED OUTSIDE OF THEIR CITIES MUNICIPALITIES, AND PROVINCES APPROPRIATING FUNDS THEREFORE, AND FOR OTHER PURPOSES",PENDING IN THE COMMITTEE DATE : 8/10/2022
324,"Ronald ""Bato"" M. Dela Rosa",Senator Senate of the Philippines,SBN-433,"AN ACT PROVIDING FOR INCENTIVES AND BENEFITS FOR HEALTH WORKERS IN THE PRIVATE SECTOR, APPROPRIATING FUNDS THEREFOR, AND FOR OTHER PURPOSES",PENDING IN THE COMMITTEE DATE : 8/10/2022
324,"Ronald ""Bato"" M. Dela Rosa",Senator Senate of the Philippines,SBN-434,"AN ACT MANDATING THE APPOINTMENT OF BARANGAY HEALTH WORKERS IN BARANGAYS, AND PROVIDING FOR THEIR DUTIES AND RESPONSIBILITIES, COMPENSATION AND BENEFITS, AND FOR OTHER
PURPOSES",PENDING IN THE COMMITTEE DATE : 8/10/2022
324,"Ronald ""Bato"" M. Dela Rosa",Senator Senate of the Philippines,SBN-435,"AN ACT PROVIDING FOR SECURITY OF TENURE FOR ALL CASUAL AND CONTRACTUAL EMPLOYEE OF THE GOVERNMENT WHO HAVE
RENDERED THE PRESCRIBED YEARS OF SERVICE IN THE NATIONAL GOVERNMENT AND THE LOCAL GOVERNMENT UNITS, AND FOR OTHER PURPOSES",PENDING IN THE COMMITTEE DATE : 8/10/2022
324,"Ronald ""Bato"" M. Dela Rosa",Senator Senate of the Philippines,SBN-436,"AN ACT MANDATING LAW ENFORCEMENT PERSONNEL TO USE A BODY-WORN CAMERA DURING LAW ENFORCEMENT OPERATIONS, PROVIDING FUNDS THEREFOR AND FOR OTHER PURPOSES",PENDING IN THE COMMITTEE DATE : 8/10/2022
324,"Ronald ""Bato"" M. Dela Rosa",Senator Senate of the Philippines,SBN-437,AN ACT REQUIRING BUSINESS ESTABLISHMENTS TO INSTALL CLOSED CIRCUIT TELEVISION (CCTV) CAMERAS IN THEIR PLACE OF BUSINESS AS A MEANS TO DETER CRIME,PENDING IN THE COMMITTEE DATE : 8/10/2022
324,"Ronald ""Bato"" M. Dela Rosa",Senator Senate of the Philippines,SBN-438,"AN ACT CREATING THE DEPARTMENT OF DISASTER RESILIENCE, DEFINING ITS POWERS AND FUNCTIONS, AND APPROPRIATING FUNDS THEREFOR",PENDING IN THE COMMITTEE DATE : 8/10/2022
324,"Ronald ""Bato"" M. Dela Rosa",Senator Senate of the Philippines,SBN-723,AN ACT AMENDING REPUBLIC ACT NO. 11223 OTHERWISE KNOWN AS AN THE 'UNIVERSAL HEALTH CARE ACT',PENDING IN THE COMMITTEE DATE : 8/23/2022
324,"Ronald ""Bato"" M. Dela Rosa",Senator Senate of the Philippines,SBN-724,"AN ACT AMENDING REPUBLIC ACT NO. 10586 OTHERWISE KNOWN AS 'AN ACT PENALIZING PERSONS DRIVING UNDER THE INFLUENCE OF ALCOHOL, DANGEROUS DRUGS, AND SIMILAR SUBSTANCES, AND FOR OTHER PURPOSES'",PENDING IN THE COMMITTEE DATE : 8/23/2022
324,"Ronald ""Bato"" M. Dela Rosa",Senator Senate of the Philippines,SBN-725,"AN ACT ESTABLISHING THE NATIONAL POLICE CLEARANCE SYSTEM, PROVIDING FUNDS THEREFOR AND FOR OTHER PURPOSES",PENDING IN THE COMMITTEE DATE : 8/23/2022
324,"Ronald ""Bato"" M. Dela Rosa",Senator Senate of the Philippines,SBN-726,"AN ACT ESTABLISHING A FORENSIC DNA DATABASE IN THE PHILIPPINES, APPROPRIATING FUNDS THEREFOR AND FOR OTHER PURPOSES",PENDING IN THE COMMITTEE DATE : 8/23/2022
324,"Ronald ""Bato"" M. Dela Rosa",Senator Senate of the Philippines,SBN-727,"AN ACT AMENDING REPUBLIC ACT NO. 7305, OTHERWISE KNOWN AS THE MAGNA CARTA FOR PUBLIC HEALTH WORKERS AND FOR OTHER PURPOSES",PENDING IN THE COMMITTEE DATE : 8/23/2022
324,"Ronald ""Bato"" M. Dela Rosa",Senator Senate of the Philippines,SBN-728,"AN ACT INCREASING THE RECRUITMENT QUOTA REQUIREMENT OF FEMALE PHILIPPINE NATIONAL POLICE (PNP) OFFICERS, AMENDING SECTION 58 OF REPUBLIC ACT NO. 8551, APPROPRIATING FUNDS THEREFOR, AND FOR OTHER PURPOSES",PENDING IN THE COMMITTEE DATE : 8/23/2022
324,"Ronald ""Bato"" M. Dela Rosa",Senator Senate of the Philippines,SBN-893,"AN ACT PROVIDING FOR A COMPREHENSIVE CHEMICAL ENGINEERING LAW AND REPEALING FOR THAT PURPOSE REPUBLIC ACT NO. 9297, OTHERWISE KNOWN AS THE CHEMICAL ENGINEERING ACT OF 2004",PENDING IN THE COMMITTEE DATE : 8/31/2022
324,"Ronald ""Bato"" M. Dela Rosa",Senator Senate of the Philippines,SBN-894,"AN ACT CREATING THE LAKE LANAO DEVELOPMENT AUTHORITY DEFINING ITS POWERS, FUNCTIONS, AND DUTIES, APPROPRIATING FUNDS THEREFOR
AND FOR OTHER PURPOSES",PENDING IN THE COMMITTEE DATE : 8/31/2022
324,"Ronald ""Bato"" M. Dela Rosa",Senator Senate of the Philippines,SBN-895,AN ACT PROMOTING INTEGRATED URBAN FARMING TO ADDRESS FOOD SECURITY CONCERNS AND LIVELIHOOD OPPORTUNITIES AND APPROPRIATING FUNDS THEREFOR,PENDING IN THE COMMITTEE DATE : 8/31/2022
324,"Ronald ""Bato"" M. Dela Rosa",Senator Senate of the Philippines,SBN-896,AN ACT PROVIDING FREE LEGAL ASSISTANCE TO OFFICERS AND ENLISTED PERSONNEL OF THE ARMED FORCES OF THE PHILIPPINES AND THE PHILIPPINE NATIONAL POLICE,PENDING IN THE COMMITTEE DATE : 8/31/2022
324,"Ronald ""Bato"" M. Dela Rosa",Senator Senate of the Philippines,SBN-980,"AN ACT TO ENHANCE THE CAPACITY AND STREAMLINE ORGANIZATIONAL ROLE OF THE DEPARTMENT OF NATIONAL DEFENSE AND ITS BUREAUS, APPROPRIATING FUNDS THEREFOR AND FOR OTHER PURPOSES",PENDING IN THE COMMITTEE DATE : 9/5/2022
324,"Ronald ""Bato"" M. Dela Rosa",Senator Senate of the Philippines,SJR-1,"JOINT RESOLUTION EXTENDING THE LIFE OF THE CONGRESSIONAL OVERSIGHT COMMITTEE ON DANGEROUS DRUGS, CONSTITUTED PURSUANT TO SECTION 95 OF REPUBLIC ACT NO. 9165, AS AMENDED, OTHERWISE KNOWN AS THE 'COMPREHENSIVE DANGEROUS ACT OF 2002', TO ANOTHER TEN (10) YEARS FROM JULY 4, 2022 TO
JULY 4, 2032",PENDING IN THE COMMITTEE DATE : 9/27/2022
324,"Ronald ""Bato"" M. Dela Rosa",Senator Senate of the Philippines,SRN-150,"RESOLUTION DIRECTING THE SENATE COMMITTEE ON PUBLIC WORKS, TO CONDUCT AN INQUIRY, IN AID OF LEGISLATION, ON THE STRUCTURAL INTEGRITY OF ALL BUILDINGS, BRIDGES, ROADS, RAILWAYS, SCHOOLS, HOSPITALS, CHURCHES, AND OTHER INFRASTRUCTURES, AFTER THE 7.0 MAGNITUDE EARTHQUAKE THAT HIT NORTHERN LUZON, IN ORDER TO INSTITUTE MEASURES WOULD MAKE THE INFRASTRUCTURES IN THE COUNTRY DISASTER RESILIENT, AND ENSURE THE SAFETY OF THE GENERAL PUBLIC IN CASE OF NATURAL AND MAN-MADE CALAMITIES",PENDING IN THE COMMITTEE DATE : 8/23/2022
324,"Ronald ""Bato"" M. Dela Rosa",Senator Senate of the Philippines,SRN-188,RESOLUTION HONORING AND COMMENDING THE METROBANK FOUNDATION OUTSTANDING FILIPINOS OF 2022,"CONSOLIDATED WITH ADOPTED RESOLUTION DATE : 9/13/2022
Consolidated with SRN-106 which was adopted as RESOLUTION NO. 17."
324,"Ronald ""Bato"" M. Dela Rosa",Senator Senate of the Philippines,SRN-239,"RESOLUTION HONORING THE LIFE OF SERVICE OF BULACAN RESCUE TEAM MEMBERS GEORGE E. AGUSTIN, TROY JUSTIN P. AGUSTIN, MARBY A. BARTOLOME, JERSON L. RESURRECCION, AND NARCISO CALAYAG, JR., AND EXPRESSING THE PROFOUND SYMPATHY AND SINCERE CONDOLENCES OF THE SENATE ON THEIR UNFORTUNATE PASSING","CONSOLIDATED WITH ADOPTED RESOLUTION DATE : 9/27/2022
Consolidated with SRN-233 which was adopted as RESOLUTION NO. 19."
324,"Ronald ""Bato"" M. Dela Rosa",Senator Senate of the Philippines,SRN-65,"RESOLUTION DIRECTING THE APPROPRIATE SENATE COMMITTEE TO CONDUCT AN INQUIRY, IN AID OF LEGISLATION, ON THE IMPLEMENTATION OF LAWS GEARED TOWARDS THE MODERNIZATION OF THE PHILIPPINE AGRICULTURAL SECTOR, SUCH AS REPUBLIC ACT NO. 8435, OTHERWISE KNOWN AS THE 'AGRICULTURE AND FISHERIES MODERNIZATION ACT OF 1997,'  AND REPUBLIC ACT NO. 10601, OTHERWISE KNOWN AS THE
'AGRICULTURAL AND FISHERIES MECHANIZATION (AFMECH) LAW', WITH THE END IN VIEW OF IDENTIFYING POSSIBLE POLICY GAPS IN IMPROVING AND ACCELERATING SAID MODERNIZATION, THEREBY ADDRESSING PRODUCTIVITY, POVERTY, AND FOOD SECURITY",PENDING IN THE COMMITTEE DATE : 8/9/2022
324,"Ronald ""Bato"" M. Dela Rosa",Senator Senate of the Philippines,SRN-69,"RESOLUTION DIRECTING THE APPROPRIATE SENATE COMMITTEE TO CONDUCT AN INQUIRY, IN AID OF LEGISLATION, ON THE ALARMING RISING NUMBER OF TEXT SCAMS, WITH THE END IN VIEW OF RECOMMENDING LEGISLATIVE MEASURES THAT WOULD ENSURE THE PROTECTION AND SECURITY OF EVERY FILIPINO AGAINST CYBERCRIMES","CONSOLIDATED/SUBSTITUTED IN THE COMMITTEE REPORT DATE : 9/13/2022
Committee Report No.:5 Date:9/13/2022"
330,Imee R. Marcos,Senator Senate of the Philippines,SRN-198,RESOLUTION EXPRESSING THE PROFOUND SYMPATHY AND SINCERE CONDOLENCES OF THE SENATE OF THE PHILIPPINES ON THE DEATH OF QUEEN ELIZABETH II OF THE UNITED KINGDOM OF GREAT BRITAIN AND NORTHERN IRELAND,
330,Imee R. Marcos,Senator Senate of the Philippines,SBN-1013,"AN ACT ESTABLISHING THE BULACAN AIRPORT CITY SPECIAL ECONOMIC ZONE AND FREEPORT, PROVINCE OF BULACAN AND APPROPRIATING FUNDS THEREFOR",
330,Imee R. Marcos,Senator Senate of the Philippines,SBN-1112,"AN ACT FULFILLING THE EMANCIPATION OF AGRARIAN REFORM BENEFICIARIES FROM THE DEBT BURDEN THROUGH THE FREE AWARD OF AGRICULTURAL LANDS UNDER THE COMPREHENSIVE AGRARIAN REFORM PROGRAM, TO APPROPRIATE FUNDS THEREFOR, AND FOR OTHER PURPOSES",
330,Imee R. Marcos,Senator Senate of the Philippines,SBN-1120,"AN ACT STRENGTHENING THE NATIONAL PREPAREDNESS AND RESPONSE TO PANDEMIC, EPIDEMIC, AND OTHER PUBLIC HEALTH EMERGENCIES, CREATING A MEDICAL RESERVE CORPS THEREFOR, AND FOR OTHER PURPOSES",
330,Imee R. Marcos,Senator Senate of the Philippines,SBN-1122,"AN ACT ABOLISHING THE PHILIPPINE INTERNATIONAL TRADING CORPORATION (PITC), AND FOR OTHER PURPOSES",
330,Imee R. Marcos,Senator Senate of the Philippines,SBN-1123,"AN ACT ABOLISHING THE DEPARTMENT OF BUDGET AND MANAGEMENT ? PROCUREMENT SERVICE (DBM-PS), AND FOR OTHER PURPOSES",
330,Imee R. Marcos,Senator Senate of the Philippines,SBN-1155,"AN ACT PROMOTING AND MANDATING THE USAGE OF FILIPINO MUSIC IN HOTELS, RESORTS, AIRPORTS, RADIO STATIONS, RESTAURANTS, OTHER SIMILAR ESTABLISHMENTS, TOURIST BUSES, AND ALL FLIGHTS, INTERNATIONAL AND LOCAL, IN THE PHILIPPINES, PROVIDING PENALTIES THEREFOR, AND FOR OTHER PURPOSES",
330,Imee R. Marcos,Senator Senate of the Philippines,SBN-1156,"AN ACT PROVIDING FOR THE CONDUCT OF HYBRID NATIONAL, LOCAL, AND BANGSAMORO AUTONOMOUS REGION IN MUSLIM MINDANAO (BARRM) ELECTIONS, THROUGH
MANUAL-AUTOMATED VOTING, COUNTING, CANVASSING, CONSOLIDATION, AND TRANSMISSION, AMENDING FOR THE PURPOSE REPUBLIC ACT NO. 8436, AS AMENDED, AND FOR OTHER PURPOSES",
330,Imee R. Marcos,Senator Senate of the Philippines,SBN-1157,"AN ACT INCREASING THE AUTHORIZED EXPENSES OF CANDIDATES AND POLITICAL PARTIES, AMENDING FOR THE PURPOSE SECTION 13 OF REPUBLIC ACT NO. 7166, ENTITLED, ?AN ACT PROVIDING FOR SYNCHRONIZED NATIONAL AND LOCAL ELECTIONS AND FOR ELECTORAL REFORMS, AUTHORIZING APPROPRIATIONS THEREFOR, AND FOR OTHER PURPOSES",
330,Imee R. Marcos,Senator Senate of the Philippines,SBN-1158,"AN ACT STRENGTHENING THE INDEPENDENCE OF THE COMMISSION ON ELECTIONS, AMENDING FOR THE PURPOSE PERTINENT PROVISIONS OF BATAS PAMBANSA 881, OTHERWISE KNOWN AS THE ?OMNIBUS ELECTION CODE?, AS AMENDED, PROVIDING FUNDS THEREFOR, AND FOR OTHER PURPOSES",
330,Imee R. Marcos,Senator Senate of the Philippines,SBN-1159,"AN ACT AMENDING SECTION 11 OF REPUBLIC ACT NO. 9006, OTHERWISE KNOWN AS THE ?FAIR ELECTION ACT?, AS AMENDED BY REPUBLIC ACT NO. 11207, AND FOR OTHER PURPOSES",
330,Imee R. Marcos,Senator Senate of the Philippines,SBN-1160,"AN ACT PROVIDING ALTERNATIVE MODES OF VOTING FOR HIGHLY VULNERABLE SECTORS TO EXERCISE THEIR RIGHT OF SUFFRAGE, AMENDING FOR THE PURPOSE REPUBLIC ACT NO. 10366, PROVIDING FUNDS THEREFOR, AND FOR OTHER PURPOSES",
330,Imee R. Marcos,Senator Senate of the Philippines,SBN-1173,"AN ACT PROHIBITING UNTRACEABLE FIREARMS, PROVIDING PENALTIES THEREFOR, AND FOR OTHER PURPOSES",
330,Imee R. Marcos,Senator Senate of the Philippines,SBN-1174,"AN ACT AMENDING REPUBLIC ACT NO. 7941, ENTITLED ?AN ACT PROVIDING FOR THE ELECTION OF PARTY-LIST REPRESENTATIVES THROUGH THE PARTY-LIST SYSTEM, AND APPROPRIATING
FUNDS THEREFOR,?OTHERWISE KNOWN AS THE ?PARTY-LIST SYSTEM ACT?, AND FOR OTHER PURPOSES",
330,Imee R. Marcos,Senator Senate of the Philippines,SBN-1195,"AN ACT EXTENDING THE TERM OF OFFICE OF BARANGAY OFFICIALS AND MEMBERS OF THE SANGGUNIANG KABATAAN, AMENDING REPUBLIC ACT NO. 7160 OTHERWISE KNOWN AS ?THE LOCAL GOVERNMENT CODE OF 1991?, AS AMENDED, AND FOR OTHER PURPOSES",
330,Imee R. Marcos,Senator Senate of the Philippines,SBN-1196,"AN ACT TO ESTABLISH THE PHILIPPINE COAST GUARD ACADEMY, ALLOCATING FUNDS THEREFOR, AND FOR OTHER PURPOSES",
330,Imee R. Marcos,Senator Senate of the Philippines,SBN-1197,"AN ACT GRANTING SALARIES AND OTHER BENEFITS TO BARANGAY OFFICIALS, AND FOR OTHER PURPOSES",
330,Imee R. Marcos,Senator Senate of the Philippines,SBN-1198,"AN ACT EXPANDING THE GROUNDS FOR LEGAL SEPARATION, AMENDING FOR THIS PURPOSE CERTAIN PROVISIONS OF EXECUTIVE ORDER NO. 209 OR THE ?FAMILY CODE OF THE PHILIPPINES? AND FOR OTHER PURPOSES",
330,Imee R. Marcos,Senator Senate of the Philippines,SBN-1250,"AN ACT PROMOTING ONLINE TRANSACTIONS, SAFEGUARDING THE RIGHTS OF CONSUMERS AND MERCHANTS, AND FOR OTHER PURPOSES",
330,Imee R. Marcos,Senator Senate of the Philippines,SBN-1251,"AN ACT STRENGTHENING PUBLIC-PRIVATE PARTNERSHIPS, APPROPRIATING FUNDS THEREFOR, AND FOR OTHER PURPOSES",
330,Imee R. Marcos,Senator Senate of the Philippines,SBN-1252,"AN ACT EXEMPTING THE PHILIPPINE FILM AND MOVIE INDUSTRY FROM THE PAYMENT OF CERTAIN TAXES, AMENDING FOR THE PURPOSE CERTAIN PROVISIONS OF THE R.A. NO. 8424 OTHERWISE KNOWN AS THE 'NATIONAL INTERNAL REVENUE CODE OF THE PHILIPPINES, AS AMENDED, AND R.A. NO. 10863 OTHERWISE KNOWN AS THE CUSTOMS MODERNIZATION AND TARIFF ACT, AND FOR OTHER PURPOSES",
330,Imee R. Marcos,Senator Senate of the Philippines,SBN-1253,"AN ACT URGING THE PLANNING AND PROMOTION OF THE PHILIPPINE MANGO FOR INTERNATIONAL EXPORT ESTABLISHING THE MANGO EXPORT PROMOTION COUNCIL, AND PROVIDING FUNDS THEREFOR, AND FOR OTHER PURPOSES",
330,Imee R. Marcos,Senator Senate of the Philippines,SBN-1254,"AN ACT URGING THE COMPREHENSIVE PLANNING, DEVELOPMENT, AND EXPORT PROMOTION OF THE DRAGON FRUIT, AND PROVIDING FUNDS THEREFOR",
330,Imee R. Marcos,Senator Senate of the Philippines,SBN-1255,"AN ACT URGING THE COMPREHENSIVE PLANNING, DEVELOPMENT, AND EXPORT PROMOTION OF THE MORINGA (MORINGA OLEIFERA), LOCALLY KNOWN AS 'MALUNGGAY', AND PROVIDING FUNDS THEREFOR",
330,Imee R. Marcos,Senator Senate of the Philippines,SBN-1256,"AN ACT URGING THE PLANNING, EVALUATION, AND PROMOTION OF PINEAPPLES FOR INTERNATIONAL EXPORT, ESTABLISHING THE PINEAPPLE EXPORT DEVELOPMENT COUNCIL, AND PROVIDING FUNDS THEREFOR",
330,Imee R. Marcos,Senator Senate of the Philippines,SBN-1259,"AN ACT DECLARING PAOAY LAKE NATIONAL PARK LOCATED IN THE MUNICIPALITY OF PAOAY, ILOCOS NORTE AS A PROTECTED AREA UNDER THE CATEGORY PROTECTED LANDSCAPE, PROVIDING FOR ITS MANAGEMENT AND OTHER PURPOSES",
330,Imee R. Marcos,Senator Senate of the Philippines,SBN-1260,"AN ACT CONVERTING THE BISLIG DISTRICT HOSPITAL IN BISLIG CITY, PROVINCE OF SURIGAO DEL SUR INTO A MEDICAL CENTER TO BE KNOWN AS THE BISLIG CITY MEDICAL CENTER, INCREASING ITS BED CAPACITY FROM FIFTY (50) TO FIVE HUNDRED (500), UPGRADING ITS SERVICES AND FACILITIES AND PROFESSIONAL HEALTH CARE, AUTHORIZING THE INCREASE OF ITS MEDICAL PERSONNEL AND APPROPRIATING FUNDS THEREFOR",
330,Imee R. Marcos,Senator Senate of the Philippines,SBN-1261,AN ACT ESTABLISHING A HOSPITAL IN THE PROVINCE OF IFUGAO TO BE KNOWN AS THE EASTERN CORDILLERA REGIONAL HOSPITAL AND APPROPRIATING FUNDS THEREFOR,
330,Imee R. Marcos,Senator Senate of the Philippines,SBN-1262,AN ACT ESTABLISHING THE ILOCOS NORTE SPORTS INSTITUTE AND RESEARCH (INSPIRE) IN THE PROVINCE OF ILOCOS NORTE AND APPROPRIATING FUNDS THEREFOR  AND FOR OTHER PURPOSES,
330,Imee R. Marcos,Senator Senate of the Philippines,SBN-1263,"AN ACT ESTABLISHING PHILIPPINE HEART CENTERS IN CEBU FOR VISAYAS AND IN CAGAYAN DE ORO CITY FOR MINDANAO, PROVIDING FUNDS THEREFOR, AND FOR OTHER PURPOSES",
330,Imee R. Marcos,Senator Senate of the Philippines,SBN-1264,"AN ACT PROHIBITING DISCRIMINATION ON THE BASIS OF AGE, INDIGENOUS, RACIAL OR ETHNIC ORIGIN, RELIGIOUS BELIEF OR ACTIVITY, POLITICAL INCLINATION OR CONVICTION, SOCIAL CLASS, SEX, GENDER, SEXUAL ORIENTATION, SEX CHARACTERISTICS, GENDER IDENTITY, GENDER EXPRESSION, MARITAL OR RELATIONSHIP STATUS, DISABILITY, HIV STATUS, PROFESSION OR OCCUPATION, HEALTH STATUS OR MEDICAL HISTORY, LANGUAGE, PHYSICAL FEATURES, AND OTHER STATUS, AND PROVIDING PENALTIES THERFOR",
330,Imee R. Marcos,Senator Senate of the Philippines,SBN-1265,"AN ACT DECLARING PINSAL FALLS LOCATED IN THE MUNICIPALITY OF SAN NICOLAS, PROVINCE OF PANGASINAN, A TOURISM DESTINATION, PROVIDING FOR ITS DEVELOPMENT, AND APPROPRIATING FUNDS THEREFOR",
330,Imee R. Marcos,Senator Senate of the Philippines,SBN-1266,"AN ACT ESTABLISHING A TECHNICAL EDUCATION AND SKILLS DEVELOPMENT AUTHORITY (TESDA) TRAINING AND ASSESSMENT CENTER IN THE CITY OF MAASIN, PROVINCE OF SOUTHERN LEYTE, TO BE KNOWN AS THE MAASIN CITY TESDA TRAINING AND ASSESSMENT CENTER, AND APPROPRIATING FUNDS THEREFOR",
330,Imee R. Marcos,Senator Senate of the Philippines,SBN-1267,AN ACT ESTABLISHING A SPECIALTY HOSPITAL  IN CEBU CITY TO SPECIALIZE IN KIDNEY AND ALLIED DISEASES TO BE KNOWN AS THE VISAYAS KIDNEY INSTITUTE AND APPROPRIATING FUNDS THEREFOR,
330,Imee R. Marcos,Senator Senate of the Philippines,SBN-1268,AN ACT PROVIDING FOR THE ESTABLISHMENT OF A DISTRICT HOSPITAL IN ILIGAN CITY TO BE KNOWN AS THE ILIGAN CITY DISTRICT HOSPITAL AND APPROPRIATING FUNDS THEREFOR,
330,Imee R. Marcos,Senator Senate of the Philippines,SBN-1269,"AN ACT ESTABLISHING TECHNICAL EDUCATION AND SKILLS DEVELOPMENT AUTHORITY (TESDA) TRAINING AND ASSESSMENT CENTERS IN THE MUNICIPALITIES OF MANKAYAN, KIBUNGAN, KABAYAN, ATOK, ITOGON, AND TUBA, PROVINCE OF BENGUET, AND APPROPRIATING FUNDS THEREFOR",
330,Imee R. Marcos,Senator Senate of the Philippines,SBN-1302,"AN ACT INCREASING THE PENALTIES OF DECEPTIVE, UNFAIR, AND UNCONSCIONABLE SALES ACTS OR PRACTICES, PARTICULARLY IN TIMES OF CALAMITY, EMERGENCY CONFLICT AND DISTRESS, THEREBY AMENDING REPUBLIC ACT NO. 7394 OTHERWISE KNOWN AS THE CONSUMER ACT OF THE PHILIPPINES",
330,Imee R. Marcos,Senator Senate of the Philippines,SBN-1303,"AN ACT ALLOWING REMOTE NOTARIZATION AND AMENDING REPUBLIC ACT NO. 8792 OR OTHERWISE KNOWN AS THE ELECTRONIC COMMERCE ACT OF 2000, AND FOR OTHER PURPOSES",
330,Imee R. Marcos,Senator Senate of the Philippines,SBN-1304,"AN ACT URGING THE PLANNING, EVALUATION, AND PROMOTION OF BANANA FOR INTERNATIONAL EXPORT, ESTABLISHING THE BANANA EXPORT DEVELOPMENT COUNCIL, AND PROVIDING FUNDS THEREFOR",
330,Imee R. Marcos,Senator Senate of the Philippines,SBN-1305,"AN ACT ESTABLISHING THE DRUG PRICE REGULATORY BOARD TO REGULATE THE PRICES OF DRUGS AND MEDICINES IN THE PHILIPPINES AMENDING FOR THE PURPOSE REPUBLIC ACT NO. 9502, OTHERWISE KNOWN AS THE UNIVERSALLY ACCESSIBLE CHEAPER AND QUALITY MEDICINES ACT OF 2008 AND FOR OTHER PURPOSES",
330,Imee R. Marcos,Senator Senate of the Philippines,SBN-1326,"AN ACT IMPLEMENTING A LIFELINE RATE FOR INTERNET SERVICES, AMENDING FOR THIS PURPOSE SECTION 17 OF REPUBLIC ACT NO. 7925, OTHERWISE KNOWN AS THE PUBLIC TELECOMMUNICATIONS POLICY ACT OF THE PHILIPPINES",
330,Imee R. Marcos,Senator Senate of the Philippines,SBN-1327,"AN ACT MANDATING THE PROPER INSTALLATION AND MAINTENANCE OF OVERHEAD ELECTRIC DISTRIBUTION, COMMUNICATION LINES, AND RELATED STRUCTURES",
330,Imee R. Marcos,Senator Senate of the Philippines,SBN-1328,"AN ACT RECOGNIZING MOTORCYCLES AS PUBLIC UTILITY VEHICLES, AMENDING FOR THIS PURPOSE REPUBLIC ACT NO. 4136, OTHERWISE KNOWN AS THE LAND TRANSPORTATION AND TRAFFIC
CODE AND REPUBLIC ACT NO. 7160, OTHERWISE KNOWN AS THE LOCAL GOVERNMENT CODE, AS AMENDED, AND FOR OTHER PURPOSES",
330,Imee R. Marcos,Senator Senate of the Philippines,SBN-1329,"AN ACT IMPOSING A TOTAL BAN ON THE IMPORTATION OF WASTE AND ITS BY-PRODUCTS OR RESIDUES, AND PROVIDING PENALTIES THEREFOR",
330,Imee R. Marcos,Senator Senate of the Philippines,SBN-1330,"AN ACT CREATING THE PHILIPPINE RISE DEVELOPMENT AUTHORITY, DEFINING ITS POWERS AND FUNCTIONS, PROVIDING FUNDS THEREFOR, AND FOR OTHER PURPOSES",
330,Imee R. Marcos,Senator Senate of the Philippines,SBN-1331,AN ACT GRANTING PHILIPPINE CITIZENSHIP TO BRIAN TO,
330,Imee R. Marcos,Senator Senate of the Philippines,SBN-1332,"AN ACT GRANTING CIVIL SERVICE ELIGIBILITY TO GOVERNMENT EMPLOYEES WHOSE STATUS OF APPOINTMENT IS EITHER CASUAL OR CONTRACTUAL, AND WHO HAVE CONTINUOUSLY RENDERED AT LEAST SEVEN (7) YEARS OF EFFICIENT SERVICE",
330,Imee R. Marcos,Senator Senate of the Philippines,SBN-1365,"AN ACT INSTITUTIONALIZING AND STRENGTHENING THE NATIONAL CYBERSECURITY INTER-AGENCY COMMITTEE CREATED UNDER EXECUTIVE ORDER NO. 95 (S. 2019), RENAMING IT TO NATIONAL CYBERSECURITY COUNCIL, AND FOR OTHER PURPOSES",
330,Imee R. Marcos,Senator Senate of the Philippines,SBN-1366,"AN ACT MANDATING THE SECRETARIES OF THE DEPARTMENT OF FINANCE, NATIONAL ECONOMIC AND DEVELOPMENT AUTHORITY, AND DEPARTMENT OF BUDGET AND MANAGEMENT, AND THE GOVERNOR OF THE BANGKO SENTRAL NG PILIPINAS, TO APPEAR SEMI-ANNUALLY BEFORE CONGRESS TO REPORT ON THE STATUS AND DIRECTIONS OF THE FISCAL AND MONETARY POLICIES OF THE STATE",
330,Imee R. Marcos,Senator Senate of the Philippines,SBN-1367,"AN ACT AMENDING REPUBLIC ACT NO. 10173, OTHERWISE KNOWN AS THE 'DATA PRIVACY ACT OF 2012', AND FOR OTHER PURPOSES",
330,Imee R. Marcos,Senator Senate of the Philippines,SBN-1368,"AN ACT ENHANCING ADMINISTRATIVE FEASIBILITY AND EQUITABILITY OF THE TAX SYSTEM AND RATIONALIZING THE IMPOSITION OF THE VALUE-ADDED TAX TO ADDRESS INTERGENERATIONAL POVERTY, AMENDING FOR THE PURPOSE VARIOUS SECTIONS OF THE NATIONAL INTERNAL REVENUE CODE, AS AMENDED, AND FOR OTHER PURPOSES",
330,Imee R. Marcos,Senator Senate of the Philippines,SBN-1369,"AN ACT GRANTING BROADER AUTHORITY TO THE DEPARTMENT OF TRADE AND INDUSTRY IN THE IMPLEMENTATION OF ITS MANDATE TO COMBAT DECEPTIVE, UNFAIR AND UNCONSCIONABLE SALES ACTS OR PRACTICES, THEREBY AMENDING REPUBLIC ACT NO. 7394 OTHERWISE KNOWN AS THE 'CONSUMER ACT OF THE PHILIPPINES'",
330,Imee R. Marcos,Senator Senate of the Philippines,SBN-1370,"AN ACT ESTABLISHING IN THE MUNICIPALITY OF MAYOYAO, PROVINCE OF IFUGAO, A LEVEL II GENERAL HOSPITAL TO BE KNOWN AS THE EASTERN CORDILLERA REGIONAL HOSPITAL, INTEGRATING THEREWITH THE MAJOR FERDINAND EDRALIN MARCOS EMERGENCY HOSPITAL IN BARANGAY PANOPDOPAN, MUNICIPALITY OF LAMUT, IFUGAO, RETAINING ITS NAME AS SUCH, AND APPROPRIATING FUNDS THEREOF",
330,Imee R. Marcos,Senator Senate of the Philippines,SBN-1371,"AN ACT ESTABLISHING THE BATAAN CROP RESEARCH AND DEVELOPMENT CENTER ON THE CAMPUS OF THE BATAAN PENINSULA STATE UNIVERSITY IN THE MUNICIPALITY OF ABUCAY, PROVINCE OF BATAAN, AND APPROPRIATING FUNDS THEREFOR",
330,Imee R. Marcos,Senator Senate of the Philippines,SBN-1372,"AN ACT UPGRADING THE CEBU PROVINCIAL HOSPITAL IN THE CITY OF DANAO, PROVINCE OF CEBU INTO A LEVEL II GENERAL HOSPITAL TO BE KNOWN AS THE NORTH CEBU MEDICAL CENTER, INCREASING ITS BED CAPACITY, UPGRADING ITS PROFESSIONAL HEALTH CARE SERVICES AND FACILITIES, AUTHORIZING THE INCREASE OF ITS MEDICAL PERSONNEL AND APPROPRIATING FUNDS THE FUNDS THEREFOR",
330,Imee R. Marcos,Senator Senate of the Philippines,SBN-1411,"AN ACT DECLARING BARANGAY TALA IN THE MUNICIPALITY OF ORANI, PROVINCE OF BATAAN AN ECOTOURISM ZONE AND APPROPRIATING FUNDS THEREFOR",
330,Imee R. Marcos,Senator Senate of the Philippines,SBN-1412,"AN ACT DECLARING PILIS FALLS IN BARANGAY PALILI, MUNICIPALITY OF SAMAL, PROVINCE OF BATAAN AN ECOTOURISM SITE AND APPROPRIATING FUNDS THEREFOR",
330,Imee R. Marcos,Senator Senate of the Philippines,SBN-1413,"AN ACT SEPARATING THE SITIOS OF ILEB, NEW COLAYO VILLAGE, KINAMA AND NAMBARAN DAYA FROM BARANGAY NAMBARAN, CITY OF TABUK, PROVINCE OF KALINGA AND CONSTITUTING THEM INTO A SEPARATE AND INDEPENDENT BARANGAY TO BE KNOWN AS BARANGAY NAMBARAN EAST",
330,Imee R. Marcos,Senator Senate of the Philippines,SBN-1531,"AN ACT PRESCRIBING THE PRACTICE OF PROFESSION OF FOREIGN CITIZENS IN THE COUNTRY, PROVIDING A LIST THEREFOR, AND FOR OTHER PURPOSES",
330,Imee R. Marcos,Senator Senate of the Philippines,SBN-1532,AN ACT INSTITUTING A PROPERTY REGIME FOR COHABITING SAME SEX PARTNERS AND FOR OTHER PURPOSES,
330,Imee R. Marcos,Senator Senate of the Philippines,SBN-1533,"AN ACT EXPANDING THE PHILHEALTH OUTPATIENT COVERAGE ON DIALYSIS AND RENAL REPLACEMENT THERAPY, AND FOR OTHER PURPOSES",
330,Imee R. Marcos,Senator Senate of the Philippines,SBN-1534,"AN ACT DECLARING THE RIGHTS AND RESPONSIBILITIES OF PATIENTS, PROVIDING PENALTIES FOR VIOLATIONS THEREOF AND FOR OTHER PURPOSES",
330,Imee R. Marcos,Senator Senate of the Philippines,SBN-1535,"AN ACT EXTENDING THE PRESCRIPTIVE PERIOD OF OFFENSES UNDER THE VIOLENCE AGAINST WOMEN AND THEIR CHILDREN ACT, THE CRIME OF RAPE AND THE CRIMES CHARACTERIZED AS CRIMES AGAINST CHASTITY UNDER TITLE
ELEVEN OF THE REVISED PENAL CODE, AMENDING FOR THE PURPOSE SECTION TWENTY-FOUR OF REPUBLIC ACT NO. 9262, OTHERWISE KNOWN AS THE ANTI-VIOLENCE AGAINST WOMEN AND
THEIR CHIDLREN ACT OF 2004, AND ARTICLE 90 OF THE REVISED PENAL CODE, AS AMENDED",
330,Imee R. Marcos,Senator Senate of the Philippines,SBN-1548,"AN ACT DECLARING MT. KITUMMAN LOCATED
IN BARANGAY TUNGNGOD IN THE MUNICIPALITY OF LAGAWE, PROVINCE OF IFUGAO, AN ECOTOURISM DESTINATION, AND APPROPRIATING FUNDS THEREFOR",
330,Imee R. Marcos,Senator Senate of the Philippines,SBN-1549,"AN ACT CREATING A BARANGAY TO BE KNOWN AS BARANGAY COCOY IN THE MUNICIPALITY OF TINOC, PROVINCE OF IFUGAO",
330,Imee R. Marcos,Senator Senate of the Philippines,SBN-1550,"AN ACT ESTABLISHING A TECHNICAL EDUCATION SKILLS DEVELOPMENT AUTHORITY (TESDA) TRAINING AND ASSESSMENT CENTER IN THE MUNICIPALITY OF BANNA, PROVINCE OF ILOCOS NORTE, TO BE KNOWNS AS THE BANNA, ILOCOS NORTE TESDA TRAINING AND ASSESSMENT CENTER, AND APPROPRIATING FUNDS THEREFOR",
330,Imee R. Marcos,Senator Senate of the Philippines,SBN-1575,"AN ACT ESTABLISHING THE SPECIAL ECONOMIC ZONE AND FREEPORT IN THE PROVINCE OF ILOCOS NORTE, CREATING FOR THIS PURPOSE THE ILOCOS NORTE SPECIAL ECONOMIC ZONE AND FREEPORT AUTHORITY, AND APPROPRIATING FUNDS THEREFOR",
330,Imee R. Marcos,Senator Senate of the Philippines,SBN-1591,"AN ACT ESTABLISHING A PHILIPPINE SCIENCE HIGH SCHOOL CAMPUS IN THE MUNICIPALITY OF IGUIG, PROVINCE OF CAGAYAN AND APPROPRIATING FUNDS THEREFOR",
330,Imee R. Marcos,Senator Senate of the Philippines,SBN-1597,"AN ACT ESTABLISHING THE MARINDUQUE SPECIAL ECONOMIC ZONE IN THE MUNICIPALITY OF SANTA CRUZ, PROVINCE OF MARINDUQUE, CREATING FOR THE PURPOSE THE MARINDUQUE SPECIAL ECONOMIC ZONE AUTHORITY, APPROPRIATING FUNDS THEREFOR AND FOR OTHER PURPOSES",
330,Imee R. Marcos,Senator Senate of the Philippines,SBN-1598,"AN ACT ESTABLISHING A SPECIAL ECONOMIC ZONE IN THE MUNICIPALITIES OF SAN JOSE AND MAGSAYSAY, PROVINCE OF OCCIDENTAL MINDORO, CREATING FOR THE PURPOSE THE OCCIDENTAL MINDORO SPECIAL ECONOMIC ZONE AUTHORITY, AND APPROPRIATING FUNDS THEREFOR",
330,Imee R. Marcos,Senator Senate of the Philippines,SBN-1599,"AN ACT ESTABLISHING A SPECIAL ECONOMIC ZONE IN A PORTION OF THE SALOMAGUE COVE AND IN THE MUNICIPALITIES OF SAN JUAN AND CABUGAO, PROVINCE OF ILOCOS SUR, CREATING FOR THE PURPOSE THE ILOCOS SUR SPECIAL ECONOMIC ZONE AUTHORITY, AND APPROPRIATING FUNDS THEREFOR",
330,Imee R. Marcos,Senator Senate of the Philippines,SBN-1605,"AN ACT CONVERTING AND EXPANDING THE LEYTE INDUSTRIAL DEVELOPMENT ESTATE INTO THE LEYTE ECOLOGICAL INDUSTRIAL ZONE, CREATING FOR THIS PURPOSE THE LEYTE ECOLOGICAL INDUSTRIAL ZONE AUTHORITY, AND APPROPRIATING FUNDS THEREFOR",
330,Imee R. Marcos,Senator Senate of the Philippines,SBN-1622,"AN ACT UPGRADING THE BANGUI DISTRICT HOSPITAL IN BARANGAY ABACA, MUNICIPALITY OF BANGUI IN THE PROVINCE OF ILOCOS NORTE, INTO A LEVEL II HOSPITAL, AND APPROPRIATING FUNDS THEREFOR",
330,Imee R. Marcos,Senator Senate of the Philippines,SBN-1659,"AN ACT CREATING THE TRABAHO SA ORAS NG PAGBANGON PROGRAM, APPROPRIATING FUNDS THEREFOR, AND FOR OTHER PURPOSES",
330,Imee R. Marcos,Senator Senate of the Philippines,SBN-1660,"AN ACT FULFILLING THE EMANCIPATION OF AGRARIAN REFORM BENEFICIARIES FROM THE DEBT BURDEN THROUGH THE SUBROGATION BY THE NATIONAL GOVERNMENT OF AGRARIAN REFORM BENEFICIARIES UNDER THE VOLUNTARY LAND TRANSFER AND DIRECT PAYMENT SCHEMES AND THE ASSUMPTION OF THEIR
DEBTS THEREUNDER, TO APPROPRIATE FUNDS THEREFOR, AND FOR OTHER PURPOSES",
330,Imee R. Marcos,Senator Senate of the Philippines,SBN-1661,"AN ACT FULFILLING THE EMANCIPATION OF AGRARIAN REFORM BENEFICIARIES FROM THE DEBT BURDEN THROUGH THE FREE AWARD OF AGRICULTURAL LANDS UNDER THE COMPREHENSIVE AGRARIAN REFORM PROGRAM, TO APPROPRIATE FUNDS THEREFOR, AND FOR OTHER PURPOSES",
330,Imee R. Marcos,Senator Senate of the Philippines,SBN-1662,"AN ACT EMANCIPATING AGRARIAN REFORM BENEFICIARIES FROM THE DEBT BURDEN BY CONDONING UNPAID AMORTIZATIONS AND INTERESTS ON AGRICULTURAL LANDS AWARDED UNDER THE COMPREHENSIVE AGRARIAN REFORM PROGRAM AND OTHER AGRARIAN REFORM PROGRAMS, TO APPROPRIATE FUNDS THEREFOR, AND FOR OTHER PURPOSES",
330,Imee R. Marcos,Senator Senate of the Philippines,SBN-1663,"AN ACT PENALIZING FINTECH CRIME, PROVIDING PENALTIES THEREFOR, AND FOR OTHER PURPOSES",
330,Imee R. Marcos,Senator Senate of the Philippines,SBN-1664,"AN ACT PENALIZING PERSONS WHO SHALL COMMIT PROHIBITED ACTS DURING A STATE OF PUBLIC HEALTH EMERGENCY, AND FOR OTHER PURPOSES",
330,Imee R. Marcos,Senator Senate of the Philippines,SBN-1665,"AN ACT DECLARING THE 9TH OF AUGUST AS NATIONAL INDIGENOUS PEOPLES DAY, A SPECIAL NON-WORKING HOLIDAY, AND THE MONTH OF AUGUST AS NATIONAL INDIGENOUS PEOPLES MONTH",
330,Imee R. Marcos,Senator Senate of the Philippines,SBN-1666,"AN ACT STRENGTHENING THE PHILIPPINE CROP INSURANCE CORPORATION (PCIC), REPEALING FOR THE PURPOSE PRESIDENTIAL DECREE NO. 1467, ENTITLED CREATING THE 'PHILIPPINE CROP INSURANCE CORPORATION PRESCRIBING ITS POWERS AND ACTIVITIES, PROVIDING FOR ITS CAPITALIZATION AND FOR THE REQUIRED GOVERNMENT PREMIUM SUBSIDY, AND FOR OTHER PURPOSES, AS AMENDED BY PRESIDENTIAL DECREE NO. 1733 AND REPUBLIC ACT NO. 8175",
330,Imee R. Marcos,Senator Senate of the Philippines,SBN-1710,AN ACT ENABLING BANKS TO EXPAND SERVICE DELIVERY CHANNELS THROUGH CASH AGENTS AND PROVIDING GUIDELINES THEREFOR,
330,Imee R. Marcos,Senator Senate of the Philippines,SBN-1712,"AN ACT STRENGTHENING THE PHILIPPINE RETIREMENT AUTHORITY, EXPANDING ITS POWERS AND FOR OTHER PURPOSES",
330,Imee R. Marcos,Senator Senate of the Philippines,SBN-1713,"AN ACT STRENGTHENING THE NATIONAL HOUSING AUTHORITY, EXTENDING ITS CORPORATE TERM, AND AMENDING FOR THIS PURPOSE PRESIDENTIAL DECREE NO. 757 (P.D. 757), CREATING THE NATIONAL HOUSING AUTHORITY AND DISSOLVING THE EXISTING HOUSING AGENCIES, DEFINING ITS POWERS AND FUNCTIONS, PROVIDING FUNDS THEREFOR, AND OTHER PURPOSES",
330,Imee R. Marcos,Senator Senate of the Philippines,SBN-1714,AN ACT ESTABLISHING A RESULTS-BASED NATIONAL EVALUATION POLICY (RBNEP),
330,Imee R. Marcos,Senator Senate of the Philippines,SBN-1715,"AN ACT EXPANDING THE FUNCTION OF THE LUPONG TAGAPAMAYAPA, THEREBY AMENDING REPUBLIC ACT NO. 7160 OTHERWISE KNOWN AS THE LOCAL GOVERNMENT CODE, AND FOR OTHER PURPOSES",
330,Imee R. Marcos,Senator Senate of the Philippines,SBN-1716,"AN ACT SAFEGUARDING THE TRADITIONAL PROPERTY RIGHTS OF INDIGENOUS PEOPLES, AND FOR OTHER PURPOSES",
330,Imee R. Marcos,Senator Senate of the Philippines,SBN-1718,"AN ACT AMENDING REPUBLIC ACT N0. 8172 OTHERWISE KNOWN AS AN ACT FOR SALT IODIZATION NATIONWIDE (ASIN), AND FOR OTHER PURPOSES",
330,Imee R. Marcos,Senator Senate of the Philippines,SBN-1719,"AN ACT AMENDING REPUBLIC ACT NO. 11232 OTHERWISE KNOWN AS, AN ACT PROVIDING FOR THE REVISED CORPORATION CODE OF THE PHILIPPINES, AND FOR OTHER PURPOSES",
330,Imee R. Marcos,Senator Senate of the Philippines,SBN-1720,"AN ACT PROVIDING IMMUNITY FROM ALL TAXES THE SALE OF FERTILIZERS AND PESTICIDES TO ALL FARMERS, WHETHER CORPORATE OR OTHERWISE, AND FOR OTHER PURPOSES",
330,Imee R. Marcos,Senator Senate of the Philippines,SBN-1721,"AN ACT AMENDING SECTIONS 34, 110, 113, 237-A,
255, 256, AND 257 OF THE NATIONAL INTERNAL REVENUE CODE, AS AMENDED, AND FOR OTHER PURPOSES",
330,Imee R. Marcos,Senator Senate of the Philippines,SBN-1722,"AN ACT PROMOTING PLASMA DONATION AND COLLECTION, ESTABLISHING PLASMA BANKS, APPROPRIATING FUNDS THEREFOR, AND FOR OTHER PURPOSES",
330,Imee R. Marcos,Senator Senate of the Philippines,SBN-1723,"AN ACT PROMOTING AND REGULATING THE DONATION OF UMBILICAL CORD BLOOD, APPROPRIATING FUNDS THEREFOR, AND FOR OTHER PURPOSES",
330,Imee R. Marcos,Senator Senate of the Philippines,SBN-1734,"AN ACT AMENDING SECTION 213, SECTION 213.1, SECTION 213.2, SECTION 213.3, SECTION 213.4, SECTION 213.5, AND SECTION 213.6 OF REPUBLIC ACT NO. 8293, OTHERWISE KNOWN AS THE INTELLECTUAL PROPERTY CODE OF THE PHILIPPINES, AS AMENDED BY REPUBLIC ACT NO. 10372, AND FOR OTHER PURPOSES",
330,Imee R. Marcos,Senator Senate of the Philippines,SBN-1735,"AN ACT ESTABLISHING A TECHNICAL EDUCATION AND SKILLS DEVELOPMENT AUTHORITY (TESDA) TRAINING AND ASSESSMENT CENTER IN THE MUNICIPALITY OF KAWAYAN, PROVINCE OF BILIRAN, TO BE KNOWN AS THE KAWAYAN TESDA TRAINING AND ASSESSMENT CENTER, AND APPROPRIATING FUNDS THEREFOR",
330,Imee R. Marcos,Senator Senate of the Philippines,SBN-1736,"AN ACT DECLARING DIKET FALLS IN THE MUNICIPALITY OF UMINGAN, PROVINCE OF PANGASINAN AS TOURIST DESTINATION, PROVIDING FOR ITS DEVELOPMENT AND APPROPRIATING FUNDS THEREFOR",
330,Imee R. Marcos,Senator Senate of the Philippines,SBN-1737,"AN ACT SEPARATING THE SITIOS OF BOTIGUE FROM BARANGAY MAN-ATONG IN THE MUNICIPALITY OF SUYO, PROVINCE OF ILOCOS SUR AND CONSTITUTING IT INTO A DISTINCT AND INDEPENDENT BARANGAY TO BE KNOWN AS BARANGAY BUTACKAINGGIAN,
BUTAC, COSCOSNONG, LONGBOY, BANGCAG, AND",
330,Imee R. Marcos,Senator Senate of the Philippines,SBN-1739,"AN ACT SEPARATING THE SITIOS OF KIMBUAYA, LONGBOY, BULALA, KINAPIAN, INDADANGAN, KUMANIBE AND MACAAG FROM BARANGAY SUYO PROPER IN THE MUNICIPALITY OF SUYO, PROVINCE OF ILOCOS SUR AND CONSTITUTING IT INTO A DISTINCT AND INDEPENDENT BARANGAY TO BE KNOWN AS BARANGAY KINAPIAN",
330,Imee R. Marcos,Senator Senate of the Philippines,SBN-1740,"AN ACT DECLARING THE KAPARKAN FALLS IN BARANGAY CAGANAYAN, MUNICIPALITY OF TINEG, PROVINCE OF ABRA AN ECOTOURISM SITE, ESTABLISHING THE KAPARKAN FALLS DEVELOPMENT COUNCIL, AND APPROPRIATING FUNDS THEREFOR",
330,Imee R. Marcos,Senator Senate of the Philippines,SBN-1741,"AN ACT ESTABLISHING A TECHNICAL EDUCATIONAL AND SKILLS DEVELOPMENT AUTHORITY (TESDA) TRAINING AND ASSESSMENT CENTER IN THE MUNICIPALITY OF MAYOYAO, PROVINCE OF IFUGAO TO BE KNOWN AS THE MAYOYAO, IFUGAO PROVINCE TESDA TRAINING AND ASSESSMENT CENTER, AND APPROPRIATING FUNDS THEREFOR",
330,Imee R. Marcos,Senator Senate of the Philippines,SBN-1742,"AN ACT ESTABLISHING A TECHNICAL EDUCATION AND SKILLS DEVELOPMENT AUTHORITY (TESDA) TRAINING AND ASSESSMENT CENTER IN THE MUNICIPALITY OF BACARRA, PROVINCE OF ILOCOS NORTE, TO BE KNOWN AS THE BACARRA, ILOCOS NORTE TESDA TRAINING AND ASSESSMENT CENTER, AND APPROPRIATING FUNDS THEREFOR",
330,Imee R. Marcos,Senator Senate of the Philippines,SBN-1743,"AN ACT DECLARING THE PARAISO TI CARIBQUIB LOCATED IN SITIO DARAMUANGAN, BARANGAY CARIBQUIB, MUNICIPALITY OF BANNA, PROVINCE OF I LOCOS NORTE, AN ECOTOURISM DESTINATION, PROVIDING FOR ITS DEVELOPMENT AND APPROPRIATING FUNDS THEREFOR",
330,Imee R. Marcos,Senator Senate of the Philippines,SBN-1744,AN ACT DECLARING THE PROVINCE OF ILOCOS NORTE AS THE GARLIC CAPITAL OF THE PHILIPPINES,
330,Imee R. Marcos,Senator Senate of the Philippines,SBN-1745,"AN ACT AMENDING SECTION 288 OF THE NATIONAL INTERNAL REVENUE CODE OF 1997, AS AMENDED, AND FOR OTHER PURPOSES",
330,Imee R. Marcos,Senator Senate of the Philippines,SBN-1748,"AN ACT CONVERTING THE UNIVERSITY OF THE PHILIPPINES VISAYAS TACLOBAN COLLEGE INTO AN AUTONOMOUS CONSTITUENT UNIVERSITY OF THE PHILIPPINES SYSTEM TO BE KNOWN AS THE UNIVERSITY OF THE PHILIPPINES TACLOBAN, APPROPRIATING FUNDS THEREFOR, AND FOR OTHER PURPOSES",
330,Imee R. Marcos,Senator Senate of the Philippines,SBN-1749,"AN ACT CREATING A BARANGAY TO BE KNOWN AS BARANGAY MADILAY-DILAY IN THE MUNICIPALITY OF TANAY, PROVINCE OF RIZAL",
330,Imee R. Marcos,Senator Senate of the Philippines,SBN-1751,"AN ACT PROVIDING FOR THE ESTABLISHMENT OF A RAILWAY SYSTEM IN THE EASTERN VISAYAS REGION, FROM ORMOC CITY, TO BAYBAY CITY, MAASIN CITY AND TO THE MUNICIPALITY OF SAN RICARDO IN THE PROVINCE OF SOUTHERN LEYTE, AND APPROPRIATING FUNDS THEREFOR",
330,Imee R. Marcos,Senator Senate of the Philippines,SBN-1752,AN ACT ESTABLISHING THE ORMOC CITY LUNG CENTER AND APPROPRIATING FUNDS THEREFOR,
330,Imee R. Marcos,Senator Senate of the Philippines,SBN-1755,"AN ACT CREATING A BARANGAY TO BE KNOWN AS BARANGAY DENGAO IN THE MUNICIPALITY OF TINOC, PROVINCE OF IFUGAO, AND APPROPRIATING FUNDS THEREOF",
330,Imee R. Marcos,Senator Senate of the Philippines,SBN-1756,"AN ACT ESTABLISHING A HOSPITAL IN THE MUNICIPALITY OF CALASIAO PROVINCE OF PANGASINAN, TO BE KNOWN AS THE CALASIAO DISTRICT HOSPITAL, AND APPROPRIATING FUNDS THEREFOR",
330,Imee R. Marcos,Senator Senate of the Philippines,SBN-1757,"AN ACT PROVIDING FOR THE CONVERSION OF THE SUYO-SIGAY-DEL PILAR ROAD, LOCATED IN THE PROVINCE OF ILOCOS SUR INTO A NATIONAL ROAD AND APPROPRIATING FUNDS THEREFOR",
330,Imee R. Marcos,Senator Senate of the Philippines,SBN-1758,"AN ACT CONVERTING THE PROVINCIAL ROAD STRETCHING FROM BARANGAY
MABINI-PINTOR-UNION, MUNICIPALITY OF GAMU TO MANGCURAM- LULLUTAN, CITY OF ILAGAN, ALL OF THE PROVINCE OF ISABELA INTO A NATIONAL ROAD, AND APPROPRIATING FUNDS THEREFOR",
330,Imee R. Marcos,Senator Senate of the Philippines,SBN-1759,"AN ACT REVERTING THE NAME OF BARANGAY SAN MARIANO IN THE MUNICIPALITY OF BANTAY, PROVINCE OF ILOCOS SUR, TO ITS ORIGINAL NAME BARANGAY SALLACONG",
330,Imee R. Marcos,Senator Senate of the Philippines,SBN-1770,"AN ACT CREATING A BARANGAY TO BE KNOWN AS BARANGAY IBAYONG IN THE MUNICIPALITY OF BANAUE, PROVINCE OF IFUGAO",
330,Imee R. Marcos,Senator Senate of the Philippines,SBN-1771,AN ACT CONVERTING THE MOUNTAIN PROVINCE - ILOCOS SUR ROAD VIA DACUDAC-PILIPIL ROAD INTO A NATIONAL ROAD AND APPROPRIATING FUNDS THEREFOR,
330,Imee R. Marcos,Senator Senate of the Philippines,SBN-1772,"AN ACT ESTABLISHING TECHNICAL EDUCATION AND SKILLS DEVELOPMENT AUTHORITY (TESDA) TRAINING AND ASSESSMENT CENTERS IN THE MUNICIPALITY OF LIB30 PROVINCE OF DINAGAT ISLANDS, AND APPROPRIATING FUNDS THEREFOR",
330,Imee R. Marcos,Senator Senate of the Philippines,SBN-1773,"AN ACT ESTABLISHING A TECHNICAL EDUCATION SKILLS DEVELOPMENT AUTHORITY (TESDA) TRAINING AND ASSESSMENT CENTER IN THE CITY OF ANTIPOLO, PROVINCE OF RIZAL, TO BE KNOWNS AS THE ANTIPOLO CITY TESDA TRAINING CENTER AND ASSESSMENT CENTER, AND APPROPRIATING FUNDS THEREFOR",
330,Imee R. Marcos,Senator Senate of the Philippines,SBN-178,"AN ACT FULFILLING THE EMANCIPATION OF TENANTS FROM THE BONDAGE OF THE SOIL, AMENDING P.D. NO. 27, AND R.A. NO. 6657, AS AMENDED, AMONG OTHERS, AND FOR OTHER PURPOSES",
330,Imee R. Marcos,Senator Senate of the Philippines,SBN-1780,"AN ACT SEPARATING THE IFUGAO STATE UNIVERSITY (IFSU) - POTIA CAMPUS IN THE MUNICIPALITY OF ALFONSO LISTA, PROVINCE OF IFUGAO, FROM THE IFSU IN THE MUNICIPALITY
OF LAMUT, PROVINCE OF IFUGAO, CONVERTING IT INTO A STATE COLLEGE TO BE KNOWN AS THE EASTERN CORDILLERA STATE COLLEGE OF AGRICULTURE, SCIENCE AND TECHNOLOGY (ECSCAST), INTEGRATING THEREWITH THE
IFSU-LUPAO CAMPUS, HENCEWORTH TO BE
KNOWN AS THE ECSCAST-LUPAO CAMPUS, AND APPROPRIATING FUNDS THEREFOR",
330,Imee R. Marcos,Senator Senate of the Philippines,SBN-1781,AN ACT DIVIDING BARANGAY POBLACION IN THE MUNICIPALITY OF LA PAZ PROVINCE OF ABRA INTO DISTINCT AND INDEPENDENT BARANGAYS TO BE KNOWN AS BARANGAY NORTH POBLACION AND BARANGAY SOUTH POBLACION,
330,Imee R. Marcos,Senator Senate of the Philippines,SBN-1782,"AN ACT CONVERTING THE LA PAZ DISTRICT HOSPITAL IN THE MUNICIPALITY OF LA PAZ, PROVINCE OF ABRA INTO A GENERAL HOSPITAL UNDER THE FULL AUTHORITY AND TECHNICAL SUPERVISION OF THE DEPARTMENT OF HEALTH TO BE KNOWN AS THE LA PAZ GENERAL HOSPITAL, INCREASING ITS BED CAPACITY FROM TWENTY-FIVE (25) BEDS TO ONE HUNDRED (100) BEDS, AND APPROPRIATING FUNDS THEREFOR",
330,Imee R. Marcos,Senator Senate of the Philippines,SBN-1783,"AN ACT CONVERTING THE BESAO, MOUNTAIN PROVINCE - TUBO, ABRA ROAD INTO A NATIONAL ROAD AND APPROPRIATING FUNDS THEREFOR",
330,Imee R. Marcos,Senator Senate of the Philippines,SBN-1787,"AN ACT ESTABLISHING THE ELECTRONIC HEALTH OR EHEALTH SYSTEM AND SERVICES IN SUPPORT OF UNIVERSAL HEALTH CARE USING INFORMATION AND COMMUNICATIONS TECHNOLOGY, AND APPROPRIATING FUNDS THEREFOR",
330,Imee R. Marcos,Senator Senate of the Philippines,SBN-1788,"AN ACT ESTABLISHING A COLLEGE OF MEDICINE IN THE BENGUET STATE UNIVERSITY LOCATED IN THE MUNICIPALITY OF LA TRINIDAD, PROVINCE OF BENGUET, TO BE KNOWN AS THE BENGUET STATE UNIVERSITY COLLEGE OF MEDICINE, AND APPROPRIATING FUNDS THEREFOR",
330,Imee R. Marcos,Senator Senate of the Philippines,SBN-1789,"AN ACT PROVIDING FOR THE CONVERSION OF THE CANDON-SANTIAGO-SAN ESTEBAN COASTAL ROAD, LOCATED IN THE PROVINCE OF ILOCOS SUR INTO A NATIONAL ROAD AND APPROPRIATING FUNDS THEREFOR",
330,Imee R. Marcos,Senator Senate of the Philippines,SBN-179,AN ACT PROVIDING FOR THE NEW OMNIBUS ELECTION CODE OF 2022,
330,Imee R. Marcos,Senator Senate of the Philippines,SBN-1790,AN ACT CONVERTING THE MUNICIPALITY OF BAYAMBANG INTO A COMPONENT CITY OF THE PROVINCE OF PANGASINAN TO BE KNOWN AS THE CITY OF BAYAMBANG,
330,Imee R. Marcos,Senator Senate of the Philippines,SBN-1800,"AN ACT ESTABLISHING A SPECIAL ECONOMIC ZONE AND FREE PORT IN ORMOC CITY, PROVINCE OF LEYTE TO BE KNOWN AS THE EASTERN VISAYAS SPECIAL ECONOMIC ZONE AND FREE PORT, AND APPROPRIATING FUNDS THEREFOR",
330,Imee R. Marcos,Senator Senate of the Philippines,SBN-1801,"AN ACT TO PROMOTE AND ENHANCE THE DOUBLING OF INCOME OF FARMERS, APPROPRIATING FUNDS THEREFOR, AND FOR OTHER PURPOSES",
330,Imee R. Marcos,Senator Senate of the Philippines,SBN-181,"AN ACT STRENGTHENING DOMESTIC HEALTHCARE MANUFACTURING INDUSTRIES, PROVIDING FOR THE PROTECTION AGAINST PANDEMIC, AND FOR OTHER PURPOSES",
330,Imee R. Marcos,Senator Senate of the Philippines,SBN-182,"AN ACT ESTABLISHING THE CITIZEN SERVICE PROGRAM, AMENDING REPUBLIC ACT NO. 9163 OTHERWISE KNOWN AS THE ?NATIONAL SERVICE TRAINING PROGRAM (NSTP) ACT OF 2001,? AND FOR OTHER PURPOSES",
330,Imee R. Marcos,Senator Senate of the Philippines,SBN-1822,"AN ACT STRENGTHENING THE INTERNAL AFFAIRS SERVICE (IAS) OF THE PHILIPPINE NATIONAL POLICE (PNP), AMENDING FOR THE PURPOSE REPUBLIC ACT NO. 8551, OTHERWISE KNOWN AS THE PHILIPPINE NATIONAL POLICE REFORM AND REORGANIZATION ACT OF 1998",
330,Imee R. Marcos,Senator Senate of the Philippines,SBN-1823,"AN ACT CONSOLIDATING THE LOAN ALLOCATION PROVIDED FOR AGRICULTURE AND FISHERIES CREDIT AND AGRARIAN REFORM
BENEFICIARIES, AND INCREASING THE PENALTIES ON LENDING INSTITUTIONS FOR
NON-COMPLIANCE AND UNDERCOMPLIANCE WITH THE PROVISIONS OF REPUBLIC ACT NO. 10000, OTHERWISE KNOWN AS THE AGRI-AGRA REFORM CREDIT ACT OF 2009, AMENDING FOR THE PURPOSE SECTION 6 AND SECTION 10 THEREOF, AND FOR OTHER PURPOSE",
330,Imee R. Marcos,Senator Senate of the Philippines,SBN-1824,"AN ACT PROMOTING LAND VALUE CAPTURE IN THE PHILIPPINES, AND APPROPRIATING FUNDS THEREFOR",
330,Imee R. Marcos,Senator Senate of the Philippines,SBN-1825,"AN ACT MANDATING ANNUAL PSYCHIATRIC, PSYCHOLOGICAL DRUG AND PHYSICAL TESTS FOR POLICE OFFICERS, AMENDING FOR THIS PURPOSE REPUBLIC ACT NO. 6975, AS AMENDED, AND FOR OTHER PURPOSES",
330,Imee R. Marcos,Senator Senate of the Philippines,SBN-1829,"AN ACT CONVERTING THE MUNICIPALITY OF LA TRINIDAD, PROVINCE OF BENGUET INTO A COMPONENT CITY TO BE KNOWN AS THE CITY OF LA TRINIDAD",
330,Imee R. Marcos,Senator Senate of the Philippines,SBN-183,AN ACT PROMOTING OPEN ACCESS IN INTERNET SERVICES AND FOR OTHER PURPOSES,
330,Imee R. Marcos,Senator Senate of the Philippines,SBN-184,"AN ACT RECOGNIZING DIGITAL ASSETS, REQUIRING THE REGISTRATION OF DIGITAL ASSET ENTERPRISES, THEIR OPERATOS, AND FOR OTHER PURPOSES",
330,Imee R. Marcos,Senator Senate of the Philippines,SBN-185,"AN ACT CREATING THE WATER RESOURCES AND MANAGEMENT AUTHORITY, DEFINING ITS POWERS AND FUNCTIONS, PROVIDING FUNDS THEREFOR, AND FOR OTHER PURPOSES",
330,Imee R. Marcos,Senator Senate of the Philippines,SBN-1854,AN ACT DECLARING THE PROVINCE OF SOUTHERN LEYTE A TOURISM ZONE,
330,Imee R. Marcos,Senator Senate of the Philippines,SBN-186,"AN ACT CREATING THE NATIONAL RESILIENCY AND DISASTER MANAGEMENT AUTHORITY, PRESCRIBING ITS POWERS AND FUNCTIONS, APPROPRIATING FUND THEREFOR, AND FOR OTHER PURPOSES",
330,Imee R. Marcos,Senator Senate of the Philippines,SBN-187,"AN ACT GRANTING THE PRESIDENT OF THE PHILIPPINES THE POWER TO LOWER THE RATE OR SUSPEND THE IMPOSITION OF VALUE-ADDED TAX ON PETROLEUM PRODUCTS FOR A LIMITED PERIOD ON ONE (1) YEAR IN TIMES OF NATIONAL EMERGENCY OR STATE OF CALAMITY, AMENDING FOR THE PURPOSE SECTIONS 106 AND 107 OF THE NATIONAL INTERNAL REVENUE CODE, AS AMENDED",
330,Imee R. Marcos,Senator Senate of the Philippines,SBN-409,"AN ACT PROVIDING FOR THE MODERNIZATION AND CAPABILITY ENHANCEMENT OF THE PHILIPPINE NATIONAL POLICE, APPROPRIATING FUNDS THEREFOR, AND FOR OTHER PURPOSES",
330,Imee R. Marcos,Senator Senate of the Philippines,SBN-410,"AN ACT MODERNIZING THE BUREAU OF IMMIGRATION, DEFINING ITS POWERS AND FUNCTIONS, EXPANDING, RATIONALIZING AND FURTHER PROFESSIONALIZING ITS ORGANIZATION, UPGRADING THE COMPENSATION AND BENEFITS OF ITS OFFICIALS AND EMPLOYEES, AND APPROPRIATING FUNDS THEREFOR",
330,Imee R. Marcos,Senator Senate of the Philippines,SBN-411,AN ACT PROVIDING FOR GOVERNMENT FINANCIAL INSTITUTIONS UNIFIED INITIATIVES TO DISTRESSED ENTERPRISES FOR ECONOMIC RECOVERY (GUIDE),
330,Imee R. Marcos,Senator Senate of the Philippines,SBN-412,AN ACT TO PROMOTE REFORESTATION AND TO INCREASE WOOD PRODUCTION THROUGH THE ESTABLISHMENT OF TREE GROWING AGREEMENT,
330,Imee R. Marcos,Senator Senate of the Philippines,SBN-413,"AN ACT TO ESTABLISH THE FOREST CADASTRE, PROVIDING FOR ITS PROCEDURES, AND FOR OTHER PURPOSES",
330,Imee R. Marcos,Senator Senate of the Philippines,SBN-414,"AN ACT STRENGTHENING REPUBLIC ACT NO. 11165, OTHERWISE KNOWN AS THE 'TELECOMMUTING ACT', AND FOR OTHER PURPOSES",
330,Imee R. Marcos,Senator Senate of the Philippines,SBN-415,"AN ACT AMENDING PRESIDENTIAL DECREE NO. 194, OTHERWISE KNOWN AS THE 'AUTHORIZING ALIENS, AS WELL AS ASSOCIATIONS, CORPORATIONS OR PARTNERSHIPS OWNED IN WHOLE OR IN PART BY FOREIGNERS TO ENGAGE IN THE RICE AND CORN INDUSTRY, AND FOR OTHER PURPOSES', AND FOR OTHER PURPOSES",
330,Imee R. Marcos,Senator Senate of the Philippines,SBN-416,"AN ACT AMENDING SECTION 5 OF REPUBLIC ACT NO. 4726 OTHERWISE KNOWN AS 'THE CONDOMINIUM ACT', AND FOR OTHER PURPOSES",
330,Imee R. Marcos,Senator Senate of the Philippines,SBN-417,"AN ACT AMENDING REPUBLIC ACT NO. 8550 OTHERWISE KNOWN AS 'THE PHILIPPINE FISHERIES CODE OF 1998,'  AND FOR OTHER PURPOSES",
330,Imee R. Marcos,Senator Senate of the Philippines,SBN-418,"AN ACT AMENDING REPUBLIC ACT NO. 6938, OTHERWISE KNOWN AS THE 'COOPERATIVE CODE OF THE PHILIPPINES,' AS AMENDED, AND FOR OTHER PURPOSES",
330,Imee R. Marcos,Senator Senate of the Philippines,SBN-642,"AN ACT AMENDING REPUBLIC ACT NO. 8178 OR THE 'AGRICULTURAL TARIFFICATION ACT OF 1996, ' AS AMENDED",
330,Imee R. Marcos,Senator Senate of the Philippines,SBN-643,"AN ACT AMENDING SECTION 309 OF THE NATIONAL INTERNAL REVENUE CODE, AS AMENDED, AND FOR OTHER PURPOSES",
330,Imee R. Marcos,Senator Senate of the Philippines,SBN-644,"AN ACT EXEMPTING MIGRANT WORKERS FROM THE PAYMENT OF PREMIUM CONTRIBUTIONS TO THE PHILIPPINE HEALTH INSURANCE CORPORATION, AMENDING FOR THIS PURPOSE REPUBLIC ACT NO. 11223 OTHERWISE KNOWN AS THE 'UNIVERSAL HEALTH CARE ACT' AND FOR OTHER PURPOSES",
330,Imee R. Marcos,Senator Senate of the Philippines,SBN-645,AN ACT EXEMPTING THE IMPORTATION OF MEDICAL SUPPLIES AND EQUIPMENT FROM CUSTOMS DUTY AND VALUE-ADDED TAX,
330,Imee R. Marcos,Senator Senate of the Philippines,SBN-646,"AN ACT GRANTING FULL TAX BENEFITS TO DONATIONS PROVIDED DURING A STATE OF CALAMITY, AND FOR OTHER PURPOSES",
330,Imee R. Marcos,Senator Senate of the Philippines,SBN-647,"AN ACT FURTHER PROMOTING RENEWABLE ENERGY, AMENDING THEREFOR REPUBLIC ACT NO. 9513 , OTHERWISE KNOWN AS THE 'RENEWABLE ENERGY ACT OF 2008'  AND REPUBLIC ACT NO. 7160, OTHERWISE KNOWN AS 'THE LOCAL GOVERNMENT CODE OF 1991,' AND FOR OTHER PURPOSES",
330,Imee R. Marcos,Senator Senate of the Philippines,SBN-648,"AN ACT AMENDING REPUBLIC ACT NO. 11697 OTHERWISE KNOWN AS THE 'ELECTRIC VEHICLE INDUSTRY DEVELOPMENT ACT,' AND FOR OTHER PURPOSES",
330,Imee R. Marcos,Senator Senate of the Philippines,SBN-649,"AN ACT PROVIDING FOR THE CREATION, ORGANIZATION, AND OPERATION OF DIGITAL BANKS, AMENDING FOR THIS PURPOSE REPUBLIC ACT NO. 8791, OTHERWISE KNOWN AS 'THE GENERAL BANKING LAW OF 2000'",
330,Imee R. Marcos,Senator Senate of the Philippines,SBN-650,AN ACT DECLARING CLIMATE CHANGE EMERGENCY AND ENHANCING RESILIENCY AND ADAPTABILITY TO THE EFFECTS OF CLIMATE CHANGE,
330,Imee R. Marcos,Senator Senate of the Philippines,SBN-651,"AN ACT PROVIDING A NATIONAL POLICY ON THE PREVENTION OF TEENAGE PREGNANCY, AND APPROPRIATING FUNDS THEREFOR",
330,Imee R. Marcos,Senator Senate of the Philippines,SRN-121,"RESOLUTION URGING THE APPROPRIATE SENATE COMMITTEE TO CONDUCT AN INQUIRY, IN AID OF LEGISLATION, INTO THE MISSED ECONOMIC OPPORTUNITIES OF THE INFORMATION TECHNOLOGY - BUSINESS PROCESS OUTSOURCING INDUSTRY IF A LONG-TERM WORK-FROM-HOME POLICY IS NOT EMPLOYED",
330,Imee R. Marcos,Senator Senate of the Philippines,SRN-184,"RESOLUTION DIRECTING THE APPROPRIATE SENATE COMMITTEE TO CONDUCT AN INQUIRY, IN AID OF LEGISLATION, INTO THE ALARMING INCIDENTS OF CRIMES COMMITTED AGAINST LAW ENFORCEMENT OFFICERS",
330,Imee R. Marcos,Senator Senate of the Philippines,SRN-185,"RESOLUTION DIRECTING THE APPROPRIATE SENATE COMMITTEE TO CONDUCT AN INQUIRY, IN AID OF LEGISLATION, INTO THE NUMEROUS ALARMING REPORTS OF ABUSE, KIDNAPPING, DISAPPEARANCES, AND KILLING OF WOMEN IN THE COUNTRY",
330,Imee R. Marcos,Senator Senate of the Philippines,SRN-203,"RESOLUTION DIRECTING THE APPROPRIATE SENATE COMMITTEE TO CONDUCT AN INQUIRY, IN AID OF LEGISLATION, INTO THE PROPOSED NATIONAL GOVERNMENT REORGANIZATION PLAN",
330,Imee R. Marcos,Senator Senate of the Philippines,SRN-204,"RESOLUTION DIRECTING THE APPROPRIATE SENATE COMMITTEE TO CONDUCT AN INQUIRY, IN AID OF LEGISLATION, INTO THE CONTINUING REPORTS OF CHILD ONLINE SEXUAL EXPLOITATION DESPITE NUMEROUS LAWS SAFEGUARDING AND AFFECTING RIGHTS OF CHILDREN",
330,Imee R. Marcos,Senator Senate of the Philippines,SRN-205,"RESOLUTION DIRECTING THE APPROPRIATE SENATE COMMITTEE TO CONDUCT AN INQUIRY, IN AID OF LEGISLATION, INTO THE PROLIFERATION OF TEXT SCAMS IN THE PHILIPPINES",
330,Imee R. Marcos,Senator Senate of the Philippines,SRN-206,"RESOLUTION DIRECTING THE APPROPRIATE SENATE COMMITTEE TO CONDUCT AN INQUIRY, IN AID OF LEGISLATION, INTO THE REPORTED RAMPANT SMUGGLING OF AGRICULTURAL PRODUCTS IN THE COUNTRY, THEREBY CAUSING GREAT LOSS AND HARM TO THE ECONOMY, THE LOCAL AGRICULTURAL INDUSTRY, AND OUR FARMERS AND FISHERFOLK",
330,Imee R. Marcos,Senator Senate of the Philippines,SRN-213,"RESOLUTION DIRECTING THE APPROPRIATE SENATE COMMITTEE TO CONDUCT AN INQUIRY, IN AID OF LEGISLATION, INTO THE ALLEGED OVERPRICED PROCUREMENT OF FARM TRACTORS AMOUNTING TO PHP 1.737 BILLION BY THE DEPARTMENT OF AGRICULTURE",
330,Imee R. Marcos,Senator Senate of the Philippines,SRN-241,"RESOLUTION HONORING THE BRAVERY AND HEROISM OF FIVE RESCUERS FROM THE BULACAN PROVINCIAL DISASTER RISK REDUCTION AND MANAGEMENT OFFICE (PDRRMO) WHO WERE FOUND DEAD IN SAN MIGUEL, BULACAN AND EXPRESSING PROFOUND CONDOLENCES AND DEEPEST SYMPATHIES OF THE SENATE OF THE PHILIPPINES TO THE BEREAVED FAMILIES",
330,Imee R. Marcos,Senator Senate of the Philippines,SRN-321,"RESOLUTION DIRECTING THE APPROPRIATE SENATE COMMITTEE TO CONDUCT AN INQUIRY, IN AID OF LEGISLATION, INTO THE DELAYS ON THE CONDUCT OF THE DECOMMISSIONING OF THE MORO ISLAMIC LIBERATION FRONT (MILF) FORCES AND WEAPONS",
330,Imee R. Marcos,Senator Senate of the Philippines,SRN-348,"RESOLUTION DIRECTING THE APPROPRIATE SENATE COMMITTEE TO CONDUCT AN INQUIRY, IN AID OF LEGISLATION, INTO THE ALLEGED CORRUPTION INVOLVING THE ROAD TRANSPORTATION IT INFRASTRUCTURE PROJECT OF THE LAND TRANSPORTATION OFFICE (LTO)",
330,Imee R. Marcos,Senator Senate of the Philippines,SRN-350,"RESOLUTION DIRECTING THE APPROPRIATE SENATE COMMITTEE TO CONDUCT AN INQUIRY, IN AID OF LEGISLATION, INTO THE SOARING MARKET PRICES OF LOCAL ONIONS",
330,Imee R. Marcos,Senator Senate of the Philippines,SRN-351,"RESOLUTION DIRECTING THE SENATE COMMITTEE ON SOCIAL JUSTICE, WELFARE, AND RURAL DEVELOPMENT TO CONDUCT AN INQUIRY, IN AID OF LEGISLATION, INTO THE WELFARE RESPONSES OF THE GOVERNMENT TO INFLATION AND SOARING FOOD PRICES",
330,Imee R. Marcos,Senator Senate of the Philippines,SRN-426,"RESOLUTION DIRECTING THE APPROPRIATE SENATE COMMITTEE TO CONDUCT AN INQUIRY, IN AID OF LEGISLATION, INTO THE ALLEGED IRREGULARITES IN THE OPERATIONS OF THE PHILIPPINE CHARITY SWEEPSTAKES OFFICE (PCSO)",
330,Imee R. Marcos,Senator Senate of the Philippines,SRN-427,"RESOLUTION CONGRATULATING AND COMMENDING FILIPINO CELEBRITY AND DANCER BILLY JOE LEDESMA CRAWFORD FOR WINNING THE GRAND PRIZE OF THE 12TH SEASON OF THE FRENCH REALITY DANCE COMPETITION, DANSE AVEC
LES STARS",
330,Imee R. Marcos,Senator Senate of the Philippines,SRN-468,"RESOLUTION EXPRESSING THE PROFOUND SYMPATHY AND CONDOLENCES OF THE SENATE OF THE PHILIPPINES ON THE DEATH OF THE FORMER MINISTER OF TRADE AND INDUSTRY, ROBERTO ''BOBBY'' VELAYO ONGPIN",
330,Imee R. Marcos,Senator Senate of the Philippines,SRN-469,RESOLUTION EXPRESSING THE PROFOUND SYMPATHY AND CONDOLENCES OF THE SENATE OF THE PHILIPPINES ON THE DEMISE OF NATIONAL SCIENTIST DR. ANGEL C. ALCALA,
318,Mark A. Villar,Senator Senate of the Philippines,SRN-198,RESOLUTION EXPRESSING THE PROFOUND SYMPATHY AND SINCERE CONDOLENCES OF THE SENATE OF THE PHILIPPINES ON THE DEATH OF QUEEN ELIZABETH II OF THE UNITED KINGDOM OF GREAT BRITAIN AND NORTHERN IRELAND,
318,Mark A. Villar,Senator Senate of the Philippines,SBN-1124,"AN ACT PROVIDING FOR AN ENHANCED MARKET ACCESS, MAINSTREAMING, AND PROMOTION PLATFORM FOR PHILIPPINE MICRO, SMALL, AND MEDIUM ENTERPRISES THROUGH THE INSTITUTIONALIZATION OF THE GO LOKAL PROGRAM, APPROPRIATING FUNDS THEREFOR, AND FOR OTHER PURPOSES",
318,Mark A. Villar,Senator Senate of the Philippines,SBN-1125,"AN ACT CREATING THE E-COMMERCE BUREAU, APPROPRIATING FUNDS THEREFOR, AND FOR OTHER PURPOSES",
318,Mark A. Villar,Senator Senate of the Philippines,SBN-1126,"AN ACT MANDATING TRANSITION OF THE GOVERNMENT TO E-GOVERNANCE IN THE DIGITAL AGE, APPROPRIATING FUNDS THEREFOR, AND
FOR OTHER PURPOSES",
318,Mark A. Villar,Senator Senate of the Philippines,SBN-1127,"AN ACT ESTABLISHING A NATIONAL ACCREDITATION POLICY TO ENHANCE THE COMPETITIVENESS OF PHILIPPINE PRODUCTS AND SERVICES, FACILITATE TRADE, AND PROTECT THE HEALTH, SAFETY AND WELFARE OF CONSUMERS, AND FOR OTHER PURPOSES",
318,Mark A. Villar,Senator Senate of the Philippines,SBN-1128,AN ACT PROMOTING THE ADOPTION OF DIGITAL PAYMENTS FOR FINANCIAL TRANSACTIONS OF THE GOVERNMENT AND ALL MERCHANTS AND FOR OTHER PURPOSES,
318,Mark A. Villar,Senator Senate of the Philippines,SBN-1129,AN ACT PROVIDING FOR GOVERNMENT FINANCIAL INSTITUTIONS UNIFIED INITIATIVES TO DISTRESSED ENTERPRISES FOR ECONOMIC RECOVERY (GUIDE),
318,Mark A. Villar,Senator Senate of the Philippines,SBN-1130,AN ACT CREATING THE VIROLOGY INSTITUTE OF THE PHILIPPINES AND APPROPRIATING FUNDS THEREFOR,
318,Mark A. Villar,Senator Senate of the Philippines,SBN-1131,"AN ACT ESTABLISHING A MEDICAL RESERVE CORPS, AND APPROPRIATING FUNDS THEREFOR",
318,Mark A. Villar,Senator Senate of the Philippines,SBN-1132,"AN ACT INSTITUTIONALIZING THE PROGRAM ON STRENGTHENING AND EXPANDING MILITARY FACILITY READINESS FOR NATIONAL SECURITY, ALSO KNOWN AS ?TIKAS? (TATAG NG IMPRASTRAKTURA PARA SA KAPAYAPAAN AT SEGURIDAD), AND FOR OTHER PURPOSES",
318,Mark A. Villar,Senator Senate of the Philippines,SBN-1246,"AN ACT INSTITUTIONALIZING THE ONE TOWN, ONE PRODUCT (OTOP) PHILIPPINES PROGRAM, APPROPRIATING FUNDS THEREFOR, AND FOR OTHER PURPOSES",
318,Mark A. Villar,Senator Senate of the Philippines,SBN-1247,AN ACT PROVIDING A SOCIALIZED MICROFINANCING PROGRAM FOR MICRO ENTERPRISES THEREBY PROMOTING ENTREPRENEURSHIP,
318,Mark A. Villar,Senator Senate of the Philippines,SBN-1354,AN ACT INSTITUTIONALIZING DEATH BENEFITS FOR COMMUNITY DISASTER PERSONNEL DEPLOYED DURING DISASTER,
318,Mark A. Villar,Senator Senate of the Philippines,SBN-1378,AN ACT PROVIDING AN INCREASE AND AN AUTOMATIC ADJUSTMENT MECHANISM IN THE PERSONNEL ECONOMIC RELIEF ALLOWANCE (PERA) GRANTED TO GOVERNMENT EMPLOYEES,
318,Mark A. Villar,Senator Senate of the Philippines,SBN-1379,AN ACT TO PROCLAIM THE 3RD WEEK OF JUNE AS DEAF-BLIND AWARENESS WEEK,
318,Mark A. Villar,Senator Senate of the Philippines,SBN-1415,"AN ACT PROVIDING FOR AN ASSISTANCE FUND FOR OVERSEAS FILIPINO WORKERS, AND FOR OTHER PURPOSES",
318,Mark A. Villar,Senator Senate of the Philippines,SBN-1416,"AN ACT SAFEGUARDING THE HEALTH OF FILIPINO MOTHERS AT THE TIME OF THEIR CHILDBIRTH, PROVIDING PROTECTIVE MECHANISM THEREFOR AND FOR OTHER PURPOSES",
318,Mark A. Villar,Senator Senate of the Philippines,SBN-1446,AN ACT MAKING AUTOMATED TELLER MACHINES ACCESSIBLE TO VISUALLY IMPAIRED INDIVIDUALS,
318,Mark A. Villar,Senator Senate of the Philippines,SBN-1524,AN ACT ESTABLISHING A POST TRAUMATIC STRESS DISORDER AWARENESS AND EDUCATION PROGRAM,
318,Mark A. Villar,Senator Senate of the Philippines,SBN-1525,"AN ACT INSTITUTIONALIZING THE IMPLEMENTATION OF THE GOVERNMENT INTERNSHIP PROGRAM, PROVIDING FUNDS FOR ITS IMPLEMENTATION AND FOR OTHER PURPOSES",
318,Mark A. Villar,Senator Senate of the Philippines,SBN-1527,AN ACT ESTABLISHING A WELFARE AND SOCIAL ASSISTANCE PROGRAM TO FAMILIES LEFT BEHIND BY MIGRANT WORKERS,
318,Mark A. Villar,Senator Senate of the Philippines,SBN-1528,AN ACT PROVIDING 13TH MONTH PAY TO GOVERNMENT CONTRACTUAL AND JOB ORDER PERSONNEL,
318,Mark A. Villar,Senator Senate of the Philippines,SBN-1529,"AN ACT ADJUSTING THE MONTHLY PENSION AND DISABILITY BENEFITS OF RETIREES OF THE DEPARTMENT OF FOREIGN AFFAIRS, AND APPROPRIATING FUNDS THEREFOR AND FOR OTHER PUBLIC PURPOSE",
318,Mark A. Villar,Senator Senate of the Philippines,SBN-1624,"AN ACT PROVIDING EDUCATIONAL BENEFITS TO THE CHILDREN OF MEMBERS OF THE UNIFORMED PERSONNEL OF THE PHILIPPINE NATIONAL POLICE, ARMED FORCES OF THE PHILIPPINES, BUREAU OF FIRE PROTECTION, BUREAU OF JAIL MANAGEMENT AND PENOLOGY, PHILIPPINE COAST GUARD, NATIONAL BUREAU OF INVESTIGATION, PHILIPPINE DRUG ENFORCEMENT AGENCY, AND BUREAU OF CORRECTIONS, APPROPRIATING FUNDS THEREOF AND FOR  OTHER PURPOSES",
318,Mark A. Villar,Senator Senate of the Philippines,SBN-1625,AN ACT INSTITUTIONALIZING THE GRANT OF TRANSPORTATION ALLOWANCE FOR ALL GOVERNMENT EMPLOYEES AND APPROPRIATING FUNDS THEREFOR,
318,Mark A. Villar,Senator Senate of the Philippines,SBN-1636,"AN ACT INSTITUTIONALIZING THE ESTABLISHMENT OF DAYCARE CENTERS IN ALL NATIONAL GOVERNMENT AGENCIES, INSTRUMENTALITIES AND/OR
GOVERNMENT-OWNED AND -CONTROLLED CORPORATIONS FOR THE EMPLOYEES' CHILDREN AGED FIVE (5) YEARS OLD AND BELOW, APPROPRIATING FUNDS THEREFOR AND FOR OTHER PURPOSES",
318,Mark A. Villar,Senator Senate of the Philippines,SBN-1637,"AN ACT PROMOTING COMMUNITY-BASED MENTAL HEALTH SERVICES THROUGH HIRING OF AT LEAST ONE PSYCHOLOGIST PER CITY OR MUNICIPALITY, APPROPRIATING FUNDS THEREFOR, AND FOR OTHER PURPOSES",
318,Mark A. Villar,Senator Senate of the Philippines,SBN-1667,"AN ACT ESTABLISHING THE PHILIPPINE NATIONAL PUBLIC PARKS SYSTEM, AND APPROPRIATING FUNDS, THEREFOR",
318,Mark A. Villar,Senator Senate of the Philippines,SBN-1668,"AN ACT PROVIDING FOR EDUCATIONAL ASSISTANCE TO CHILDREN AND DEPENDENTS OF FARMERS AND FISHERFOLKS, PROVIDING FUNDS THEREFOR AND FOR OTHER PURPOSES",
318,Mark A. Villar,Senator Senate of the Philippines,SBN-1669,AN ACT TO PROVIDE EARLY YOUTH SUICIDE INTERVENTION AND PREVENTION EXPANSION,
318,Mark A. Villar,Senator Senate of the Philippines,SBN-1670,"AN ACT ESTABLISHING THE MAHARLIKA INVESTMENT FUND, PROVIDING FOR THE MANAGEMENT, INVESTMENT, AND USE OF THE PROCEEDS OF THE FUND, AND APPROPRIATING FUNDS THEREFOR",
318,Mark A. Villar,Senator Senate of the Philippines,SBN-1671,AN ACT INSTITUTING THE MAGNA CARTA OF FILIPINO SEAFARERS,
318,Mark A. Villar,Senator Senate of the Philippines,SBN-1672,AN ACT GRANTING FREE COLLEGE ENTRANCE EXAMINATIONS TO THE UNDERPRIVILEGED PUBLIC SENIOR HIGH SCHOOL GRADUATING STUDENTS AND GRADUATES BELONGING TO THE TOP FIFTEEN PERCENT (15%) OF THEIR GRADUATING CLASS FOR ADMISSION IN PRIVATE HIGHER EDUCATION INSTITUTIONS,
318,Mark A. Villar,Senator Senate of the Philippines,SBN-1673,"AN ACT TO ESTABLISH THE PHILIPPINE COAST GUARD ACADEMY, ALLOCATING FUNDS THEREFOR, AND FOR OTHER PURPOSES",
318,Mark A. Villar,Senator Senate of the Philippines,SBN-1674,AN ACT PROCLAIMING FIREFIGHTERS' RECOGNITION DAY,
318,Mark A. Villar,Senator Senate of the Philippines,SBN-1675,"AN ACT ENHANCING ACCESSIBILITY IN THE VOTING OF SENIOR CITIZENS, PERSONS WITH DISABILITIES, PREGNANT WOMEN, AND INDIGENOUS PEOPLES, AMENDING FOR THE PURPOSE REPUBLIC ACT NO. 10366, OTHERWISE KNOWN AS AN ACT AUTHORIZING THE COMMISSION ON ELECTIONS TO ESTABLISH PRECINTS ASSIGNED TO ACCESSIBLE POLLING PLACES EXCLUSIVELY FOR PERSONS WITH DISABILITIES AND SENIOR CITIZENS, PROVIDING FUNDS THEREFOR, AND FOR OTHER PURPOSES",
318,Mark A. Villar,Senator Senate of the Philippines,SBN-1676,"AN ACT PROMOTING AND SUPPORTING THE DEVELOPMENT AND GROWTH OF THE PHILIPPINE FILM INDUSTRY, CREATING FOR THIS PURPOSE THE PHILIPPINE FILM COMMISSION, DEFINING ITS POWERS AND FUNCTIONS, AND FOR OTHER PURPOSES",
318,Mark A. Villar,Senator Senate of the Philippines,SBN-1677,"AN ACT GRANTING DISTINCTIVE HONORS AND PRIVILEGES TO NATIONAL ATHLETES, CREATING A NATIONAL ENDOWMENT FUND FOR SPORTS HEROES, AND APPROPRIATING FUNDS THEREFOR",
318,Mark A. Villar,Senator Senate of the Philippines,SBN-1704,"AN ACT MANDATING CONSTRUCTION OF PERSON WITH DISABILITIES (PWD)
INFRASTRUCTURE-FRIENDLY FACILITIES IN ALL STATE UNIVERSITIES AND COLLEGES (SUCS), APPROPRIATING FUNDS THEREFOR, AND FOR OTHER PURPOSES",
318,Mark A. Villar,Senator Senate of the Philippines,SBN-1726,AN ACT INTEGRATING A COMPREHENSIVE STUDY OF PHILIPPINE HISTORY DURING WORLD WAR II INTO THE HIGHER EDUCATION CURRICULUM,
318,Mark A. Villar,Senator Senate of the Philippines,SBN-1727,"AN ACT MANDATING THE INTEGRATION OF THE NATIONAL BUILDING CODE OF THE PHILIPPINES UNDER REPUBLIC ACT NO. 6541 ENTITLED AN ACT TO ORDAIN AND INSTITUTE A NATIONAL BUILDING CODE OF THE PHILIPPINES AS A MAJOR SUBJECT IN THE CURRICULUM OF THE BACHELOR OF SCIENCE DEGREE PROGRAMS IN CIVIL ENGINEERING, MECHANICAL ENGINEERING, ELECTRICAL ENGINEERING, SANITARY ENGINEERING, ELECTRONIC ENGINEERING, AND ARCHITECTURE, AND ITS INCLUSION AS A TOPIC IN THE LICENSURE EXAMINATIONS FOR THESE PROFESSIONS",
318,Mark A. Villar,Senator Senate of the Philippines,SBN-1728,AN ACT INSTITUTIONALIZING A NATIONAL TELEMEDICINE SYSTEM IN THE PHILIPPINES,
318,Mark A. Villar,Senator Senate of the Philippines,SBN-1729,AN ACT INSTITUTIONALIZING THE GRANT OF A TEACHING SUPPLIES ALLOWANCE FOR PUBLIC SCHOOL TEACHERS AND APPROPRIATING FUNDS THEREFOR,
318,Mark A. Villar,Senator Senate of the Philippines,SBN-1730,"AN ACT INSTITUTING THE MAGNA CARTA FOR DAY CARE WORKERS, PROVIDING FUNDS THEREFOR AND FOR OTHER PURPOSES",
318,Mark A. Villar,Senator Senate of the Philippines,SBN-1731,"AN ACT INSTITUTING A COMPREHENSIVE NATIONAL CARE PLAN TO ENCOURAGE COOPERATION, ACCOUNTABILITY AND RESEARCH FOR THE EDUCATION AND SUPPORT OF PERSONS WITH AUTISM AND FOR OTHER PURPOSES",
318,Mark A. Villar,Senator Senate of the Philippines,SBN-1732,AN ACT GRANTING INCENTIVES AND OTHER BENEFITS TO RURAL HEALTH UNIT WORKERS AND FOR OTHER PURPOSES,
318,Mark A. Villar,Senator Senate of the Philippines,SBN-1733,AN ACT PROVIDING FOR A FREE ANNUAL MEDICAL CHECK-UP AND APPROPRIATING FUNDS THEREFOR,
318,Mark A. Villar,Senator Senate of the Philippines,SBN-1855,AN ACT PROHIBITING GAME-FIXING AND PROVIDING PENALTIES FOR VIOLATIONS THEREFOR,
318,Mark A. Villar,Senator Senate of the Philippines,SBN-1856,AN ACT ALLOWING THE USE OF DIGITAL COPY OF IDENTIFICATION CARDS IN GOVERNMENT TRANSACTIONS,
318,Mark A. Villar,Senator Senate of the Philippines,SBN-1857,AN ACT ESTABLISHING A GREEN PUBLIC PROCUREMENT PROGRAM FOR ALL BRANCHES OF GOVERNMENT,
318,Mark A. Villar,Senator Senate of the Philippines,SBN-1858,AN ACT INSTITUTING A NATIONAL HEALTH PROGRAM TO COMBAT SYSTEMIC LUPUS ERYTHEMATOSUS (SLE) DISEASE AND APPROPRIATING FUNDS THEREFOR,
318,Mark A. Villar,Senator Senate of the Philippines,SBN-1859,"AN ACT DESIGNATING THE SIXTEENTH DAY OF MAY OF EVERY YEAR A SPECIAL WORKING HOLIDAY TO BE KNOWN AS THE NATIONAL EDUCATION SUPPORT PERSONNEL DAY, MANDATING THE DEPARTMENT OF EDUCATION TO CONDUCT EVENTS DURING ITS OBSERVANCE, APPROPRIATING FUNDS THEREFOR, AND FOR OTHER PURPOSES",
318,Mark A. Villar,Senator Senate of the Philippines,SBN-1860,"AN ACT REQUIRING PERSONNEL OF THE BUREAU OF FIRE PROTECTION TO BE CERTIFIED MEDICAL FIRST RESPONDERS AND EMERGENCY MEDICAL TECHNICIANS, AMENDING FOR THE PURPOSE SECTION 4 OF REPUBLIC ACT NO. 11589, OTHERWISE KNOWN AS THE BUREAU OF FIRE PROTECTION MODERNIZATION ACT",
318,Mark A. Villar,Senator Senate of the Philippines,SBN-1861,"AN ACT REQUIRING ALL NATIONAL, REGIONAL, AND PROVINCIAL GOVERNMENT HOSPITALS TO ESTABLISH, OPERATE AND MAINTAIN A DIALYSIS WARD OR UNIT IN THEIR RESPECTIVE HOSPITAL AND PROVIDING FREE DIALYSIS TREATMENT TO INDIGENT PATIENTS",
318,Mark A. Villar,Senator Senate of the Philippines,SBN-218,"AN ACT PROVIDING FOR BICYCLE RIGHTS, CREATION OF LOCAL BIKEWAYS OFFICE (LBO), ESTABLISHING INFRASTRUCTURE IN RELATION THERETO AND FOR OTHER PURPOSES",
318,Mark A. Villar,Senator Senate of the Philippines,SBN-219,AN ACT ESTABLISHING A CANCER MEDICINE AND TREATMENT ASSISTANCE FUND FOR INDIGENT AND UNDERPRIVILEGED FILIPINOS,
318,Mark A. Villar,Senator Senate of the Philippines,SBN-220,AN ACT PROVIDING FOR A COMPREHENSIVE ACCESSIBLE AND AFFORDABLE EARLY DETECTION AND TIMELY INTERVENTION SERVICES FOR CHILDREN WITH SPECIAL NEEDS,
318,Mark A. Villar,Senator Senate of the Philippines,SBN-221,AN ACT REQUIRING THE INCLUSION OF ENTREPRENEURSHIP AS A SEPARATE SUBJECT IN THE JUNIOR AND SENIOR HIGH SCHOOL CURRICULA OF THE K-12 PROGRAM,
318,Mark A. Villar,Senator Senate of the Philippines,SBN-222,AN ACT PROVIDING FOR THE ESTABLISHMENT OF A FORENSIC DNA DATABANK,
318,Mark A. Villar,Senator Senate of the Philippines,SBN-223,AN ACT ESTABLISHING A CREDIT ASSISTANCE PROGRAM FOR OVERSEAS FILIPINO WORKERS,
318,Mark A. Villar,Senator Senate of the Philippines,SBN-224,"AN ACT PROVIDING PALLIATIVE AND END OF LIFE CARE, APPROPRIATING FUNDS THEREFOR AND FOR OTHER PURPOSES",
318,Mark A. Villar,Senator Senate of the Philippines,SBN-225,"AN ACT FURTHER PROTECTING THE INTEGRITY OF ELECTRONIC TRANSACTIONS, DEFINING FOR THE PURPOSE THE CRIME OF INTERNET AND TELECOMMUNICATIONS PHISHING, PROVIDING PENALTIES THEREFOR",
318,Mark A. Villar,Senator Senate of the Philippines,SBN-226,AN ACT ESTABLISHING THE SMALL AND MEDIUM ENTERPRISES STOCK EXCHANGE,
318,Mark A. Villar,Senator Senate of the Philippines,SBN-227,AN ACT GRANTING TAX DEDUCTIONS TO PARENTS AND LEGAL GUARDIANS OF CHILDREN WITH SPECIAL NEEDS,
318,Mark A. Villar,Senator Senate of the Philippines,SBN-439,AN ACT INSTITUTIONALIZING THE BUILD! BUILD! BUILD! PROGRAM,
318,Mark A. Villar,Senator Senate of the Philippines,SBN-440,"AN ACT ESTABLISHING THE NATIONAL CANCER CENTER OF THE PHILIPPINES, AND APPROPRIATING FUNDS THEREFOR",
318,Mark A. Villar,Senator Senate of the Philippines,SBN-441,"AN ACT PROVIDING ALL BARANGAY OFFICIALS, INCLUDING BARANGAY TANODS, AND MEMBERS OF THE LUPON NG TAGAPAMAYAPA, A LUMP SUM GRATUITY PAY AND OTHER BENEFITS, AMENDING FOR THE PURPOSE SECTION 393 OF REPUBLIC ACT NO. 7160, AS AMENDED, OTHERWISE KNOWN AS THE LOCAL GOVERNMENT CODE OF 1991",
318,Mark A. Villar,Senator Senate of the Philippines,SBN-442,AN ACT PENALIZING DISCRIMINATORY ACTIONS BASED ON GENDER IDENTITY OR EXPRESSION AND SEXUAL ORIENTATION,
318,Mark A. Villar,Senator Senate of the Philippines,SBN-443,"AN ACT ESTABLISHING FREE ON-SITE LIVING FACILITIES FOR PUBLIC SCHOOL TEACHERS, PROVIDING FUNDS THEREFOR AND FOR OTHER PURPOSES",
318,Mark A. Villar,Senator Senate of the Philippines,SBN-444,"AN ACT PROVIDING FOR THE EMPLOYMENT OF AT LEAST ONE REGISTERED NURSE TO BE ASSIGNED FOR EVERY BARANGAY, AND FOR OTHER PURPOSES",
318,Mark A. Villar,Senator Senate of the Philippines,SBN-445,"AN ACT REQUIRING ALL GOVERNMENT AGENCIES TO INDICATE THE BLOOD TYPE OF ALL INDIVIDUALS IN ALL IDENTIFICATION CARDS, CERTIFICATES, AND LICENSES",
318,Mark A. Villar,Senator Senate of the Philippines,SBN-446,"AN ACT MANDATING ALL GOVERNMENT OFFICES TO USE RENEWABLE ENERGY, APPROPRIATING FUNDS THEREFOR",
318,Mark A. Villar,Senator Senate of the Philippines,SRN-126,"RESOLUTION DIRECTING THE APPROPRIATE SENATE COMMITTEE TO CONDUCT AN INQUIRY IN AID OF LEGISLATION ON THE STATUS OF REGULATIONS BY THE BANGKO SENTRAL NG PILIPINAS AND OTHER RELEVANT GOVERNMENT
AGENCIES CONCERNING CRYPTOCURRENCIES AND
OTHER DIGITAL CURRENCIES IN THE PHILIPPINES",
318,Mark A. Villar,Senator Senate of the Philippines,SRN-169,RESOLUTION DIRECTING THE APPROPRIATE SENATE COMMITTEE TO CONDUCT AN INQUIRY IN AID OF LEGISLATION AS TO THE INCREASE IN PRICE OF CONSTRUCTION MATERIALS THAT AFFECTS THE TIMELY IMPLEMENTATION OF GOVERNMENT  INFRASTRUCTURE PROJECTS,
318,Mark A. Villar,Senator Senate of the Philippines,SRN-193,"RESOLUTION DIRECTING THE APPROPRIATE SENATE COMMITTEE TO CONDUCT AN INQUIRY, IN AID OF LEGISLATION, AS TO THE INCREASE IN SELLING RETAIL PRICE AND/OR SUPPLY SHORTAGE OF VARIOUS MANUFACTURED GOODS",
318,Mark A. Villar,Senator Senate of the Philippines,SRN-319,"RESOLUTION INQUIRING, IN AID OF LEGISLATION, AS TO THE CURRENT STATUS OF THE TRAFFIC MANAGEMENT PLAN IN THE PHILIPPINES PENDING THE END OF COVID-19 PANDEMIC",
318,Mark A. Villar,Senator Senate of the Philippines,SRN-435,"A RESOLUTION DIRECTING THE APPROPRIATE SENATE COMMITTEE TO CONDUCT AN INQUIRY, IN AID OF LEGISLATION, ON THE IMPLEMENTATION OF EXISTING GOVERNMENT ORDERS/ISSUANCES RELATIVE TO THE MANAGEMENT OF COVID-19 HEALTH RELATED WASTE DISPOSAL",
315,Joel  Villanueva,Senator Senate of the Philippines,SRN-198,RESOLUTION EXPRESSING THE PROFOUND SYMPATHY AND SINCERE CONDOLENCES OF THE SENATE OF THE PHILIPPINES ON THE DEATH OF QUEEN ELIZABETH II OF THE UNITED KINGDOM OF GREAT BRITAIN AND NORTHERN IRELAND,
315,Joel  Villanueva,Senator Senate of the Philippines,SBN-1040,"AN ACT INSTITUTIONALIZING THE PARTICIPATION OF CIVIL SOCIETY ORGANIZATIONS (CSOS) IN THE PREPARATION AND AUTHORIZATION PROCESS OF THE ANNUAL NATIONAL BUDGET, PROVIDING EFFECTIVE MECHANISMS THEREFOR, AND FOR OTHER PURPOSES",
315,Joel  Villanueva,Senator Senate of the Philippines,SBN-1041,"AN ACT INSTITUTIONALIZING THE POVERTY REDUCTION THROUGH SOCIAL ENTREPRENEURSHIP (PRESENT) PROGRAM AND PROMOTING SOCIAL ENTERPRISES, PROVIDING FUNDS THEREFOR AND FOR OTHER PURPOSES",
315,Joel  Villanueva,Senator Senate of the Philippines,SBN-1042,"AN ACT MANDATING THE STOCKPILING OF PERSONAL PROTECTIVE EQUIPMENT, AND APPROPRIATING FUNDS THEREFOR",
315,Joel  Villanueva,Senator Senate of the Philippines,SBN-1043,"AN ACT PROTECTING THE RIGHT OF THE PEOPLE TO FREEDOM OF RELIGION IN THE PHILIPPINES GUARANTEED UNDER SECTION 5, ARTICLE III OF THE 1987 CONSTITUTION AND FOR OTHER PURPOSES",
315,Joel  Villanueva,Senator Senate of the Philippines,SBN-1044,"AN ACT STRENGTHENING THE DEVELOPMENT OF THE BAMBOO INDUSTRY IN THE PHILIPPINES, APPROPRIATING FUNDS THEREFOR AND FOR OTHER PURPOSES",
315,Joel  Villanueva,Senator Senate of the Philippines,SBN-1045,AN ACT INSTITUTIONALIZING THE GRANT OF TEACHING SUPPLIES ALLOWANCE FOR PUBLIC BASIC EDUCATION TEACHERS AND APPROPRIATING FUNDS THEREFOR,
315,Joel  Villanueva,Senator Senate of the Philippines,SBN-1046,"AN ACT PROVIDING FOR SIMPLIFIED REGISTRATION, FILING OF RETURNS AND PAYMENT OF INCOME AND PERCENTAGE TAXES AND PROVIDING TAX RELIEF FOR
MICRO-ENTERPRISES, AMENDING FOR THE PURPOSE SECTIONS 74, 128 AND 236 OF THE NATIONAL INTERNAL REVENUE CODE, AS AMENDED",
315,Joel  Villanueva,Senator Senate of the Philippines,SBN-1047,"AN ACT MANDATING THE ESTABLISHMENT OF NURSING HOMES FOR THE ABANDONED, NEGLECTED, UNATTACHED OR HOMELESS SENIOR CITIZENS, AMENDING FOR THE PURPOSE REPUBLIC ACT NO. 7432, OTHERWISE KNOWN AS ?AN ACT TO MAXIMIZE THE CONTRIBUTION OF SENIOR CITIZENS TO NATION BUILDING, GRANT BENEFITS AND SPECIAL PRIVILEGES AND FOR OTHER PURPOSES,? AS AMENDED, AND FOR  OTHER PURPOSES",
315,Joel  Villanueva,Senator Senate of the Philippines,SBN-1048,"AN ACT ENSURING SAFE DRINKING WATER, AMENDING FOR THE PURPOSE PRESIDENTIAL DECREE NO. 856, OTHERWISE KNOWN AS THE CODE ON SANITATION OF THE PHILIPPINES AND FOR OTHER PURPOSES",
315,Joel  Villanueva,Senator Senate of the Philippines,SBN-1136,AN ACT MANDATING THE DUTY TO RENDER ASSISTANCE AT SEA IN ACCORDANCE WITH RELEVANT INTERNATIONAL CONVENTIONS AND FOR OTHER PURPOSES,
315,Joel  Villanueva,Senator Senate of the Philippines,SBN-1137,"AN ACT INSTITUTIONALIZING THE CONDITIONAL MATCHING GRANT TO PROVINCES (CMGP) FOR ROAD AND BRIDGE REPAIR, REHABILITATION, AND IMPROVEMENT, PROVIDING FUNDS THEREFOR, AND FOR OTHER PURPOSES",
315,Joel  Villanueva,Senator Senate of the Philippines,SBN-1138,"AN ACT ESTABLISHING A NETWORK OF EMERGENCY LANES AND EMERGENCY PATHWAYS, APPROPRIATING FUNDS THEREFOR, AND FOR OTHER PURPOSES",
315,Joel  Villanueva,Senator Senate of the Philippines,SBN-1139,"AN ACT MODIFYING THE GROUNDS FOR SUBSTITUTION OF CANDIDATES, AMENDING FOR THIS PURPOSE SECTION 77 OF BATAS PAMBANSA BILANG 881, OTHERWISE KNOWN AS THE OMNIBUS ELECTION CODE",
315,Joel  Villanueva,Senator Senate of the Philippines,SBN-1140,"AN ACT DEFINING AND PENALIZING MARITAL INFIDELITY, AMENDING FOR THE PURPOSE ACT NO. 3815, OTHERWISE KNOWN AS THE REVISED PENAL CODE",
315,Joel  Villanueva,Senator Senate of the Philippines,SBN-1281,"AN ACT PROHIBITING ONLINE GAMBLING AND THE PLACING OF WAGERS OR BETS THROUGH THE INTERNET OR ANY FORM OF ONLINE GAMBLING ACTIVITIES, PROVIDING PENALTIES THEREFOR AND FOR OTHER PURPOSES",
315,Joel  Villanueva,Senator Senate of the Philippines,SBN-1282,"AN ACT PROVIDING FOR SUPPORT FOR THE GROWTH AND DEVELOPMENT OF BARANGAY MICRO BUSINESS ENTERPRISES AMENDING FOR THE PURPOSE REPUBLIC ACT NO. 9178, OTHERWISE KNOWN AS THE BARANGAY MICRO BUSINESS ENTERPRISES ACT OF 2002, AND FOR OTHER PURPOSES",
315,Joel  Villanueva,Senator Senate of the Philippines,SBN-1283,"AN ACT ESTABLISHING AN ON-SITE, IN-CITY, OR NEAR-CITY RESETTLEMENT PROGRAM FOR INFORMAL SETTLER FAMILIES IN ACCORDANCE WITH A PEOPLE'S PLAN, AMENDING FOR THE PURPOSE REPUBLIC ACT NO. 7279, AS AMENDED, OTHERWISE KNOWN AS THE ?URBAN DEVELOPMENT AND HOUSING ACT OF 1992?",
315,Joel  Villanueva,Senator Senate of the Philippines,SBN-1286,"AN ACT TO PROTECT FILIPINOS FROM THE HARMFUL EFFECTS OF TRANS-FATTY ACIDS, APPROPRIATING FUNDS THEREFOR, AND FOR OTHER PURPOSES",
315,Joel  Villanueva,Senator Senate of the Philippines,SBN-131,AN ACT PROVIDING FOR A PERMANENT APPOINTMENT TO ALL CASUAL AND CONTRACTUAL EMPLOYEES OF THE GOVERNMENT WHO HAVE RENDERED THE PRESCRIBED YEARS OF SERVICE AND FOR OTHER PURPOSES,
315,Joel  Villanueva,Senator Senate of the Philippines,SBN-132,"AN ACT PROVIDING FOR A WAGE EMPLOYMENT ASSISTANCE PROGRAM FOR DISCPLACED, MARGINALIZED, AND/OR VULNERABLE WORKERS, INSTITUTIONALIZING FOR THIS PURPOSE THE TULONG PANGHANAPBUHAY SA ATING DISADVANTAGED/DISPLACED WORKERS (TUPAD) PROGRAM OF THE DEPARTMENT OF LABOR AND EMPLOYMENT, APPROPRIATING FUNDS THEREFOR AND FOR OTHER PURPOSES",
315,Joel  Villanueva,Senator Senate of the Philippines,SBN-1322,"AN ACT ESTABLISHING THE PHILIPPINE VIROLOGY SCIENCE AND TECHNOLOGY INSTITUTE, APPROPRIATING FUNDS THEREFOR, AND FOR OTHER PURPOSES",
315,Joel  Villanueva,Senator Senate of the Philippines,SBN-1323,AN ACT EXEMPTING QUALIFIED INDIGENTS FROM THE PAYMENT OF PROFESSIONAL EXAMINATION FEES AND FOR OTHER PURPOSES,
315,Joel  Villanueva,Senator Senate of the Philippines,SBN-133,"AN ACT EXPANDING UNEMPLOYMENT INSURANCE BENEFITS, AMENDING FOR THE PURPOSE SECTION 14-B OF REPUBLIC ACT NO. 11199, OTHERWISE KNOWN AS THE SOCIAL SECURITY ACT OF 2018, AND FOR OTHER PURPOSES",
315,Joel  Villanueva,Senator Senate of the Philippines,SBN-134,"AN ACT ALLOWING THE ADOPTION OF ALTERNATIVE WORK ARRANGEMENTS, AMENDING FOR THE PURPOSE PRESIDENTIAL DECREE NO. 442, OTHERWISE KNOWN AS THE LABOR CODE OF THE PHILIPPINES, AS AMENDED",
315,Joel  Villanueva,Senator Senate of the Philippines,SBN-135,"AN ACT ALLOWING THE ADOPTION OF ALTERNATIVE WORK ARRANGEMENTS IN ENTERPRISES REGISTERED WITH INVESTMENT PROMOTION AGENCIES, AMENDING FOR THE PURPOSE SECTION 309 OF THE NATIONAL INTERNAL REVENUE CODE, AS AMENDED AND FOR OTHER PURPOSES",
315,Joel  Villanueva,Senator Senate of the Philippines,SBN-136,AN ACT PROVIDING PROTECTION TO FREELANCERS AND FOR OTHER PURPOSES,
315,Joel  Villanueva,Senator Senate of the Philippines,SBN-137,AN ACT INSTITUTING THE MAGNA CARTA OF FILIPINO SEAFARERS,
315,Joel  Villanueva,Senator Senate of the Philippines,SBN-138,"AN ACT STIMULATING THE RECOVERY, GROWTH, AND DEVELOPMENT OF THE MICRO, SMALL AND MEDIUM ENTERPRISES (MSMES) FOR JOB GENERATION AND PRESERVATION, APPROPRIATING FUNDS THEREFOR AND FOR OTHER PURPOSES",
315,Joel  Villanueva,Senator Senate of the Philippines,SBN-1448,"AN ACT EXPANDING THE USE OF THE LEGAL ASSISTANCE FUND, AMENDING FOR THE PURPOSE SECTION 26 OF REPUBLIC ACT NO. 8042, AS AMENDED, OTHERWISE KNOWN AS THE ?MIGRANT WORKERS AND OVERSEAS FILIPINOS ACT OF 1995?",
315,Joel  Villanueva,Senator Senate of the Philippines,SBN-1449,"AN ACT IMPOSING EXCISE TAX ON PLASTIC BAGS, AMENDING FOR THE PURPOSE SECTION 288 AND ADDING A NEW SECTION 150-C IN THE NATIONAL INTERNAL REVENUE CODE OF 1997, AS AMENDED",
315,Joel  Villanueva,Senator Senate of the Philippines,SBN-1450,"AN ACT PROMOTING AND REVITALIZING THE SALT INDUSTRY OF THE PHILIPPINES, AMENDING FOR THE PURPOSE REPUBLIC ACT NO. 8172, OTHERWISE KNOWN AS ?AN ACT FOR SALT IODIZATION NATIONWIDE (ASIN),? PROVIDING FUNDS THEREFOR, AND FOR OTHER PURPOSES",
315,Joel  Villanueva,Senator Senate of the Philippines,SBN-1473,"AN ACT INSTITUTING REFORMS IN REAL PROPERTY VALUATION AND ASSESSMENT IN THE PHILIPPINES, REORGANIZING THE BUREAU OF LOCAL GOVERNMENT FINANCE, AND APPROPRIATING FUNDS THEREFOR",
315,Joel  Villanueva,Senator Senate of the Philippines,SBN-1474,AN ACT RIGHTSIZING THE NATIONAL GOVERNMENT TO IMPROVE PUBLIC SERVICE DELIVERY AND FOR OTHER PURPOSES,
315,Joel  Villanueva,Senator Senate of the Philippines,SBN-1475,AN ACT INSTITUTING THE MEDICAL RESERVE CORPS AND APPROPRIATING FUNDS THEREFOR,
315,Joel  Villanueva,Senator Senate of the Philippines,SBN-1476,"AN ACT PROVIDING FOR THE CONDONATION OF ALL UNPAID PRINCIPAL INTERESTS, PENALTIES, OR SURCHARGES ON LOANS SECURED BY AGRARIAN REFORM BENEFICIARIES UNDER THE COMPREHENSIVE AGRARIAN REFORM PROGRAM AND FOR OTHER PURPOSES",
315,Joel  Villanueva,Senator Senate of the Philippines,SBN-1477,"AN ACT CREATING THE PHILIPPINE CENTER FOR DISEASE CONTROL AND PREVENTION, DEFINING ITS POWERS AND FUNCTIONS, AND FOR OTHER PURPOSES",
315,Joel  Villanueva,Senator Senate of the Philippines,SBN-1478,"AN ACT PROTECTING CONSUMERS AND MERCHANTS ENGAGED IN INTERNET TRANSACTIONS, CREATING FOR THIS PURPOSE THE E- COMMERCE BUREAU, APPROPRIATING FUNDS THEREFOR, AND FOR OTHER PURPOSES",
315,Joel  Villanueva,Senator Senate of the Philippines,SBN-1479,"AN ACT INSTITUTING A NATIONAL LAND USE POLICY, PROVIDING THE IMPLEMENTING MECHANISMS THEREFOR, AND FOR OTHER PURPOSES",
315,Joel  Villanueva,Senator Senate of the Philippines,SBN-1509,"AN ACT GRANTING FILIPINO CITIZENSHIP TO KYLE JENNERMANN, WITH ALL THE RIGHTS, PRIVILEGES AND PREROGATIVES APPURTENANT THERETO",
315,Joel  Villanueva,Senator Senate of the Philippines,SBN-1519,AN ACT GRANTING PHILIPPINE CITIZENSHIP TO JUSTIN DONTA BROWNLEE,
315,Joel  Villanueva,Senator Senate of the Philippines,SBN-1574,"AN ACT INSTITUTIONALIZING E-GOVERNANCE IN THE GOVERNMENT, APPROPRIATING FUNDS THEREFOR, AND FOR OTHER PURPOSES",
315,Joel  Villanueva,Senator Senate of the Philippines,SBN-1607,"AN ACT AMENDING REPUBLIC ACT NO. 7309, OTHERWISE KNOWN AS AN ACT CREATING A BOARD OF CLAIMS UNDER THE DEPARTMENT OF JUSTICE FOR VICTIMS OF UNJUST IMPRISONMENT OR DETENTION, AND VICTIMS OF VIOLENT CRIMES, AND FOR OTHER PURPOSES",
315,Joel  Villanueva,Senator Senate of the Philippines,SBN-1611,AN ACT PROMOTING OPEN ACCESS IN INTERNET SERVICES AND FOR OTHER PURPOSES,
315,Joel  Villanueva,Senator Senate of the Philippines,SBN-1612,"AN ACT AMENDING REPUBLIC ACT NO. 9136, OTHERWISE KNOWN AS THE ELECTRIC POWER INDUSTRY REFORM ACT OF 2001",
315,Joel  Villanueva,Senator Senate of the Philippines,SBN-1620,"AN ACT ESTABLISHING THE BULACAN STATE UNIVERSITY SYSTEM INTEGRATING ALL ITS CAMPUSES, APPROPRIATING FUNDS THEREFOR, AND FOR OTHER PURPOSES",
315,Joel  Villanueva,Senator Senate of the Philippines,SBN-1639,"AN ACT AMENDING REPUBLIC ACT NO. 7662, OTHERWISE KNOWN AS THE LEGAL EDUCATION REFORM ACT OF 1993, CREATING FOR THE PURPOSE A LEGAL SCHOLARSHIP AND RETURN SERVICE PROGRAM, APPROPRIATING FUNDS THEREFOR, AND FOR OTHER PURPOSES",
315,Joel  Villanueva,Senator Senate of the Philippines,SBN-1640,"AN ACT PROVIDING FOR GOVERNMENT FINANCIAL INSTITUTIONS UNIFIED INITIATIVES TO DISTRESSED ENTERPRISES FOR ECONOMIC RECOVERY (GUIDE), APPROPRIATING FUNDS THEREFOR AND FOR OTHER PURPOSES",
315,Joel  Villanueva,Senator Senate of the Philippines,SBN-1879,"AN ACT DECLARING THE HALAMANAN FESTIVAL OF THE MUNICIPALITY OF GUIGUINTO, PROVINCE OF BULACAN A MAJOR TOURIST ATTRACTION AND DECLARING FOR THAT PURPOSE JANUARY 22 OF EVERY YEAR A SPECIAL NON-WORKING HOLIDAY IN THE MUNICIPALITY OF GUIGUINTO AND FOR OTHER PURPOSES",
315,Joel  Villanueva,Senator Senate of the Philippines,SBN-359,AN ACT PROVIDING FOR A MAGNA CARTA FOR WORKERS IN THE INFORMAL ECONOMY AND FOR OTHER PURPOSES,
315,Joel  Villanueva,Senator Senate of the Philippines,SBN-360,"AN ACT EXPANDING EMPLOYMENT OPPORTUNITIES FOR SENIOR CITIZENS, AMENDING FOR THE PURPOSE REPUBLIC ACT NO. 9994, OTHERWISE KNOWN AS THE EXPANDED SENIOR CITIZENS ACT OF 2010, AND FOR OTHER PURPOSES",
315,Joel  Villanueva,Senator Senate of the Philippines,SBN-362,"AN ACT ENHANCING THE REGULATION ON EMPLOYMENT OF FOREIGN NATIONALS AND TRANSFER OF TECHNOLOGY, AMENDING FOR THE PURPOSE ARTICLES 40, 41, AND 42 OF PRESIDENTIAL DECREE NO. 442, AS AMENDED, OTHERWISE KNOWN AS THE LABOR CODE OF THE PHILIPPINES AND FOR OTHER PURPOSES",
315,Joel  Villanueva,Senator Senate of the Philippines,SBN-363,"AN ACT STRENGTHENING TECHNICAL VOCATIONAL EDUCATION AND TRAINING (TVET) IN THE PHILIPINES BY INCORPORATING APPRENTICESHIP AND DUAL TRAINING SYSTEM, PROVIDING FOR
CONTINUOUS TRAINING OF THE UNEMPLOYED, AND EXPANDING THE PROVISION OF ENTERPRISE - BASED EDUCATION AND TRAINING, AND FOR
OTHER PURPOSES",
315,Joel  Villanueva,Senator Senate of the Philippines,SBN-364,"AN ACT INSTITUTIONALIZING THE LIFELONG LEARNING DEVELOPMENT FRAMEWORK, BROADENING THE MANDATE OF THE PHILIPPINE QUALIFICATIONS FRAMEWORK - NATIONAL COORDINATING COUNCIL (PQF-NCC), AMENDING FOR THE PURPOSE REPUBLIC ACT NO. 10968, OTHERWISE KNOWN AS THE PHILIPPINE QUALIFICATIONS FRAMEWORK ACT, APPROPRIATING FUNDS THEREFOR AND FOR OTHER PURPOSES",
315,Joel  Villanueva,Senator Senate of the Philippines,SBN-365,AN ACT INTEGRATING LABOR EDUCATION IN THE SENIOR HIGH SCHOOL (SHS) CURRICULUM,
315,Joel  Villanueva,Senator Senate of the Philippines,SBN-366,"AN ACT PROVIDING FOR AN OPT-IN MECHANISM FOR TELEPHONE AND MOBILE SUBSCRIBERS, PROTECTING SUCH SUBSCRIBERS FROM ELECTRONIC SCAMS AND THREATS THROUGH  THE MISUSE OF DIGITAL TECHNOLOGY, AND PROVIDING PENALTIES FOR VIOLATIONS THEREOF",
315,Joel  Villanueva,Senator Senate of the Philippines,SBN-367,"AN ACT REQUIRING THE ESTABLISHMENT OF DIALYSIS CLINICS IN ALL NATIONAL, REGIONAL AND PROVINCIAL HOSPITALS AND PROVIDING FOR FREE DIALYSIS TREATMENTS TO INDIGENT PATIENTS AND APPROPRIATING FUNDS THEREFOR",
315,Joel  Villanueva,Senator Senate of the Philippines,SBN-368,"AN ACT STRENGTHENING ACCESS TO CREDIT OF MICRO, SMALL, AND MEDIUM ENTERPRISES, AMENDING FOR THE PURPOSE, REPUBLIC ACT NO. 6977, AS AMENDED, OTHERWISE KNOWN AS THE 'MAGNA CARTA FOR MICRO, SMALL AND  MEDIUM ENTERPRISES' AND FOR OTHER PURPOSES",
315,Joel  Villanueva,Senator Senate of the Philippines,SBN-560,"AN ACT FURTHER STRENGTHENING WORKERS? RIGHT TO SELF-ORGANIZATION, AMENDING FOR THE PURPOSE
ARTICLES 240[234](C), 242[235], 243[236], 244[237] AND 285[270] OF PRESIDENTIAL DECREE NO. 442, AS AMENDED,OTHERWISE KNOWN AS THE LABOR CODE OF THE PHILIPPINES AND FOR OTHER PURPOSES",
315,Joel  Villanueva,Senator Senate of the Philippines,SBN-561,AN ACT STRENGTHENING THE EMPLOYMENT RIGHTS OF MEMBERS OF THE RESERVE FORCE  OF THE ARMED FORCES OF THE PHILIPPINES AND FOR OTHER PURPOSES,
315,Joel  Villanueva,Senator Senate of the Philippines,SBN-562,"AN ACT ESTABLISHING THE PAGKAIN PARA SA LAHAT PROGRAM, AND FOR OTHER PURPOSES",
315,Joel  Villanueva,Senator Senate of the Philippines,SBN-563,"AN ACT AMENDING SECTION 16 OF REPUBLIC ACT NO. 7610, AS AMENDED BY REPUBLIC ACT NO. 9231, OTHERWISE KNOWN AS THE SPECIAL
PROTECTION OF CHILDREN AGAINST CHILD ABUSE, EXPLOITATION AND DISCRIMINATION ACT",
315,Joel  Villanueva,Senator Senate of the Philippines,SBN-564,"AN ACT PROVIDING FOR ADDITIONAL BENEFITS FOR ALL TEACHING AND NON-TEACHING PERSONNEL IN PUBLIC BASIC EDUCATION SCHOOLS, APPROPRIATING FUNDS THEREFOR AND FOR OTHER PURPOSES",
315,Joel  Villanueva,Senator Senate of the Philippines,SBN-565,"AN ACT PROVIDING FOR ADDITIONAL BENEFITS FOR ALL TEACHING PERSONNEL IN STATE UNIVERSITIES AND
COLLEGES AND STATE-RUN TECHNICAL AND VOCATIONAL INSTITUTIONS, APPROPRIATING FUNDS THEREFOR AND
FOR OTHER PURPOSES",
315,Joel  Villanueva,Senator Senate of the Philippines,SBN-566,"AN ACT ESTABLISHING SPECIAL HEALTH FACILITIES FOR OVERSEAS FILIPINO WORKERS (OFWS) AND THEIR
DEPENDENTS TO BE KNOWN AS BAGONG BAYANING FILIPINO HOSPITAL, APPROPRIATING
FUNDS THEREFOR AND FOR OTHER PURPOSES",
315,Joel  Villanueva,Senator Senate of the Philippines,SBN-567,"AN ACT PROVIDING FREE INSURANCE FOR COVERED APPLICANTS OF OVERSEAS EMPLOYMENT CERTIFICATES, APPROPRIATING FUNDS THEREFOR AND FOR OTHER PURPOSES",
315,Joel  Villanueva,Senator Senate of the Philippines,SBN-568,AN ACT INSTITUTIONALIZING AND ENHANCING THE SKILLS CERTIFICATE EQUIVALENCY PROGRAM (SCEP) OF THE CIVIL SERVICE COMMISSION (CSC) AND THE TECHNICAL EDUCATION AND SKILLS AUTHORITY (TESDA) AND FOR OTHER PURPOSES,
315,Joel  Villanueva,Senator Senate of the Philippines,SBN-569,AN ACT INSTITUTIONALIZING SPORTS VARSITY TEAMS IN ELEMENTARY AND SECONDARY SCHOOLS AND FOR OTHER PURPOSES,
315,Joel  Villanueva,Senator Senate of the Philippines,SBN-570,"AN ACT AMENDING REPUBLIC ACT NO. 7743, OTHERWISE KNOWN AS 'AN ACT PROVIDING FOR THE ESTABLISHMENT OF CONGRESSIONAL, CITY, AND MUNICIPAL LIBRARIES AND BARANGAY READING CENTERS THROUGHOUT THE PHILIPPINES' AND FOR OTHER PURPOSES",
315,Joel  Villanueva,Senator Senate of the Philippines,SBN-571,AN ACT PROVIDING FOR A MAGNA CARTA OF COMMUTERS,
315,Joel  Villanueva,Senator Senate of the Philippines,SBN-572,"AN ACT AUTHORIZING THE COMMISSION ON ELECTIONS TO USE AND IMPLEMENT AN AUTOMATED AND ONLINE SYSTEM FOR VOTER REGISTRATION, PROVIDING FUNDS THEREFOR, AND FOR OTHER PURPOSES",
315,Joel  Villanueva,Senator Senate of the Philippines,SBN-573,AN ACT INTEGRATING ENVIRONMENTAL EDUCATION IN THE SENIOR HIGH SCHOOL (SHS) CURRICULUM,
315,Joel  Villanueva,Senator Senate of the Philippines,SBN-574,AN ACT PROVIDING AN ADDITIONAL CASH ASSISTANCE PROGRAM FOR FILIPINOS TO AID IN MITIGATING THE EFFECTS OF THE CORONAVIRUS PANDEMIC AND SIMILAR NATIONAL EMERGENCIES,
315,Joel  Villanueva,Senator Senate of the Philippines,SBN-575,AN ACT MANDATING PUBLIC TELECOMMUNICATIONS ENTITIES TO DISCLOSE SERVICE COVERAGE DATA TO THE PUBLIC,
315,Joel  Villanueva,Senator Senate of the Philippines,SBN-576,AN ACT MANDATING FOOD MANUFACTURERS TO DISPLAY COLOR-CODED NUTRITIONAL INFORMATION ON FOOD PACKAGING AND FOR OTHER PURPOSES,
315,Joel  Villanueva,Senator Senate of the Philippines,SBN-577,"AN ACT PROVIDING FOR THE CREATION OF THE PHILIPPINE EXTRACTIVE INDUSTRIES TRANSPARENCY INITIATIVE
AND FOR OTHER PURPOSES",
315,Joel  Villanueva,Senator Senate of the Philippines,SBN-578,AN ACT GRANTING HAZARD PAY TO COVERED EMPLOYEES OF THE GOVERNMENT AND APPROPRIATING FUNDS THEREFOR,
315,Joel  Villanueva,Senator Senate of the Philippines,SBN-579,AN ACT GRANTING HAZARD PAY TO WORKERS IN CRITICAL INDUSTRIES DURING A STATE OF CALAMITY OR EMERGENCY OR PUBLIC HEALTH EMERGENCY,
315,Joel  Villanueva,Senator Senate of the Philippines,SBN-729,"AN ACT AMENDING SECTION 16 OF REPUBLIC ACT NO. 7160, OTHERWISE KNOWN AS THE LOCAL GOVERNMENT CODE OF 1991, AND FOR OTHER PURPOSES",
315,Joel  Villanueva,Senator Senate of the Philippines,SBN-730,"AN ACT AMENDING SECTION 55 OF BATAS PAMBANSA BLG. 881, OTHERWISE KNOWN AS THE OMNIBUS ELECTION CODE, AS AMENDED, PROVIDING FUNDS THEREFOR, AND FOR OTHER PURPOSES",
315,Joel  Villanueva,Senator Senate of the Philippines,SBN-731,"AN ACT INSTITUTIONALIZING SKILLS TRAINING PROGRAM AND PROVIDING JOB OPPORTUNITIES TO PERSONS DEPRIVED OF LIBERTY IN DETENTION FACILITIES, APPROPRIATING FUNDS THEREFOR AND FOR OTHER PURPOSES",
315,Joel  Villanueva,Senator Senate of the Philippines,SBN-732,"AN ACT CREATING THE NATIONAL INDEPENDENT COMMISSION AGAINST CORRUPTION (NICAC), APPROPRIATING FUNDS THEREFOR AND FOR OTHER PURPOSES",
315,Joel  Villanueva,Senator Senate of the Philippines,SBN-733,AN ACT PROTECTING UNATTENDED CHILDREN IN MOTOR VEHICLE,
315,Joel  Villanueva,Senator Senate of the Philippines,SBN-734,"AN ACT DETERRING THE CONTINUED PROLIFERATION OF IMMORAL DOCTRINES, OBSCENE PUBLICATIONS AND EXHIBITIONS AND INDECENT SHOWS BY INCREASING THE PENALTIES THEREFOR, AND FOR OTHER PURPOSES",
315,Joel  Villanueva,Senator Senate of the Philippines,SBN-735,"AN ACT REQUIRING THE PROVISION OF
INFANT-FRIENDLY FACILITIES IN GOVERNMENT AGENCIES AND OTHER ESTABLISHMENTS",
315,Joel  Villanueva,Senator Senate of the Philippines,SBN-736,"AN ACT PROVIDING FOR MANDATORY FREE HEALTH MAINTENANCE ORGANIZATION (HMO) PLAN COVERAGE TO FACULTY AND
NON-TEACHING PERSONNEL IN STATE UNIVERSITIES AND COLLEGES AND FOR OTHER PURPOSES",
315,Joel  Villanueva,Senator Senate of the Philippines,SBN-737,"AN ACT INSTITUTIONALIZING THE 1989 UNIVERSITY OF THE PHILIPPINES - DEPARTMENT OF NATIONAL DEFENSE ACCORD, AMENDING FOR THIS PURPOSE REPUBLIC ACT NO. 9500, OTHERWISE KNOWN AS THE UNIVERSITY OF THE PHILIPPINES, CHARTER OF 2008, AND FOR OTHER PURPOSES",
315,Joel  Villanueva,Senator Senate of the Philippines,SBN-738,AN ACT REQUIRING THE DISPLAY OF CALORIE AND OTHER NUTRITIONAL INFORMATION IN MENUS OF FOOD SERVICE ESTABLISHMENTS AND FOR OTHER PURPOSES,
315,Joel  Villanueva,Senator Senate of the Philippines,SBN-739,"AN ACT RECOGNIZING ALTERNATIVE MODES OF PUBLIC TRANSPORTATION, PROVIDING REGULATIONS GOVERNING THEIR OPERATIONS, AND FOR OTHER PURPOSES",
315,Joel  Villanueva,Senator Senate of the Philippines,SBN-740,AN ACT INSTITUTIONALIZING INDUSTRY CLUSTER-BASED PROGRAMS AND PROJECTS THROUGH INTER-LOCAL COOPERATION AND PEOPLE?S PARTICIPATION AND FOR OTHER PURPOSES,
315,Joel  Villanueva,Senator Senate of the Philippines,SBN-741,"AN ACT RATIONALIZING GOVERNMENT INTERVENTIONS IN LABOR DISPUTES BY ADOPTING THE ESSENTIAL SERVICES CRITERIA IN THE EXERCISE OF THE ASSUMPTION OR CERTIFICATION POWER OF THE SECRETARY OF LABOR AND EMPLOYMENT, AND DECRIMINALIZING VIOLATIONS THEREOF, AMENDING FOR THE PURPOSE ARTICLES 278[263], 279[264] AND 287[272] OF PRESIDENTIAL DECREE
442, OTHERWISE KNOWN AS THE LABOR CODE OF THE PHILIPPINES, AS AMENDED AND FOR OTHER PURPOSES",
315,Joel  Villanueva,Senator Senate of the Philippines,SBN-742,AN ACT PROVIDING CAMPUS HOUSING TO TENURED PERSONNEL IN STATE UNIVERSITIES AND COLLEGES AND FOR OTHER PURPOSES,
315,Joel  Villanueva,Senator Senate of the Philippines,SBN-743,"AN ACT REQUIRING ALL FOREIGN NATIONALS WHO INTEND TO WORK IN THE PHILIPPINES TO PRESENT AN EMPLOYMENT PERMIT PRIOR TO THE ISSUANCE OF NONIMMIGRANT VISA OR TEMPORARY ADMISSION TO THE PHILIPPINES, AMENDING FOR THE PURPOSE COMMONWEALTH ACT NO. 613, AS AMENDED, OTHERWISE KNOWN AS THE PHILIPPINE IMMIGRATION ACT OF 1940",
315,Joel  Villanueva,Senator Senate of the Philippines,SBN-744,"AN ACT PROVIDING A STANDARD OF CARE FOR THE TREATMENT OF PERSONS WITH BLEEDING DISORDERS, ESTABLISHING TREATMENT CENTERS AND APPROPRIATING FUNDS THEREFOR",
315,Joel  Villanueva,Senator Senate of the Philippines,SBN-745,"AN ACT REQUIRING POLICE AND MILITARY PERSONNEL TO COORDINATE WITH PUBLIC EDUCATIONAL INSTITUTIONS PRIOR TO ENTRY IN THE PREMISES THEREOF, AND FOR OTHER PURPOSES",
315,Joel  Villanueva,Senator Senate of the Philippines,SBN-746,"AN ACT STRENGTHENING THE PROCEDURE FOR REGISTRATION OF VOTERS DURING BARANGAY ELECTIONS, AMENDING FOR THE PURPOSE REPUBLIC ACT NO. 8189, OTHERWISE KNOWN AS THE 'VOTER?S REGISTRATION ACT OF 1996' AND FOR OTHER PURPOSES",
315,Joel  Villanueva,Senator Senate of the Philippines,SBN-747,"AN ACT PROHIBITING DISCRIMINATION ON THE BASIS OF AGE, SEX, CIVIL STATUS, COLOR, ECONOMIC STATUS, ETHNICITY, MEDICAL CONDITION, PHYSICAL DISABILITY, POLITICAL OPINION OR AFFILIATION, RACE, OR RELIGIOUS BELIEF, PROVIDING PENALTIES THEREFOR AND FOR OTHER PURPOSES",
315,Joel  Villanueva,Senator Senate of the Philippines,SBN-923,"AN ACT ENSURING THE EQUITABLE DISTRIBUTION OF FUNDS BETWEEN THE NATIONAL GOVERNMENT AND LOCAL GOVERNMENT UNITS, APPROPRIATING FUNDS THEREFOR AND FOR OTHER PURPOSES",
315,Joel  Villanueva,Senator Senate of the Philippines,SBN-924,"AN ACT PROMOTING LOCAL GOVERNMENT EMPOWERMENT IN ORDER TO ACHIEVE INCLUSIVE DEVELOPMENT, AMENDING FOR THE PURPOSE SECTION 284 OF REPUBLIC ACT NO. 7160, OTHERWISE KNOWN AS THE LOCAL GOVERNMENT CODE OF 1991",
315,Joel  Villanueva,Senator Senate of the Philippines,SBN-925,"AN ACT REQUIRING PROOF OF AVAILABLE PARKING SPACE FROM MOTOR VEHICLE OWNERS IN METROPOLITAN AREAS AS A PRE-REQUISITE FOR THE REGISTRATION OF A MOTOR VEHICLE WITH THE LAND TRANSPORTATION OFFICE (LTO), AMENDING FOR THE PURPOSE REPUBLIC ACT NO. 4136, OTHERWISE KNOWN AS THE ?LAND TRANSPORTATION AND TRAFFIC CODE? AND
FOR OTHER PURPOSES",
315,Joel  Villanueva,Senator Senate of the Philippines,SBN-926,"AN ACT ENHANCING THE SAFETY OF PEDESTRIANS, FURTHER AMENDING REPUBLIC ACT NO. 4136, AS AMENDED,
OTHERWISE KNOWN AS THE 'LAND TRANSPORTATION AND TRAFFIC CODE,' APPROPRIATING FUNDS THEREFOR, AND FOR OTHER PURPOSES",
315,Joel  Villanueva,Senator Senate of the Philippines,SBN-927,"AN ACT AMENDING PRESIDENTIAL DECREE NO. 972, AS AMENDED BY PRESIDENTIAL DECREE NO.
1174, OTHERWISE KNOWN AS THE 'COAL MINING DEVELOPMENT ACT OF 1976' AND FOR OTHER PURPOSES",
315,Joel  Villanueva,Senator Senate of the Philippines,SBN-928,"AN ACT AMENDING SECTION 6 OF REPUBLIC ACT NO. 1379, OTHERWISE KNOWN AS 'AN ACT DECLARING FORFEITURE IN FAVOR OF THE STATE ANY PROPERTY FOUND TO HAVE BEEN UNLAWFULLY ACQUIRED BY ANY PUBLIC OFFICER OR EMPLOYEE AMD PROVIDING FOR THE PROCEEDINGS THEREFOR' AND FOR OTHER PURPOSES",
315,Joel  Villanueva,Senator Senate of the Philippines,SBN-929,"AN ACT STRENGTHENING THE WITNESS PROTECTION, SECURITY AND BENEFIT PROGRAM, AMENDING FOR THE PURPOSE REPUBLIC ACT NO. 6981, OTHERWISE KNOWN AS THE 'WITNESS PROTECTION, SECURITY AND BENEFIT ACT,' APPROPRIATING FUNDS THEREFOR AND FOR OTHER PURPOSES",
315,Joel  Villanueva,Senator Senate of the Philippines,SBN-930,"AN ACT STRENGTHENING THE BARANGAY DAY CARE SYSTEM, AMENDING FOR THE PURPOSE REPUBLIC ACT NO. 6972, OTHERWISE KNOWN AS THE 'BARANGAY-LEVEL TOTAL DEVELOPMENT AND PROTECTION OF CHILDREN ACT'  AND FOR OTHER PURPOSES",
315,Joel  Villanueva,Senator Senate of the Philippines,SBN-931,"AN ACT EXPANDING THE PROHIBITED ACTS OF DISCRIMINATION AGAINST WOMEN ON ACCOUNT OF SEX, AMENDING FOR THE PURPOSE
ARTICLES 133 [135] AND 135 [137] OF PRESIDENTIAL DECREE NO. 442, AS AMENDED, OTHERWISE KNOWN AS THE LABOR CODE OF THE PHILIPPINES",
315,Joel  Villanueva,Senator Senate of the Philippines,SBN-932,"AN ACT GRANTING DISTINCTIVE HONORS AND PRIVILEGES TO NATIONAL ATHLETES, CREATING A NATIONAL ENDOWMENT FUND FOR SPORTS HEROES, AND APPROPRIATING FUNDS THEREFOR",
315,Joel  Villanueva,Senator Senate of the Philippines,SBN-933,"AN ACT IMPLEMENTING THE PEOPLE?S RIGHT TO INFORMATION AND THE CONSTITUTIONAL POLICIES OF FULL PUBLIC DISCLOSURE AND HONESTY IN THE PUBLIC SERVICE, APPROPRIATING FUNDS THEREFOR AND FOR OTHER PURPOSES",
315,Joel  Villanueva,Senator Senate of the Philippines,SBN-934,"AN ACT AMENDING REPUBLIC ACT NO. 7581, AS AMENDED, OTHERWISE KNOWN AS THE ?PRICE ACT? AND FOR OTHER
PURPOSES",
315,Joel  Villanueva,Senator Senate of the Philippines,SBN-935,"AN ACT LOWERING THE OPTIONAL RETIREMENT AGE OF GOVERNMENT EMPLOYEES FROM SIXTY
(60) YEARS OLD TO FIFTY-FIVE (55) YEARS OLD, AMENDING FOR THE PURPOSE SECTION 13-A OF REPUBLIC ACT NO. 8291, OTHERWISE KNOWN AS 'THE GOVERNMENT SERVICE INSURANCE SYSTEM ACT OF 1997'",
315,Joel  Villanueva,Senator Senate of the Philippines,SBN-936,"AN ACT INSTITUTIONALIZING A NATIONAL VALUES, ETIQUETTE, AND MORAL UPRIGHTNESS PROGRAM; A COMMISSION ON FILIPINO VALUES; AND INTER-FAITH PRESIDENTIAL COUNCIL, INSTITUTING A FAITH-BASED AND
VALUES-ORIENTED LEADERSHIP, AND FOR OTHER PURPOSES",
315,Joel  Villanueva,Senator Senate of the Philippines,SBN-937,AN ACT ESTABLISHING THE PHILIPPINE CENTER FOR DIABETES AND ENDOCRINOLOGY AND FOR OTHER PURPOSES,
315,Joel  Villanueva,Senator Senate of the Philippines,SBN-938,"AN ACT ENHANCING THE CONTINUING PROFESSIONAL DEVELOPMENT OF FILIPINO WORKERS AND PROFESSIONALS, AMENDING FOR THE PURPOSE REPUBLIC ACT NO. 10912, OTHERWISE KNOWN AS THE 'CONTINUING PROFESSIONAL DEVELOPMENT ACT OF 2016'",
315,Joel  Villanueva,Senator Senate of the Philippines,SCR-1,"CONCURRENT RESOLUTION CREATING A JOINT COMMITTEE OF THE SENATE AND THE HOUSE OF REPRESENTATIVES TO NOTIFY THE PRESIDENT OF THE PHILIPPINES THAT CONGRESS, NOW CONVENED FOR ITS FIRST REGULAR SESSION OF THE NINETEENTH CONGRESS OF THE PHILIPPINES, IS READY TO HEAR HIS STATE OF THE NATION ADDRESS IN A JOINT SESSION OF BOTH HOUSES",
315,Joel  Villanueva,Senator Senate of the Philippines,SCR-4,CONCURRENT RESOLUTION PROVIDING FOR THE LEGISLATIVE CALENDAR FOR THE FIRST REGULAR SESSION OF THE NINETEENTH CONGRESS OF THE PHILIPPINES,
315,Joel  Villanueva,Senator Senate of the Philippines,SRN-1,"RESOLUTION INFORMING HIS EXCELLENCY, THE PRESIDENT OF THE PHILIPPINES, THAT THE SENATE HAS BEEN ORGANIZED WITH THE ELECTION OF ITS OFFICERS AND THAT THIS BODY HAS ENTERED UPON THE EXERCISE OF ITS FUNCTIONS FOR THE FIRST REGULAR SESSION OF THE NINETEENTH CONGRESS OF THE PHILIPPINES",
315,Joel  Villanueva,Senator Senate of the Philippines,SRN-100,"RESOLUTION DIRECTING THE COMMITTEE ON LABOR, EMPLOYMENT AND HUMAN RESOURCES DEVELOPMENT AND OTHER APPROPRIATE COMMITTEE/S OF THE SENATE TO CONDUCT AN INQUIRY, IN AID OF LEGISLATION, ON THE GOVERNMENT PROGRAMS AND INITIATIVES TO HARNESS THE POTENTIAL OF THE SALT PRODUCTION INDUSTRY AS A JOB GENERATOR AND AS AN INSTRUMENT FOR ECONOMIC DEVELOPMENT",
315,Joel  Villanueva,Senator Senate of the Philippines,SRN-111,RESOLUTION RECOGNIZING AND CONGRATULATING THE PHILIPPINE TEAM IN THE 11? ASEAN PARA GAMES FOR THEIR OUTSTANDING PERFORMANCE,
315,Joel  Villanueva,Senator Senate of the Philippines,SRN-130,RESOLUTION EXPRESSING THE DEEPEST SYMPATHIES AND SINCERE CONDOLENCES OF THE SENATE ON THE DEATH OF PHILIPPINE SPORTS ICON LYDIA DE VEGA-MERCADO,
315,Joel  Villanueva,Senator Senate of the Philippines,SRN-170,"RESOLUTION RECOGNIZING AND CONGRATULATING ERNEST JOHN ''EJ'' OBIENA FOR HIS OUTSTANDING
PERFORMANCE AT THE 2022 TRUE ATHLETES CLASSIC EVENT",
315,Joel  Villanueva,Senator Senate of the Philippines,SRN-189,"RESOLUTION DIRECTING THE APPROPRIATE COMMITTEE/S OF THE SENATE TO CONDUCT AN INQUIRY, IN AID OF LEGISLATION, ON THE STATUS OF IMPLEMENTATION OF REPUBLIC ACT NO. 7076, OR ''AN ACT CREATING A PEOPLE?S SMALL-SCALE MINING PROGRAM AND FOR OTHER PURPOSES'', AND OTHER RELEVANT LAWS PERTAINING TO SMALL-SCALE MINING, WITH THE END IN VIEW OF PROMOTING RESPONSIBLE MINING AND PROVIDING THE NECESSARY POLICY INTERVENTIONS FOR THE DEVELOPMENT OF THE SMALL-SCALE MINING SECTOR AND THE GENERATION OF QUALITY JOB OPPORTUNITIES FOR SMALL-SCALE MINERS",
315,Joel  Villanueva,Senator Senate of the Philippines,SRN-2,RESOLUTION INFORMING THE HOUSE OF REPRESENTATIVES THAT THE SENATE HAS BEEN ORGANIZED WITH THE ELECTION OF ITS OFFICERS AND THAT THIS BODY HAS ENTERED UPON THE EXERCISE OF ITS FUNCTIONS FOR THE FIRST REGULAR SESSION OF THE NINETEENTH CONGRESS OF THE PHILIPPINES,
315,Joel  Villanueva,Senator Senate of the Philippines,SRN-208,RESOLUTION HONORING AND COMMENDING THE METROBANK FOUNDATION OUTSTANDING FILIPINOS OF 2022,
315,Joel  Villanueva,Senator Senate of the Philippines,SRN-209,"RESOLUTION COMMENDING AND CONGRATULATING RUBILEN AMIT, CARLO BIADO, AND JOHANN CHUA FOR WINNING THE PREDATOR WORLD TEAMS 10-BALL CHAMPIONSHIP IN KLAGENFURT, AUSTRIA",
315,Joel  Villanueva,Senator Senate of the Philippines,SRN-225,"RESOLUTION DIRECTING THE COMMITTEE ON WAYS AND MEANS AND OTHER APPROPRIATE COMMITTEE/S OF THE SENATE TO CONDUCT AN INQUIRY, IN AID OF LEGISLATION ON THE REVENUES GENERATED BY THE GOVERNMENT FROM PHILIPPINE OFFSHORE GAMING OPERATORS (POGOS) VIS-?-VIS THE SOCIAL COSTS ATTENDANT TO THE OPERATION OF POGOS IN THE COUNTRY",
315,Joel  Villanueva,Senator Senate of the Philippines,SRN-240,RESOLUTION COMMENDING AND HONORING THE EXTRAORDINARY HEROISM OF FIVE MEMBERS OF BULACAN PROVINCIAL DISASTER RISK REDUCTION MANAGEMENT OFFICE WHO DIED IN THE LINE OF DUTY DURING THE ONSLAUGHT OF SUPER TYPHOON ''KARDING'' AND EXPRESSING PROFOUND CONDOLENCES AND DEEPEST SYMPATHIES OF THE SENATE OF THE PHILIPPINES TO THE BEREAVED FAMILIES,
315,Joel  Villanueva,Senator Senate of the Philippines,SRN-243,"RESOLUTION AUTHORIZING ALL REGULAR STANDING COMMITTEES, OVERSIGHT COMMITTEES AND SPECIAL COMMITTEES OF THE SENATE TO CONDUCT HEARINGS, MEETINGS AND CONSULTATIONS DURING
EVERY RECESS OF THE SENATE TO HAVE CONTINUITY IN THE PROCESS OF PASSING PENDING PROPOSED LEGISLATION AND TO CONDUCT INVESTIGATIONS ON ISSUES OF NATIONAL INTERESTS TO AID IN CRAFTING RELEVANT LEGISLATION",
315,Joel  Villanueva,Senator Senate of the Philippines,SRN-256,"RESOLUTION  CONGRATULATING AND COMMENDING EUMIR FELIX MARCIAL FOR HIS THIRD STRAIGHT PROFESSIONAL BOXING VICTORY AT A MIDDLEWEIGHT BOXING MATCH AGAINST STEVEN PICHARDO IN CALIFORNIA, UNITED STATES OF AMERICA",
315,Joel  Villanueva,Senator Senate of the Philippines,SRN-269,"RESOLUTION RECOGNIZING AND CONGRATULATING CARLOS YULO FOR HIS OUTSTANDING PERFORMANCE AT THE 51ST FEDERATION
INTERNATIONALE DE GYMNASTIQUE (FIG) ARTISTIC GYMNASTICS WORLD CHAMPIONSHIPS",
315,Joel  Villanueva,Senator Senate of the Philippines,SRN-270,"RESOLUTION RECOGNIZING AND CONGRATULATING MEGGIE OCHOA AND KIMBERLY ANNE CUSTODIO FOR THEIR OUTSTANDING PERFORMANCE AT THE 2022
JIU-JITSU INTERNATIONAL FEDERATION WORLD
CHAMPIONSHIPS",
315,Joel  Villanueva,Senator Senate of the Philippines,SRN-285,"RESOLUTION CONGRATULATING AND COMMENDING CHESS PRODIGY BINCE RAFAEL OPERIANO FOR WINNING THE SIXTH EASTERN ASIA YOUTH CHESS CHAMPIONSHIP IN BANGKOK, THAILAND",
315,Joel  Villanueva,Senator Senate of the Philippines,SRN-288,RESOLUTION RECOGNIZING AND CONGRATULATING CARLO PAALAM FOR HIS OUTSTANDING PERFORMANCE AT THE 2022 ASIAN ELITE MEN & WOMEN BOXING CHAMPIONSHIPS,
315,Joel  Villanueva,Senator Senate of the Philippines,SRN-310,"RESOLUTION RECOGNIZING AND CONGRATULATING ELAIZA AND KARL ANDREW YULO FOR THEIR OUTSTANDING PERFORMANCES AT
THE JRC ARTISTIC GYMNASTICS STARS CHAMPIONSHIPS",
315,Joel  Villanueva,Senator Senate of the Philippines,SRN-311,"RESOLUTION RECOGNIZING AND CONGRATULATING JOYCE GAIL REBOTON FOR HER IMPRESSIVE PERFORMANCE AT THE 2022 WORLD
OPEN EQUIPPED POWERLIFTING CHAMPIONSHIPS",
315,Joel  Villanueva,Senator Senate of the Philippines,SRN-325,RESOLUTION CONGRATULATING AND COMMENDING THE BATANGAS STATE UNIVERSITY ENGINEERING STUDENTS TEAM FOR BEING THE CHAMPION-UNIVERSITY CATEGORY IN THE ENGINEERING INNOVATION CHALLENGE 2022 HELD IN SINGAPORE,
315,Joel  Villanueva,Senator Senate of the Philippines,SRN-329,RESOLUTION RECOGNIZING AND CONGRATULATING MA. LOVELLA CATALAN AND JACKIE LOU SUAREZ FOR THEIR IMPRESSIVE PERFORMANCE AT THE 2022 SEA DEAF GAMES,
315,Joel  Villanueva,Senator Senate of the Philippines,SRN-355,"RESOLUTION URGING THE DEPARTMENT OF EDUCATION, DEPARTMENT OF HEALTH, DEPARTMENT OF SOCIAL WELFARE AND DEVELOPMENT, DEPARTMENT OF THE INTERIOR AND LOCAL GOVERNMENT, AND PHILIPPINE STATISTICS AUTHORITY TO COLLECT, ANALYZE, PUBLISH, AND UPDATE THE COUNTRY?S DISABILITY STATISTICS USING THE APPROPRIATE DATA COLLECTION INSTRUMENT TO ENSURE A MORE RESPONSIVE GOVERNMENTAL POLICY AND PROGRAMS FOR PERSONS WITH DISABILITY",
315,Joel  Villanueva,Senator Senate of the Philippines,SRN-357,RESOLUTION RECOGNIZING AND CONGRATULATING HIDILYN DIAZ-NARANJO FOR HER IMPRESSIVE PERFORMANCE AT THE 2022 INTERNATIONAL WEIGHTLIFTING FEDERATION WORLD CHAMPIONSHIPS,
315,Joel  Villanueva,Senator Senate of the Philippines,SRN-358,RESOLUTION RECOGNIZING AND CONGRATULATING JODI CHRISSIE GARCIA STA. MARIA FOR WINNING BEST ACTRESS IN A LEADING ROLE AT THE 2022 ASIAN ACADEMY CREATIVE AWARDS,
315,Joel  Villanueva,Senator Senate of the Philippines,SRN-362,RESOLUTION RECOGNIZING AND CONGRATULATING SOFIA LEXI JACQUELINE FRANK FOR HER IMPRESSIVE PERFORMANCE AT THE 2022 ASIAN OPEN FIGURE SKATING TROPHY,
315,Joel  Villanueva,Senator Senate of the Philippines,SRN-378,"RESOLUTION RECOGNIZING AND CONGRATULATING CHERRY ANN RONDINA, JOVELYN GONZAGA, GENESA JANE ESLAPOR, AND FLOREMEL RODRIGUEZ FOR THEIR IMPRESSIVE PERFORMANCES AT THE 2022 VOLLEYBALL WORLD BEACH PRO TOUR",
315,Joel  Villanueva,Senator Senate of the Philippines,SRN-382,"RESOLUTION CONGRATULATING AND COMMENDING SANDREX GAINSAN FOR WINNING THE GOLD MEDAL IN THE QIANGSHU EVENT OF THE 8TH WORLD JUNIOR WUSHU CHAMPIONSHIPS HELD IN TANGERANG, INDONESIA",
315,Joel  Villanueva,Senator Senate of the Philippines,SRN-383,"RESOLUTION CONGRATULATING AND COMMENDING SOFIELLE PRAJATI ''PRAJ'' DELA CRUZ FOR WINNING TWO GOLD MEDALS AND ONE SILVER MEDAL FOR THE PHILIPPINES IN THE 2022 INTERNATIONAL FEDERATION OF SPORT CLIMBING-ASIAN KIDS CHAMPIONSHIP HELD IN JAMSHEDPUR, INDIA",
315,Joel  Villanueva,Senator Senate of the Philippines,SRN-384,"RESOLUTION RECOGNIZING AND CONGRATULATING JOVAN MEDALLO, RENZ DACQUEL, AND CHEIN YOSOREZ FOR THEIR STELLAR
PERFORMANCES AT THE ASIAN KICKBOXING CHAMPIONSHIPS 2022",
315,Joel  Villanueva,Senator Senate of the Philippines,SRN-385,"RESOLUTION DIRECTING THE APPROPRIATE SENATE COMMITTEE TO CONDUCT AN INQUIRY, IN AID OF LEGISLATION, ON THE STATE OF FOOD SECURITY IN THE PHILIPPINES",
315,Joel  Villanueva,Senator Senate of the Philippines,SRN-390,"RESOLUTION DIRECTING THE APPROPRIATE COMMITTEE/S OF THE SENATE TO CONDUCT AN INQUIRY, IN AID OF LEGISLATION, ON THE RECENT TECHNICAL GLITCH IN THE COUNTRY?S AIR TRAFFIC MANAGEMENT SYSTEM WITH A VIEW
TO IMPROVING THE PHILIPPINES? OVERALL AIR TRAFFIC SERVICES, UTILIZING IT AS AN ENGINE OF FURTHER ECONOMIC GROWTH, AND ALIGNING THE RELEVANT AGENCIES? PLANS WITH THE GOALS OF THE PHILIPPINE DEVELOPMENT PLAN 2023-2028 TO SPUR THE ECONOMY, REVITALIZE THE TOURISM SECTOR, AND CREATE MORE
OPPORTUNITIES FOR JOB GENERATION",
315,Joel  Villanueva,Senator Senate of the Philippines,SRN-394,"RESOLUTION DIRECTING THE COMMITTEE ON LABOR, EMPLOYMENT AND HUMAN RESOURCES DEVELOPMENT AND OTHER APPROPRIATE COMMITTEE/S OF THE SENATE TO CONDUCT AN INQUIRY, IN AID OF LEGISLATION, ON THE GOVERNMENT PROGRAMS AND INITIATIVES TO PREPARE AND PROTECT THE BANANA INDUSTRY FROM THE SPREAD OF THE TR4 FUNGUS AND OTHER DISEASES
AND FURTHER EXPAND THE POTENTIAL OF THE BANANA INDUSTRY AS AN EMPLOYMENT GENERATOR IN THE COUNTRY",
315,Joel  Villanueva,Senator Senate of the Philippines,SRN-395,RESOLUTION RECOGNIZING AND CONGRATULATING THE PHILIPPINE WRESTLING TEAM FOR THEIR OUTSTANDING PERFORMANCE AT THE 2022 SOUTHEAST ASIAN WRESTLING CHAMPIONSHIPS,
315,Joel  Villanueva,Senator Senate of the Philippines,SRN-396,RESOLUTION CONGRATULATING THE PHILIPPINE KICKBOXING DELEGATION FOR THEIR EXCEPTIONAL PERFORMANCE AT THE 2022 ASIAN KICKBOXING CHAMPIONSHIPS,
315,Joel  Villanueva,Senator Senate of the Philippines,SRN-397,RESOLUTION CONGRATULATING THE PHILIPPINE JUNIOR NATIONAL SWIMMING TEAM FOR THEIR EXCEPTIONAL PERFORMANCE AT THE 44TH SOUTHEAST ASIAN AGE GROUP SWIMMING CHAMPIONSHIPS,
315,Joel  Villanueva,Senator Senate of the Philippines,SRN-398,"RESOLUTION RECOGNIZING AND CONGRATULATING THE TEAM BEHIND THE SHORT FILM, THE HEADHUNTER?S DAUGHTER, FOR WINNING THE SHORT FILM GRAND JURY PRIZE AT THE 2022 SUNDANCE FILM FESTIVAL",
315,Joel  Villanueva,Senator Senate of the Philippines,SRN-399,"RESOLUTION RECOGNIZING AND CONGRATULATING THE TEAM BEHIND THE FILM, LEONOR WILL NEVER DIE, FOR WINNING THE SPECIAL JURY PRIZE FOR INNOVATIVE SPIRIT AT THE 2022 SUNDANCE FILM FESTIVAL",
315,Joel  Villanueva,Senator Senate of the Philippines,SRN-405,"RESOLUTION CONGRATULATING AND COMMENDING DAVID AFRICA AND TOBI LEUNG OF THE ATENEO DE MANILA UNIVERSITY?S DEBATE SOCIETY FOR WINNING THE 2023 WORLD UNIVERSITIES DEBATING CHAMPIONSHIP HELD IN MADRID, SPAIN",
315,Joel  Villanueva,Senator Senate of the Philippines,SRN-410,RESOLUTION RECOGNIZING AND CONGRATULATING MELVIN JERUSALEM FOR HIS OUTSTANDING VICTORY OVER MASATAKA TANIGUCHI TO BECOME THE NEW WBO MINIMUMWEIGHT CHAMPION,
315,Joel  Villanueva,Senator Senate of the Philippines,SRN-411,RESOLUTION CONGRATULATING THE PHILIPPINE TEAM FOR THEIR EXCEPTIONAL PERFORMANCE AT THE 10TH MOMBASA OPEN TONG-IL MOO DO INTERNATIONAL MARTIAL ARTS CHAMPIONSHIP,
315,Joel  Villanueva,Senator Senate of the Philippines,SRN-428,"RESOLUTION CONGRATULATING THE PHILIPPINE ESPORTS TEAM, ECHO ESPORTS, FOR THEIR EXCEPTIONAL PERFORMANCE AT THE MOBILE LEGENDS: BANG BANG M4 WORLD CHAMPIONSHIP",
315,Joel  Villanueva,Senator Senate of the Philippines,SRN-429,RESOLUTION CONGRATULATING THE 19 FILIPINO STUDENTS WHO WERE AWARDED GOLD MEDALS AT THE WORLD INTERNATIONAL MATHEMATICAL OLYMPIAD,
315,Joel  Villanueva,Senator Senate of the Philippines,SRN-456,RESOLUTION URGING THE EXECUTIVE DEPARTMENT TO RATIFY THE INTERNATIONAL LABOUR ORGANIZATION CONVENTION NO. 190 CONCERNING THE ELIMINATION OF VIOLENCE AND HARASSMENT IN THE WORLD OF WORK,
315,Joel  Villanueva,Senator Senate of the Philippines,SRN-457,RESOLUTION CONGRATULATING AND COMMENDING MARIA LUISA VARELA FOR WINNING THE MISS PLANET INTERNATIONAL PAGEANT,
315,Joel  Villanueva,Senator Senate of the Philippines,SRN-460,RESOLUTION CONGRATULATING AND COMMENDING THE PHILIPPINE PARA CHESS TEAM FOR WINNING THE BRONZE MEDAL IN THE 1ST FIDE CHESS OLYMPIAD FOR PEOPLE WITH DISABILITIES HELD IN SERBIA,
315,Joel  Villanueva,Senator Senate of the Philippines,SRN-461,RESOLUTION CONGRATULATING AND COMMENDING ERNEST JOHN ''EJ'' OBIENA FOR WINNING THE GOLD MEDALS AT THE PERCHE EN OR TOURNAMENT IN FRANCE AND 2023 ORLEN CUP IN POLAND,
315,Joel  Villanueva,Senator Senate of the Philippines,SRN-471,"RESOLUTION CONGRATULATING AND COMMENDING JULIE UYCHIAT FOR BEING THE FIRST FILIPINA TO FINISH THE WORLD MARATHON CHALLENGE, WINNING FOUR OF THE SEVEN MARATHONS IN ITS 2023 EDITION",
315,Joel  Villanueva,Senator Senate of the Philippines,SRN-73,"RESOLUTION EXPRESSING THE PROFOUND SYMPATHY AND SINCERE CONDOLENCES OF THE SENATE ON THE DEATH OF THE TWELFTH PRESIDENT OF THE REPUBLIC OF THE PHILIPPINES, HIS EXCELLENCY, PRESIDENT FIDEL VALDEZ RAMOS",
315,Joel  Villanueva,Senator Senate of the Philippines,SRN-95,RESOLUTION RECONSTITUTING THE SPECIAL COMMITTEE ON MARAWI CITY REHABILITATION,
315,Joel  Villanueva,Senator Senate of the Philippines,SRN-98,"RESOLUTION DIRECTING THE COMMITTEE ON BASIC EDUCATION, ARTS, AND CULTURE AND OTHER APPROPRIATE COMMITTEE/S OF THE SENATE TO CONDUCT AN INQUIRY, IN AID OF LEGISLATION, ON THE REVIEW OF THE IMPLEMENTATION OF THE K-12 BASIC EDUCATION PROGRAM",
315,Joel  Villanueva,Senator Senate of the Philippines,SRN-99,RESOLUTION RECOGNIZING AND CONGRATULATING ANGELINE COLONIA FOR HER OUTSTANDING PERFORMANCE AT THE ASIAN YOUTH AND JUNIOR WEIGHTLIFTING CHAMPIONSHIPS,
329,"Manuel ""Lito"" M. Lapid",Senator Senate of the Philippines,SRN-198,RESOLUTION EXPRESSING THE PROFOUND SYMPATHY AND SINCERE CONDOLENCES OF THE SENATE OF THE PHILIPPINES ON THE DEATH OF QUEEN ELIZABETH II OF THE UNITED KINGDOM OF GREAT BRITAIN AND NORTHERN IRELAND,
329,"Manuel ""Lito"" M. Lapid",Senator Senate of the Philippines,SBN-1076,"AN ACT ESTABLISHING A RENTAL SUBSIDY PROGRAM FOR INFORMAL SETTLER FAMILIES, APPROPRIATING FUNDS THEREFOR, AND FOR OTHER PURPOSES",PENDING IN THE COMMITTEE DATE : 9/6/2022
329,"Manuel ""Lito"" M. Lapid",Senator Senate of the Philippines,SBN-1078,"AN ACT GRANTING ADDITIONAL LEAVES FOR VICTIMS OF DOMESTIC VIOLENCE, PROVIDING PARAMETERS THEREFOR, AND AMENDING FOR SUCH PURPOSE REPUBLIC ACT NO. 9262, OTHERWISE KNOWN AS THE ANTI-VIOLENCE AGAINST WOMEN AND CHILDREN ACT",PENDING IN THE COMMITTEE DATE : 9/6/2022
329,"Manuel ""Lito"" M. Lapid",Senator Senate of the Philippines,SBN-1111,"AN ACT RENAMING THE URDANETA CITY BYPASS ROAD, TRAVERSING BARANGAYS NANCAYASAN, SANTO DOMINGO, STA. LUCIA, CAMANTILES,  AND ANONAS IN THE CITY OF URDANETA, PROVINCE OF PANGASINAN, AS AMBASSADOR EDUARDO ?DANDING? M. COJUANGCO, JR. AVENUE",PENDING IN THE COMMITTEE DATE : 9/6/2022
329,"Manuel ""Lito"" M. Lapid",Senator Senate of the Philippines,SBN-1179,"AN ACT CONDONING UNPAID INTEREST, PENALTIES, SURCHARGES ON LOANS AND AMORTIZATION OF LANDS AWARDED TO COMPREHENSIVE AGRARIAN REFORM BENEFICIARIES, REPEALING FOR THE PURPOSE, SECTION 26 OF REPUBLIC ACT NO. 6657 OTHERWISE KNOWN AS THE COMPREHENSIVE AGRARIAN REFORM LAW OF 1988, AND FOR OTHER PURPOSES","CONSOLIDATED/SUBSTITUTED IN THE COMMITTEE REPORT DATE : 2/8/2023
Committee Report No.:24 Date:2/7/2023
SUBSTITUTED BY SBN-1850 UNDER COMMITTEE REPORT NO. 24."
329,"Manuel ""Lito"" M. Lapid",Senator Senate of the Philippines,SBN-1201,"AN ACT ESTABLISHING A NURSING HOME FOR QUALIFIED HOMELESS AND ABANDONED SENIOR CITIZENS IN EVERY CITY OR MUNICIPALITY IN THE PHILIPPINES, APPROPRIATING FUNDS THEREFOR, AND FOR OTHER
PURPOSES",PENDING IN THE COMMITTEE DATE : 9/7/2022
329,"Manuel ""Lito"" M. Lapid",Senator Senate of the Philippines,SBN-1202,"AN ACT ESTABLISHING AN ON-SITE, IN-CITY OR NEAR-CITY RESETTLEMENT PROGRAM FOR INFORMAL SETTLER FAMILIES IN ACCORDANCE WITH A PEOPLE'S PLAN AND MANDATING RELOCATING LOCAL GOVERNMENT UNITS TO PROVIDE OTHER BASIC SERVICES AND LIVELIHOOD COMPONENTS IN FAVOR OF THE RECIPIENT LOCAL GOVERNMENT UNIT, AMENDING FOR THE PURPOSE REPUBLIC ACT NO. 7279, AS AMENDED, OTHERWISE KNOWN AS THE 'URBAN DEVELOPMENT AND HOUSING ACT OF 1992'",PENDING IN THE COMMITTEE DATE : 9/7/2022
329,"Manuel ""Lito"" M. Lapid",Senator Senate of the Philippines,SBN-1230,AN ACT ESTABLISHING AN AGRICULTURAL PENSION FUND TO PROVIDE PENSION BENEFITS TO FARMERS AND FISHERFOLK,PENDING IN THE COMMITTEE DATE : 9/7/2022
329,"Manuel ""Lito"" M. Lapid",Senator Senate of the Philippines,SBN-1231,AN ACT TO PROMOTE AND PROTECT THE HEALTH OF SCHOOL CHILDREN IN PUBLIC ELEMENTARY AND SECONDARY SCHOOLS AND LEARNING CENTERS,PENDING IN THE COMMITTEE DATE : 9/7/2022
329,"Manuel ""Lito"" M. Lapid",Senator Senate of the Philippines,SBN-1232,"AN ACT ESTABLISHING A NATIONAL POLICY OF FREE HOUSING THROUGH USUFRUCT, PROVIDING FUNDS THEREFOR, AND FOR OTHER PURPOSES",PENDING IN THE COMMITTEE DATE : 9/7/2022
329,"Manuel ""Lito"" M. Lapid",Senator Senate of the Philippines,SBN-1287,"AN ACT TO DESIGNATE SEPTEMBER AS PHILIPPINE FILM INDUSTRY MONTH AND MANDATE THE FILM DEVELOPMENT COUNCIL OF THE PHILIPPINES TO CONDUCT EVENTS ON VARIOUS FILM-RELATED DISCIPLINES DURING ITS CELEBRATION, TO APPROPRIATE FUNDS THEREFOR, AND FOR OTHER PURPOSES",PENDING IN THE COMMITTEE DATE : 9/20/2022
329,"Manuel ""Lito"" M. Lapid",Senator Senate of the Philippines,SBN-1288,"AN ACT AMENDING REPUBLIC ACT NO. 8047, OTHERWISE KNOWN AS THE ?BOOK PUBLISHING INDUSTRY DEVELOPMENT ACT,? PROVIDING FOR THE SCANNING AND CONVERSION OF PUBLIC SCHOOL TEXTBOOKS INTO E-BOOKS AND OTHER DIGITAL FORMATS",PENDING IN THE COMMITTEE DATE : 9/20/2022
329,"Manuel ""Lito"" M. Lapid",Senator Senate of the Philippines,SBN-1289,AN ACT TO PROMOTE THE ACCOUNTABILITY OF SOCIAL MEDIA WEBSITES AND OTHER SIMILAR ONLINE PLATFORMS AND ITS MEMBERS BY REQUIRING THE SUBMISSION VALID PROOFS OF IDENTIFICATION AS A PRECONDITION TO MEMBERSHIP,PENDING IN THE COMMITTEE DATE : 9/20/2022
329,"Manuel ""Lito"" M. Lapid",Senator Senate of the Philippines,SBN-1324,AN ACT REQUIRING THE PLACEMENT OF AUTOMATED EXTERNAL DEFIBRILLATORS (AED) IN PUBLIC SPACES AND INCREASING PUBLIC AWARENESS ON ITS ROLE IN SAVING LIVES,PENDING IN THE COMMITTEE DATE : 9/21/2022
329,"Manuel ""Lito"" M. Lapid",Senator Senate of the Philippines,SBN-1325,"AN ACT INSTITUTIONALIZING A RAPID
RE-HOUSING PROGRAM TO END HOMELESSNESS AND APPROPRIATING FUNDS THEREFOR",PENDING IN THE COMMITTEE DATE : 9/21/2022
329,"Manuel ""Lito"" M. Lapid",Senator Senate of the Philippines,SBN-1348,"AN ACT AMENDING SECTIONS 48, 77, 176, 181,194 AND 238 OF PRESIDENTIAL DECREE NO. 612, OTHERWISE KNOWN AS THE INSURANCE CODE, AS AMENDED",PENDING IN THE COMMITTEE DATE : 9/28/2022
329,"Manuel ""Lito"" M. Lapid",Senator Senate of the Philippines,SBN-1351,"AN ACT  ESTABLISHING THE PHILIPPINE ENTREPRENEURS' ACADEMY,  AND APPROPRIATING FUNDS THEREFOR AND FOR OTHER PURPOSES",PENDING IN THE COMMITTEE DATE : 9/28/2022
329,"Manuel ""Lito"" M. Lapid",Senator Senate of the Philippines,SBN-1352,"AN ACT MAINTAINING AND PRESERVING FILIPINO FILMS, CREATING THE NATIONAL FILM ARCHIVE OF THE PHILIPPINES, APPROPRIATING FUNDS THEREFOR AND FOR OTHER PURPOSES",PENDING IN THE COMMITTEE DATE : 9/28/2022
329,"Manuel ""Lito"" M. Lapid",Senator Senate of the Philippines,SBN-1386,"AN ACT INSTITUTIONALIZING THE PROMOTION OF INTEGRATED URBAN AGRICULTURE AND OTHER EMERGING INNOVATIVE SUSTAINABLE AGRICULTURAL PRODUCTION PRACTICES AND TECHNOLOGIES IN CITIES AND OTHER STRATEGIC AREAS THROUGHOUT THE COUNTRY TO ADDRESS FOOD SECURITY CONCERNS, APPROPRIATING FUNDS THEREFOR AND FOR OTHER PURPOSES",PENDING IN THE COMMITTEE DATE : 11/7/2022
329,"Manuel ""Lito"" M. Lapid",Senator Senate of the Philippines,SBN-1387,"AN ACT CREATING A CACAO RESEARCH AND DEVELOPMENT CENTER, AUTHORIZING THE APPROPRIATION OF FUNDS THEREFOR, AND FOR OTHER PURPOSES",PENDING IN THE COMMITTEE DATE : 11/7/2022
329,"Manuel ""Lito"" M. Lapid",Senator Senate of the Philippines,SBN-1469,AN ACT ESTABLISHING THE NEGROS ISLAND REGION TO BE KNOWN AS REGION  XVIII AND FOR OTHER PURPOSES,PENDING IN THE COMMITTEE DATE : 11/22/2022
329,"Manuel ""Lito"" M. Lapid",Senator Senate of the Philippines,SBN-1471,"AN ACT DECLARING QUIAPO DISTRICT IN THE CITY OF MANILA A NATIONAL HISTORICAL - CULTURAL HERITAGE ZONE, APPROPRIATE FUNDS THEREFOR, AND FOR OTHER PURPOSES",PENDING IN THE COMMITTEE DATE : 11/22/2022
329,"Manuel ""Lito"" M. Lapid",Senator Senate of the Philippines,SBN-1472,"AN ACT DESIGNATING THE SIXTEENTH DAY OF MAY OF EVERY YEAR A SPECIAL WORKING HOLIDAY TO BE KNOWN AS THE NATIONAL EDUCATION SUPPORT PERSONNEL DAY, MANDATING THE DEPARTMENT OF EDUCATION TO CONDUCT EVENTS DURING ITS OBSERVANCE, APPROPRIATING FUNDS THEREFOR, AND FOR OTHER PURPOSES",PENDING IN THE COMMITTEE DATE : 11/22/2022
329,"Manuel ""Lito"" M. Lapid",Senator Senate of the Philippines,SBN-1498,AN ACT INSTITUTIONALIZING A DRUG OVERDOSE REPORTING AND AWARENESS SYSTEM TO PREVENT DRUG OVERDOSE-RELATED DEATHS,PENDING IN THE COMMITTEE DATE : 11/22/2022
329,"Manuel ""Lito"" M. Lapid",Senator Senate of the Philippines,SBN-1499,"AN ACT PROVIDING SUPPORT SERVICES FOR MICRO, SMALL, AND MEDIUM ENTERPRISES (MSMES) IN ONLINE SPACES, PROVIDING MECHANISMS FOR THEIR INTEGRATION INTO THE FORMAL ECONOMY, AND FOR OTHER PURPOSES",PENDING IN THE COMMITTEE DATE : 11/22/2022
329,"Manuel ""Lito"" M. Lapid",Senator Senate of the Philippines,SBN-1511,"AN ACT INCREASING THE SERVICE INCENTIVE LEAVE OF EMPLOYEES, AMENDING FOR THE PURPOSE ARTICLE 95 OF PRESIDENTIAL DECREE NO. 442, AS AMENDED, OTHERWISE KNOWN AS THE LABOR CODE
OF THE PHILIPPINES",PENDING IN THE COMMITTEE DATE : 11/22/2022
329,"Manuel ""Lito"" M. Lapid",Senator Senate of the Philippines,SBN-1552,"AN ACT ESTABLISHING A FRAMEWORK FOR THE PROMOTION AND DEVELOPMENT  OF A VIBRANT BAMBOO INDUSTRY IN THE PHILIPPINES, PROVIDING  FOR ITS SCIENTIFIC PROPAGATION AND SUSTAINABLE UTILIZATION,  CREATING THE NATIONAL BAMBOO COUNCIL OF THE PHILIPPINES  (NBCP), ALLOCATING FUNDS THEREFOR AND FOR OTHER PURPOSES",PENDING IN THE COMMITTEE DATE : 11/29/2022
329,"Manuel ""Lito"" M. Lapid",Senator Senate of the Philippines,SBN-1553,"AN ACT INCREASING THE PERSONNEL ECONOMIC RELIEF ALLOWANCE (PERA) GRANTED TO GOVERNMENT EMPLOYEES TO FIVE THOUSAND PESOS (P5,000), APPROPRIATING FUNDS THEREFOR",PENDING IN THE COMMITTEE DATE : 11/29/2022
329,"Manuel ""Lito"" M. Lapid",Senator Senate of the Philippines,SBN-1602,"AN ACT ESTABLISHING THE DISABILITY SUPPORT FUND FOR THE EMPOWERMENT, FULL PARTICIPATION AND INCLUSION OF PERSONS WITH DISABILITIES IN SOCIETY AND APPROPRIATING FUNDS THEREFOR","PENDING SECOND READING, ORDINARY BUSINESS
DATE : 12/7/2022
Committee Report No.:16 Date:12/7/2022"
329,"Manuel ""Lito"" M. Lapid",Senator Senate of the Philippines,SBN-1679,AN ACT  MANDATING PRIVATE HIGHER EDUCATION INSTITUTIONS TO WAIVE THE COLLEGE ENTRANCE EXAMINATION FEES TO UNDERPRIVILEGED GRADUATING HIGH SCHOOL STUDENTS,PENDING IN THE COMMITTEE DATE : 1/24/2023
329,"Manuel ""Lito"" M. Lapid",Senator Senate of the Philippines,SBN-1680,"AN ACT PROMOTING PHILIPPINE INDIGENOUS AND TRADITIONAL WRITING SYSTEMS AND PROVIDING FOR THEIR PROTECTION, PRESERVATION, AND CONSERVATION",PENDING IN THE COMMITTEE DATE : 1/24/2023
329,"Manuel ""Lito"" M. Lapid",Senator Senate of the Philippines,SBN-1681,AN ACT TO DESIGNATE THE SECOND DAY OF JULY OF EVERY YEAR A SPECIAL NON-WORKING HOLIDAY IN THE CITY OF PASIG TO BE KNOWN AS THE ARAW NG PASIG,PENDING IN THE COMMITTEE DATE : 1/24/2023
329,"Manuel ""Lito"" M. Lapid",Senator Senate of the Philippines,SBN-1765,"AN ACT PROVIDING PROTECTION, SECURITY, AND BENEFITS FOR NEWS MEDIA WORKERS",PENDING IN THE COMMITTEE DATE : 1/31/2023
329,"Manuel ""Lito"" M. Lapid",Senator Senate of the Philippines,SBN-1766,"AN ACT  GRANTING FULL INSURANCE COVERAGE TO ALL QUALIFIED AGRARIAN  REFORM BENEFICIARIES OF THE COMPREHENSIVE AGRARIAN REFORM  PROGRAM, AMENDING FOR THE PURPOSE REPUBLIC ACT NO. 6657, AS AMENDED, BY REPUBLIC ACT NO. 9700, OTHERWISE KNOWN AS THE COMPREHENSIVE AGRARIAN REFORM LAW OF 1988",PENDING IN THE COMMITTEE DATE : 1/31/2023
329,"Manuel ""Lito"" M. Lapid",Senator Senate of the Philippines,SBN-1767,AN ACT PROVIDING FOR FREE FREIGHT SERVICES IN THE TRANSPORTATION OF RELIEF GOODS TO CALAMITY-STRICKEN AREAS,PENDING IN THE COMMITTEE DATE : 1/31/2023
329,"Manuel ""Lito"" M. Lapid",Senator Senate of the Philippines,SBN-1768,"AN ACT DECLARING THE BINAN HERITAGE DISTRICT IN THE CITY OF BINAN A NATIONAL HISTORICAL - CULTURAL HERITAGE ZONE, APPROPRIATE FUNDS THEREFOR, AND FOR OTHER PURPOSES",PENDING IN THE COMMITTEE DATE : 1/31/2023
329,"Manuel ""Lito"" M. Lapid",Senator Senate of the Philippines,SBN-1769,"AN ACT TO DESIGNATE THE SIXTH (6TH) DAY OF JANUARY OF EVERY YEAR AS A SPECIAL WORKING HOLIDAY TO BE KNOWN AS TANDANG SORA DAY, MANDATING CONCERNED AGENCIES TO CONDUCT EVENTS DURING ITS OBSERVANCE, TO APPROPRIATE FUNDS THEREFOR, AND FOR OTHER PURPOSES",PENDING IN THE COMMITTEE DATE : 1/31/2023
329,"Manuel ""Lito"" M. Lapid",Senator Senate of the Philippines,SBN-1795,"AN ACT  STRENGTHENING THE PROMOTION AND DELIVERY OF MENTAL HEALTH  SERVICES IN BASIC EDUCATION THROUGH THE HIRING AND DEPLOYMENT OF MENTAL HEALTH PROFESSIONALS, AND 5 APPROPRIATING FUNDS THEREFOR",PENDING IN THE COMMITTEE DATE : 2/1/2023
329,"Manuel ""Lito"" M. Lapid",Senator Senate of the Philippines,SBN-1796,AN ACT STRENGTHENING THE MENTAL HEALTH SERVICES OF STATE UNIVERSITIES AND COLLEGES AND APPROPRIATING FUNDS THEREFOR,PENDING IN THE COMMITTEE DATE : 2/1/2023
329,"Manuel ""Lito"" M. Lapid",Senator Senate of the Philippines,SBN-1797,"AN ACT DECLARING NOVEMBER 12 OF EVERY YEAR A REGULAR NON-WORKING HOLIDAY IN THE CITY OF VALENZUELA, IN COMMEMORATION OF ITS FOUNDATION ANNIVERSARY",PENDING IN THE COMMITTEE DATE : 2/1/2023
329,"Manuel ""Lito"" M. Lapid",Senator Senate of the Philippines,SBN-1811,"AN ACT ESTABLISHING GREATER RESPONSIBILITY AND ACCOUNTABILITY FROM PRIVATE EMPLOYMENT AGENCIES, AMENDING FOR THE PURPOSE REPUBLIC ACT NO. 10361, OTHERWISE KNOWN AS THE BATAS KASAMBAHAY",PENDING IN THE COMMITTEE DATE : 2/1/2023
329,"Manuel ""Lito"" M. Lapid",Senator Senate of the Philippines,SBN-1812,"AN ACT AMENDING SECTIONS 3 AND 4 OF REPUBLIC ACT NO. 10845, OTHERWISE KNOWN AS THE ANTI-AGRICULTURAL SMUGGLING ACT OF 2016 AND FOR OTHER PURPOSES",PENDING IN THE COMMITTEE DATE : 2/1/2023
329,"Manuel ""Lito"" M. Lapid",Senator Senate of the Philippines,SBN-1813,"AN ACT DECLARING JUNE 17 OF EVERY YEAR A SPECIAL NON-WORKING HOLIDAY  IN THE CITY OF LAPU-LAPU, PROVINCE OF CEBU, IN COMMEMORATION  OF ITS CHARTER ANNIVERSARY",PENDING IN THE COMMITTEE DATE : 2/1/2023
329,"Manuel ""Lito"" M. Lapid",Senator Senate of the Philippines,SBN-1826,"AN ACT TO DESIGNATE THE FIFTEENTH (15TH) DAY OF JULY OF EVERY YEAR A SPECIAL
NON-WORKING HOLIDAY IN THE CORDILLERA ADMINISTRATIVE REGION TO BE KNOWN AS CORDILLERA DAY, MANDATING CONCERNED GOVERNMENT AGENCIES TO CONDUCT EVENTS DURING ITS OBSERVANCE",PENDING IN THE COMMITTEE DATE : 2/6/2023
329,"Manuel ""Lito"" M. Lapid",Senator Senate of the Philippines,SBN-1827,"AN ACT EXPANDING THE PROHIBITED ACTS OF DISCRIMINATION AGAINST WOMEN ON ACCOUNT OF SEX, AMENDING FOR THE PURPOSE PRESIDENTIAL DECREE NO. 442, AS AMENDED,
OTHERWISE KNOWN AS THE LABOR CODE OF THE PHILIPPINES",PENDING IN THE COMMITTEE DATE : 2/6/2023
329,"Manuel ""Lito"" M. Lapid",Senator Senate of the Philippines,SBN-1828,"AN ACT TO DESIGNATE THE FOURTH (4TH) DAY OF APRIL OF EVERY YEAR A SPECIAL
NON-WORKING HOLIDAY IN THE CITY OF ANTIPOLO, PROVINCE OF RIZAL, TO BE KNOWN AS ARAW NG ANTIPOLO, IN COMMEMORATION OF ITS CITYHOOD ANNIVERSARY",PENDING IN THE COMMITTEE DATE : 2/6/2023
329,"Manuel ""Lito"" M. Lapid",Senator Senate of the Philippines,SBN-1834,"AN ACT DECLARING MARCH 2 OF EVERY YEAR A SPECIAL NON-WORKING HOLIDAY IN THE PROVINCE OF LA UNION TO BE KNOWN AS LA UNION DAY, IN COMMEMORATION OF ITS FOUNDING ANNIVERSARY",PENDING IN THE COMMITTEE DATE : 2/7/2023
329,"Manuel ""Lito"" M. Lapid",Senator Senate of the Philippines,SBN-1835,"AN ACT DECLARING AUGUST 11 OF EVERY YEAR A SPECIAL NON-WORKING HOLIDAY IN THE PROVINCE OF SAMAR TO BE KNOWN AS SAMAR DAY, IN COMMEMORATION OF ITS FOUNDATION DAY",PENDING IN THE COMMITTEE DATE : 2/7/2023
329,"Manuel ""Lito"" M. Lapid",Senator Senate of the Philippines,SBN-1836,"AN ACT DECLARING FEBRUARY 21 OF EVERY YEAR A SPECIAL NON-WORKING HOLIDAY IN THE PROVINCE OF MARINDUQUE TO BE KNOWN AS ARAW NG MARINDUQUE, IN COMMEMORATION OF ITS FOUNDING ANNIVERSARY",PENDING IN THE COMMITTEE DATE : 2/7/2023
329,"Manuel ""Lito"" M. Lapid",Senator Senate of the Philippines,SBN-1876,AN ACT PROMOTING OPEN ACCESS IN DATA TRANSMISSION AND PROVIDING ADDITIONAL POWERS TO THE NATIONAL TELECOMMUNICATIONS COMMISSION,PENDING IN THE COMMITTEE DATE : 2/15/2023
329,"Manuel ""Lito"" M. Lapid",Senator Senate of the Philippines,SBN-1877,AN ACT ESTABLISHING A GREEN PUBLIC PROCUREMENT PROGRAM FOR ALL  BRANCHES OF GOVERNMENT,PENDING IN THE COMMITTEE DATE : 2/15/2023
329,"Manuel ""Lito"" M. Lapid",Senator Senate of the Philippines,SBN-1878,"AN ACT TO DESIGNATE THE FOURTH (4TH) DAY OF NOVEMBER OF EVERY YEAR A SPECIAL NON-WORKING HOLIDAY IN THE PROVINCE OF
QUEZON TO BE KNOWN AS HERMANO PULI DAY, MANDATING CONCERNED AGENCIES TO CONDUCT EVENTS DURING ITS OBSERVANCE",PENDING IN THE COMMITTEE DATE : 2/15/2023
329,"Manuel ""Lito"" M. Lapid",Senator Senate of the Philippines,SBN-268,AN ACT PROVIDING FOR A COMPREHENSIVE WATER RESOURCES MANAGEMENT AND FOR OTHER PURPOSES,PENDING IN THE COMMITTEE DATE : 8/3/2022
329,"Manuel ""Lito"" M. Lapid",Senator Senate of the Philippines,SBN-269,"AN ACT INSTITUTIONALIZING THE ESTABLISHMENT OF TERTIARY CARE HOSPITALS IN ALL REGIONS, AND APPROPRIATING FUNDS THEREFOR",PENDING IN THE COMMITTEE DATE : 8/3/2022
329,"Manuel ""Lito"" M. Lapid",Senator Senate of the Philippines,SBN-270,"AN ACT STANDARDIZING THE SALARIES AND BENEFITS OF BARANGAY OFFICIALS, AMENDING SECTION 393(N) OF REPUBLIC ACT NO. 7160, OTHERWISE KNOWN AS THE LOCAL GOVERNMENT CODE OF 1991",PENDING IN THE COMMITTEE DATE : 8/3/2022
329,"Manuel ""Lito"" M. Lapid",Senator Senate of the Philippines,SBN-272,AN ACT INSTITUTING A NATIONAL COMPREHENSIVE PROGRAM ON AUTISM SPECTRUM DISORDER AND FOR OTHER PURPOSES,PENDING IN THE COMMITTEE DATE : 8/3/2022
329,"Manuel ""Lito"" M. Lapid",Senator Senate of the Philippines,SBN-274,"AN ACT ESTABLISHING THE COLLEGE LIVING EXPENSES FINANCING (CLEF) PROGRAM TO SUPPORT HIGHER STUDIES OF FILIPINO STUDENTS OF GOOD ACADEMIC STANDING, MANDATING  THE NATIONAL GOVERNMENT TO SET UP A LOAN GUARANTEE FUND ON STUDENT LOANS TO BE PROVIDED BY THE DEVELOPMENT BANK OF THE PHILIPPINES (DBP) AND THE LAND BANK OF THE PHILIPPINES (LBP), APPROPRIATING FUNDS THEREFOR AND FOR OTHER PURPOSES",PENDING IN THE COMMITTEE DATE : 8/3/2022
329,"Manuel ""Lito"" M. Lapid",Senator Senate of the Philippines,SBN-275,AN ACT MANDATING THE LANGUAGE ACCESSIBILITY OF DISASTER-RELATED INFORMATION,PENDING IN THE COMMITTEE DATE : 8/3/2022
329,"Manuel ""Lito"" M. Lapid",Senator Senate of the Philippines,SBN-276,AN ACT REQUIRING MULTI-HAZARDS MAPS AND FLOOD HAZARD MAPS IN EVERY LOCAL GOVERNMENT UNIT AND FOR OTHER PURPOSES,PENDING IN THE COMMITTEE DATE : 8/3/2022
329,"Manuel ""Lito"" M. Lapid",Senator Senate of the Philippines,SBN-277,AN ACT INSTITUTIONALIZING SUSTAINABILITY IN GOVERNMENT-FUNDED SPORTS FACILITIES,PENDING IN THE COMMITTEE DATE : 8/3/2022
329,"Manuel ""Lito"" M. Lapid",Senator Senate of the Philippines,SBN-32,AN ACT EXEMPTING QUALIFIED INDIGENT FILIPINOS FROM PAYMENT OF PROFESSIONAL EXAMINATION FEES AND FOR OTHER PURPOSES,PENDING IN THE COMMITTEE DATE : 7/27/2022
329,"Manuel ""Lito"" M. Lapid",Senator Senate of the Philippines,SBN-33,AN ACT ESTABLISHING AN INTER-AGENCY GOVERNMENT TASK FORCE FOR THE PROTECTION AND ASSISTANCE OF TOURIST,PENDING IN THE COMMITTEE DATE : 7/27/2022
329,"Manuel ""Lito"" M. Lapid",Senator Senate of the Philippines,SBN-35,"AN ACT EHANCING THE PATIENT'S RIGHT TO MEDICAL EXPENSE TRANSPARENCY AND PREVENTING UNEXPECTED MEDICAL BILLS, AND FOR OTHER PURPOSES",PENDING IN THE COMMITTEE DATE : 7/27/2022
329,"Manuel ""Lito"" M. Lapid",Senator Senate of the Philippines,SBN-36,"AN ACT ESTABLISHING A FRAMEWORK FOR FILM AND TELEVISION TOURISM IN THE PHILIPPINES, CREATING AN INTER-AGENCY COMMITTEE ON FILM AND TELEVISION TOURISM AND FOR OTHER PURPOSES",PENDING IN THE COMMITTEE DATE : 7/27/2022
329,"Manuel ""Lito"" M. Lapid",Senator Senate of the Philippines,SBN-37,AN ACT PROMOTING THE ADOPTION OF DIGITAL PAYMENTS FOR FINANCIAL TRANSACTIONS OF THE GOVERNMENT AND ALL MERCHANTS AND FOR OTHER PURPOSES,PENDING IN THE COMMITTEE DATE : 7/27/2022
329,"Manuel ""Lito"" M. Lapid",Senator Senate of the Philippines,SBN-38,"AN ACT PROVIDING MEASURES TO PROTECT INDIVIDUALS ENGAGED IN FOOD, GROCERY AND PHARMACY DELIVERY SERVICES",PENDING IN THE COMMITTEE DATE : 7/27/2022
329,"Manuel ""Lito"" M. Lapid",Senator Senate of the Philippines,SBN-39,AN ACT MANDATING THE ESTABLISHMENT OF AN ONLINE LEGAL KNOWLEDGE AND ASSISTANCE SYSTEM THAT WILL BE ACCESSIBLE NATIONWIDE,PENDING IN THE COMMITTEE DATE : 7/27/2022
329,"Manuel ""Lito"" M. Lapid",Senator Senate of the Philippines,SBN-40,"AN ACT REDEFINING THE CRIME OF GAME-FIXING AND PRESCRIBING HIGHER PENALTIES THEREFOR, AMENDING FOR THIS PURPOSE PRESIDENTIAL DECREE NO. 483",PENDING IN THE COMMITTEE DATE : 7/27/2022
329,"Manuel ""Lito"" M. Lapid",Senator Senate of the Philippines,SBN-972,"AN ACT ESTABLISHING A DIAGNOSTIC LABORATORY FOR LIVESTOCK-RELATED DISEASES IN EVERY PROVINCE WHERE THE LIVESTOCK INDUSTRY IS A MAJOR ECONOMIC ACTIVITY, APPROPRIATING FUNDS THEREFOR AND FOR OTHER PURPOSES",PENDING IN THE COMMITTEE DATE : 9/5/2022
329,"Manuel ""Lito"" M. Lapid",Senator Senate of the Philippines,SBN-973,AN ACT PROVIDING FOR A MORATORIUM ON RENTAL PAYMENT AND EVICTION DURING DISASTERS AND OTHER EMERGENCIES,PENDING IN THE COMMITTEE DATE : 9/5/2022
329,"Manuel ""Lito"" M. Lapid",Senator Senate of the Philippines,SBN-974,AN ACT PROMOTING THE DIGITALIZATION OF FRONTLINE SERVICES OF ALL GOVERNMENT AGENCIES AND APPROPRIATING FUNDS THEREFOR,PENDING IN THE COMMITTEE DATE : 9/5/2022
329,"Manuel ""Lito"" M. Lapid",Senator Senate of the Philippines,SBN-975,AN ACT PROVIDING FOR A MORATORIUM ON STUDENT LOAN PAYMENT DURING DISASTERS AND OTHER EMERGENCIES,"CONSOLIDATED/SUBSTITUTED IN THE COMMITTEE REPORT DATE : 2/13/2023
Committee Report No.:26 Date:2/9/2023
SUBSTITUTED BY SBN-1864 UNDER COMMITTEE REPORT NO. 26."
329,"Manuel ""Lito"" M. Lapid",Senator Senate of the Philippines,SRN-112,"RESOLUTION CONGRATULATING AND COMMENDING THE ENTIRE PHILIPPINE DELEGATION ON THEIR OUTSTANDING PERFORMANCE FOR THE 2022 ASEAN PARA GAMES, OTHERWISE KNOWN AS THE 11TH ASEAN PARA GAMES, HELD FROM JULY 30 TO AUGUST 6, 2022 IN SURAKARTA, INDONESIA",
329,"Manuel ""Lito"" M. Lapid",Senator Senate of the Philippines,SRN-113,"RESOLUTION CONGRATULATING AND COMMENDING THE PHILIPPINE NATIONAL POLICE TAEKWONDO TEAM FOR WINNING THE OVERALL TITLE IN THE TAEKWONDO EVENT OF THE 2022 WORLD POLICE AND FIRE GAMES HELD LAST JULY 22-31, 2022 IN ROTTERDAM, NETHERLANDS",
329,"Manuel ""Lito"" M. Lapid",Senator Senate of the Philippines,SRN-129,"RESOLUTION EXPRESSING THE PROFOUND SYMPATHY AND SINCERE CONDOLENCES OF THE SENATE ON THE DEATH OF LYDIA DE
VEGA-MERCADO, WIDELY RECOGNIZED AS THE ASIA'S SPRINT QUEEN",
329,"Manuel ""Lito"" M. Lapid",Senator Senate of the Philippines,SRN-146,"RESOLUTION CONGRATULATING AND COMMENDING THE PHILIPPINE NATIONAL WEIGHTLIFTING TEAM ON ITS OUTSTANDING PERFORMANCE IN THE 2022 ASIAN YOUTH AND JUNIOR WEIGHTLIFTING
CHAMPIONSHIPS HELD LAST JULY 15-25, 2022 IN TASHKENT CITY, UZBEKISTAN",
329,"Manuel ""Lito"" M. Lapid",Senator Senate of the Philippines,SRN-161,"RESOLUTION CONGRATULATING AND COMMENDING THE ENTIRE PHILIPPINE DELEGATION ON THEIR OUTSTANDING PERFORMANCE IN SKATE ASIA 2022, HELD FROM AUGUST 6 TO AUGUST 14, 2022 IN KUALA LUMPUR, MALAYSIA",
329,"Manuel ""Lito"" M. Lapid",Senator Senate of the Philippines,SRN-162,"RESOLUTION CONGRATULATING AND COMMENDING PRINCESS MARY SUPERAL FOR SECURING HER FIRST INTERNATIONAL GOLF TITLE AT THE SIMONE ASIA PACIFIC CUP ON AUGUST 20, 2022 IN JAKARTA, INDONESIA",
329,"Manuel ""Lito"" M. Lapid",Senator Senate of the Philippines,SRN-163,"RESOLUTION CONGRATULATING AND COMMENDING ARENA GRANDMASTER DANDEL FERNANDEZ FOR BEING THE FIRST RUNNER UP OF THE 28TH ABU DHABI INTERNATIONAL CHESS FESTIVAL FRONTLINE HEROES HELD IN ABU DHABI, THE UNITED ARAB EMIRATES, ON  AUGUST 22, 2022",
329,"Manuel ""Lito"" M. Lapid",Senator Senate of the Philippines,SRN-164,"RESOLUTION CONGRATULATING AND COMMENDING ERNEST JOHN UY OBIENA FOR WINNING A GOLD MEDAL IN THE 26TH INTERNATIONALES STABHOCHSPRUNG IN JOCKGRIM, GERMANY, A BRONZE MEDAL IN THE WANDA DIAMOND LEAGUE IN LAUSANNE, SWITZERLAND AND ANOTHER GOLD MEDAL IN THE TRUE ATHLETES CLASSIC 2022 IN LEVERKUSEN, GERMANY",
329,"Manuel ""Lito"" M. Lapid",Senator Senate of the Philippines,SRN-166,"RESOLUTION CONGRATULATING AND COMMENDING CHEZKA CENTENO FOR WINNING THE 2022 ASIAN POOL FEDERATION WOMEN'S
9-BALL CHAMPIONSHIP HELD AT THE ASPIRE RECREATION CENTRE, SINGAPORE, ON AUGUST 28, 2022",
329,"Manuel ""Lito"" M. Lapid",Senator Senate of the Philippines,SRN-174,"RESOLUTION CONGRATULATING AND COMMENDING PEDIATRICIAN AND CHILDREN'S RIGHTS AND PROTECTION CRUSADER, DR. BERNADETTE J. MADRID FOR BEING ONE OF THE 2022 RAMON MAGSAYSAY AWARDEES",
329,"Manuel ""Lito"" M. Lapid",Senator Senate of the Philippines,SRN-175,"RESOLUTION CONGRATULATING AND COMMENDING THE ENTIRE PHILIPPINE DELEGATION ON THEIR OUTSTANDING PERFORMANCE IN THE 2022 CAMEROON INTERNATIONAL, HELD LAST AUGUST 25 - 28, 2022 IN YAOUNDE, CAMEROON",
329,"Manuel ""Lito"" M. Lapid",Senator Senate of the Philippines,SRN-176,"RESOLUTION CONGRATULATING AND COMMENDING THE WRESTLING ASSOCIATION OF THE PHILIPPINES ON ITS OUTSTANDING PERFORMANCE IN THE 2022 SINGAPORE BEACH WRESTLING FIESTA HELD LAST AUGUST 28, 2022 IN SENTOSA, SINGAPORE",
329,"Manuel ""Lito"" M. Lapid",Senator Senate of the Philippines,SRN-178,"RESOLUTION CONGRATULATING AND COMMENDING JOHN MARK TOKONG FOR WINNING A GOLD MEDAL AND ROGER CASUGAY FOR WINNING A BRONZE MEDAL IN THE PHUKET BEACH FESTIVAL 2022 HELD LAST
AUGUST 25-28, 2022 IN PHUKET, THAILAND",
329,"Manuel ""Lito"" M. Lapid",Senator Senate of the Philippines,SRN-179,"RESOLUTION CONGRATULATING AND COMMENDING ERNEST JOHN UY OBIENA FOR WINNING TWO GOLD MEDALS IN THE ST. WENDEL CITY JUMP IN SANKT WENDEL, GERMANY AND ''MEMORIAL VAN DAMME'' ATHLETICS MEETING WANDA DIAMOND LEAGUE IN BRUSSELS, BELGIUM",
329,"Manuel ""Lito"" M. Lapid",Senator Senate of the Philippines,SRN-180,"RESOLUTION CONGRATULATING AND COMMENDING THE SMART/MVP SPORTS FOUNDATION NATIONAL TAEKWONDO TEAM FOR BAGGING
NINETEEN (19) MEDALS IN THE 2022 ASIAN CADET, JUNIOR, AND PARA-TAEKWONDO CHAMPIONSHIPS HELD IN HO CHI MINH CITY, VIETNAM",
329,"Manuel ""Lito"" M. Lapid",Senator Senate of the Philippines,SRN-196,"RESOLUTION CONGRATULATING AND COMMENDING THE PHILIPPINE BLU BOYS SOFTBALL TEAM FOR EARNING SECOND PLACE IN THE 11TH MEN'S SOFTBALL ASIA CUP HELD IN KOCHI, JAPAN AND FOR SECURING A SPOT IN THE 2022 MEN'S SOFTBALL WORLD CUP",
329,"Manuel ""Lito"" M. Lapid",Senator Senate of the Philippines,SRN-197,"RESOLUTION CONGRATULATING AND COMMENDING THE TEAM PHILIPPINES FOR WINNING THE 2022 PREDATOR WORLD TEAMS 10-BALL CHAMPIONSHIP IN KLAGENFURT, AUSTRIA",
329,"Manuel ""Lito"" M. Lapid",Senator Senate of the Philippines,SRN-214,RESOLUTION CONGRATULATING AND COMMENDING THE GILAS PILIPINAS WOMEN FOR WINNING BRONZE AT THE 2022 FIBA UNDER-18 WOMEN'S ASIAN CHAMPIONSHIP,
329,"Manuel ""Lito"" M. Lapid",Senator Senate of the Philippines,SRN-215,RESOLUTION CONGRATULATING AND COMMENDING PHILIPPINE SCIENCE HIGH SCHOOL STUDENT GWEN LIANNA VALIMENTO FOR HER WIN AT THE 2022 INTERNATIONAL CLEAN TECH COMPETITION,
329,"Manuel ""Lito"" M. Lapid",Senator Senate of the Philippines,SRN-216,"RESOLUTION CONGRATULATING AND COMMENDING TEAM PHILIPPINES FOR THEIR SUCCESSFUL PARTICIPATION AT THE 2022 INTERNATIONAL GEOGRAPHY OLYMPIAD, ORGANIZED BY THE INTERNATIONAL GEOGRAPHICAL UNION, HELD IN PARIS, FRANCE",
329,"Manuel ""Lito"" M. Lapid",Senator Senate of the Philippines,SRN-220,RESOLUTION CONGRATULATING AND COMMENDING ATHLETE E3 OBIENA FOR HIS REMARKABLE AND SUCCESSFUL POLE VAULTING SEASON REPRESENTING THE PHILIPPINES AROUND THE WORLD,
329,"Manuel ""Lito"" M. Lapid",Senator Senate of the Philippines,SRN-221,RESOLUTION CONGRATULATING AND COMMENDING THE FILIPINO STUDENT DELEGATES THAT COMPETED IN THE 2022 NEWTONIAN INTERNATIONAL PHYSICS OLYMPIAD CHALLENGE,
329,"Manuel ""Lito"" M. Lapid",Senator Senate of the Philippines,SRN-232,"RESOLUTION CONGRATULATING AND COMMENDING KHEVINE CRUZ FOR WINNING THE SILVER MEDAL IN THE U-11 BOYS' SINGLES CATEGORY IN THE WORLD TABLE TENNIS YOUTH CONTENDER TOURNAMENT HELD IN BANGKOK, THAILAND",
329,"Manuel ""Lito"" M. Lapid",Senator Senate of the Philippines,SRN-235,RESOLUTION EXPRESSING PROFOUND SYMPATHY AND SINCERE CONDOLENCES TO THE FAMILIES OF THE FIVE FALLEN RESCUERS OF BULACAN WHO SACRIFICED THEIR LIVES IN THE PERFORMANCE OF THEIR DUTY DURING THE FLOODS BROUGHT BY SUPER TYPHOON KARDING AND COMMENDING THEM FOR THEIR EXEMPLARY COURAGE AND HEROISM,
329,"Manuel ""Lito"" M. Lapid",Senator Senate of the Philippines,SRN-236,"RESOLUTION CONGRATULATING AND COMMENDING THE FILIPINO ATHLETES WHO REPRESENTED US IN THE 2022 SOUTHEAST ASIAN TRIATHLON ASSOCIATION RACE HELD IN DESARU, MALAYSIA",
329,"Manuel ""Lito"" M. Lapid",Senator Senate of the Philippines,SRN-237,"RESOLUTION CONGRATULATING AND COMMENDING THE PHILIPPINE NATIONAL BADMINTON TEAM FOR WINNING THE SILVER MEDAL AT THE 2022 ASIA JUNIOR SPORTS EXCHANGE GAMES HELD IN TOKYO, JAPAN",
329,"Manuel ""Lito"" M. Lapid",Senator Senate of the Philippines,SRN-245,"RESOLUTION CONGRATULATING AND COMMENDING FILIPINO SCIENTISTS DR. LOURDES ''LULY'' CRUZ AND DR. BALDOMERO ''TOTO'' OLIVERA, RECIPIENTS OF THE 2022 GOLDEN GOOSE AWARDS",
329,"Manuel ""Lito"" M. Lapid",Senator Senate of the Philippines,SRN-247,RESOLUTION CONGRATULATING AND COMMENDING THE SEVEN RECIPIENTS OF THE 2022 ULIRANG GURO SA FILIPINO AWARD,
329,"Manuel ""Lito"" M. Lapid",Senator Senate of the Philippines,SRN-248,"RESOLUTION CONGRATULATING AND COMMENDING FILIPINO GYMNAST CARLOS EDRIEL YULO FOR WINNING THE GOLD, SILVER AND BRONZE MEDAL IN DIFFERENT CATEGORIES AT THE 55TH ANNUAL ALL-JAPAN SENIORS CHAMPIONSHIP",
329,"Manuel ""Lito"" M. Lapid",Senator Senate of the Philippines,SRN-249,"RESOLUTION CONGRATULATING AND COMMENDING ACTRESS BELINDA ''BELLE'' MARIANO FOR BEING THE FIRST-EVER FILIPINA RECIPIENT OF THE OUTSTANDING ASIAN STAR AWARD IN THE 2022 SEOUL INTERNATIONAL DRAMA AWARDS, HELD IN SOUTH KOREA",
329,"Manuel ""Lito"" M. Lapid",Senator Senate of the Philippines,SRN-274,RESOLUTION CONGRATULATING AND COMMENDING THE GENERAL SANTOS CITY JAIL MALE DORMITORY TEAM FOR COMPETING AND WINNING IN THE 2ND  INTERCONTINENTAL ONLINE CHESS CHAMPIONSHIP FOR PRISONERS,
329,"Manuel ""Lito"" M. Lapid",Senator Senate of the Philippines,SRN-275,RESOLUTION CONGRATULATING AND COMMENDING THE MASUNGI GEORESERVE FOR WINNING THE 2022 BETT AWARD FOR SUSTAINABILITY INITIATIVE,
329,"Manuel ""Lito"" M. Lapid",Senator Senate of the Philippines,SRN-276,RESOLUTION CONGRATULATING AND COMMENDING FILIPINO GYMNAST CARLOS EDRIEL YULO FOR HIS SUCCESSFUL RUN AT THE 51ST FIG ARTISTIC GYMNASTICS WORLD CHAMPIONSHIP,
329,"Manuel ""Lito"" M. Lapid",Senator Senate of the Philippines,SRN-278,RESOLUTION CONGRATULATING AND COMMENDING DAGUPAN'S BONUAN BOQUIG NATIONAL HIGH SCHOOL FOR WINNING THE 2022 WORLD'S BEST SCHOOL PRIZE FOR ENVIRONMENTAL ACTION,
329,"Manuel ""Lito"" M. Lapid",Senator Senate of the Philippines,SRN-28,"RESOLUTION EXPRESSING THE PROFOUND SYMPATHY AND SINCERE CONDOLENCES OF THE SENATE ON THE DEATH OF THE
LONGEST-SERVING JAPANESE PRIME MINISTER SHINZO ABE",CONSOLIDATED WITH ADOPTED RESOLUTION DATE : 7/27/2022
329,"Manuel ""Lito"" M. Lapid",Senator Senate of the Philippines,SRN-284,RESOLUTION CONGRATULATING AND COMMENDING FILIPINA JOURNALIST KARMINA CONSTANTINO FOR BEING NAMED THE 2022 MARSHALL MCLUHAN FELLOW FOR EXCELLENCE IN JOURNALISM,
329,"Manuel ""Lito"" M. Lapid",Senator Senate of the Philippines,SRN-290,RESOLUTION CONGRATULATING AND COMMENDING FILIPINO BOWLING LEGEND RAFAEL ''PAENG'' VILLAREAL NEPUMUCENO FOR CAPTURING THE GOLD MEDAL AT THE 16TH ASIAN SENIOR CHAMPIONSHIPS,
329,"Manuel ""Lito"" M. Lapid",Senator Senate of the Philippines,SRN-291,RESOLUTION CONGRATULATING AND COMMENDING TEAM PHILIPPINES FOR THEIR SUCCESSFUL RUN AT THE 2022 ASBC ASIAN ELITE BOXING CHAMPIONSHIPS AND CARLO PAALAM FOR WINNING THE GOLD MEDAL IN THE BANTAMWEIGHT DIVISION,
329,"Manuel ""Lito"" M. Lapid",Senator Senate of the Philippines,SRN-312,RESOLUTION CONGRATULATING AND COMMENDING THE OUTSTANDING WOMEN IN THE NATION'S SERVICE (TOWNS) 2022 AWARDEES,
329,"Manuel ""Lito"" M. Lapid",Senator Senate of the Philippines,SRN-313,RESOLUTION CONGRATULATING AND COMMENDING ALL THE FILIPINO CHORAL GROUPS AND COMPOSERS WHO PARTICIPATED AND GARNERED TOP HONORS AT THE 2022 BUSAN CHORAL FESTIVAL AND COMPETITION,
329,"Manuel ""Lito"" M. Lapid",Senator Senate of the Philippines,SRN-314,"RESOLUTION CONGRATULATING AND COMMENDING KYLIE VERZOSA FOR WINNING THE BEST ACTRESS AWARD AT THE 2022 DISTINCTIVE INTERNATIONAL ARAB FESTIVALS AWARDS
HELD IN DUBAI, UNITED ARAB EMIRATES",
329,"Manuel ""Lito"" M. Lapid",Senator Senate of the Philippines,SRN-316,RESOLUTION CONGRATULATING AND COMMENDING THE WINNERS OF THE 29TH ANNUAL GALING POOK AWARDS,
329,"Manuel ""Lito"" M. Lapid",Senator Senate of the Philippines,SRN-317,RESOLUTION CONGRATULATING AND COMMENDING THE PHILIPPINE SCIENCE HIGH SCHOOL FOR SUCCESSFULLY GARNERING TOP AWARDS AT THE 2022 YOUNG INVENTORS CHALLENGE,
329,"Manuel ""Lito"" M. Lapid",Senator Senate of the Philippines,SRN-318,RESOLUTION CONGRATULATING AND COMMENDING ALEIA AIELLE AGUILAR FOR HER EXCEPTIONAL PERFORMANCE AT THE 2022 ABU DHABI WORLD JIU-JITSU CHAMPIONSHIPS,
329,"Manuel ""Lito"" M. Lapid",Senator Senate of the Philippines,SRN-326,RESOLUTION CONGRATULATING AND COMMENDING SANDI ABAHAN AND ANDRICO MAHILUM FOR BEING CROWNED WORLD CHAMPIONS AT THE 2022 ALTITUDE OBSTACLE COURSE RACING WORLD CHAMPIONSHIPS HELD IN MT. EVEREST,
329,"Manuel ""Lito"" M. Lapid",Senator Senate of the Philippines,SRN-330,"RESOLUTION CONFERRING, BY UNANIMOUS VOTE OF THE PLENARY, THE PHILIPPINE SENATE MEDAL OF EXCELLENCE TO GRANDMASTER EUGENIO ''EUGENE'' TORRE FOR BEING THE FIRST EVER ASIAN AND FILIPINO TO BE INDUCTED INTO THE WORLD CHESS HALL OF FAME",
329,"Manuel ""Lito"" M. Lapid",Senator Senate of the Philippines,SRN-331,RESOLUTION CONGRATULATING AND COMMENDING THE STUDENTS OF BATANGAS STATE UNIVERSITY FOR BEING DECLARED CHAMPIONS OF THE 2022 ENGINEERING INNOVATION CHALLENGE HELD IN SINGAPORE,
329,"Manuel ""Lito"" M. Lapid",Senator Senate of the Philippines,SRN-332,RESOLUTION CONGRATULATING AND COMMENDING THE STUDENTS OF THE PHILIPPINE SCIENCE HIGH SCHOOL - CENTRAL MINDANAO CAMPUS FOR GARNERING 10 AWARDS FROM THREE DIFFERENT INTERNATIONAL MATHEMATICS AND PHYSICS CONTESTS,
329,"Manuel ""Lito"" M. Lapid",Senator Senate of the Philippines,SRN-333,RESOLUTION CONGRATULATING AND COMMENDING IFUGAO BOXER KJ NATUPLAG FOR WINNING THE WORLD BOXING ORGANIZATION (WBO) ORIENTAL FEATHERWEIGHT BELT,
329,"Manuel ""Lito"" M. Lapid",Senator Senate of the Philippines,SRN-334,RESOLUTION CONGRATULATING AND COMMENDING THE MALABON CONCERT SINGERS FOR WINNING AT THE KEN STEVEN INTERNATIONAL CHORAL FESTIVAL,
329,"Manuel ""Lito"" M. Lapid",Senator Senate of the Philippines,SRN-338,RESOLUTION EXPRESSING THE PROFOUND SYMPATHY AND SINCERE CONDOLENCES OF THE SENATE OF THE PHILIPPINES ON THE DEATH AND HONORING THE LIFE OF LEGENDARY SINGER AND FILIPINA ICON SYLVIA LA TORRE,
329,"Manuel ""Lito"" M. Lapid",Senator Senate of the Philippines,SRN-352,RESOLUTION CONGRATULATING AND COMMENDING DANIELLE CLAUDINE ''COLEEN'' ORTEGA GARCIA FOR WINNING THE BEST ACTRESS AWARD AT THE 2022 EL GRITO INTERNATIONAL FILM FESTIVAL,
329,"Manuel ""Lito"" M. Lapid",Senator Senate of the Philippines,SRN-353,RESOLUTION CONGRATULATING AND COMMENDING THE PHILIPPINE ATHLETICS TEAM FOR THEIR SUCCESSFUL CAMPAIGN AT THE 2022 THAILAND OPEN TRACK AND FIELD CHAMPIONSHIPS,
329,"Manuel ""Lito"" M. Lapid",Senator Senate of the Philippines,SRN-364,RESOLUTION CONGRATULATING AND COMMENDING JODI STA. MARIA FOR WINNING THE BEST LEAD ACTRESS AWARD AT THE 2022 ASIAN ACADEMY CREATIVE AWARDS HELD IN SINGAPORE,
329,"Manuel ""Lito"" M. Lapid",Senator Senate of the Philippines,SRN-365,"RESOLUTION CONGRATULATING AND COMMENDING HIDILYN DIAZ FOR WINNING 3 GOLD MEDALS AT THE 2022 INTERNATIONAL WEIGHTLIFTING FEDERATION WORLD CHAMPIONSHIPS HELD IN BOGOTA, COLOMBIA",
329,"Manuel ""Lito"" M. Lapid",Senator Senate of the Philippines,SRN-366,RESOLUTION CONGRATULATING AND COMMENDING THE AWARDEES OF THE OUTSTANDING FILIPINO (TOFIL) AWARD 2022,
329,"Manuel ""Lito"" M. Lapid",Senator Senate of the Philippines,SRN-367,RESOLUTION CONGRATULATING AND COMMENDING THE RECIPIENTS OF THE OUTSTANDING YOUNG MEN (TOYM) OF THE PHILIPPINES 2022 AWARD,
329,"Manuel ""Lito"" M. Lapid",Senator Senate of the Philippines,SRN-368,RESOLUTION CONGRATULATING AND COMMENDING THE YULO SIBLINGS FOR THEIR SUCCESSFUL CAMPAIGN IN THE 2022 JRC GYMNASTICS STARS CHAMPIONSHIPS HELD IN THAILAND,
329,"Manuel ""Lito"" M. Lapid",Senator Senate of the Philippines,SRN-369,"RESOLUTION CONGRATULATING AND COMMENDING THE FILIPINO EDUCATORS WHO WERE RECOGNIZED AND AWARDED AT THE 2022 SOUTHEAST ASIAN EDUCATIONAL INNOVATION AWARDS HELD IN BANGKOK, THAILAND",
329,"Manuel ""Lito"" M. Lapid",Senator Senate of the Philippines,SRN-412,RESOLUTION CONGRATULATING AND COMMENDING THE ATENEO DEBATE SOCIETY AND THE ATENEO DE MANILA UNIVERSITY FOR THEIR HISTORIC FEAT OF WINNING THE 2023 WORLD UNIVERSITIES DEBATING CHAMPIONSHIP,
329,"Manuel ""Lito"" M. Lapid",Senator Senate of the Philippines,SRN-413,RESOLUTION CONGRATULATING AND COMMENDING THE PHILIPPINE ROBOTICS TEAM FOR THEIR SUCCESSFUL CAMPAIGN IN THE 2022 WORLD ROBOT GAMES,
329,"Manuel ""Lito"" M. Lapid",Senator Senate of the Philippines,SRN-414,"RESOLUTION CONGRATULATING AND COMMENDING THE ASIAN MATHSCI LEAGUE, INC. (AMSLI) - PHILIPPINES FOR THEIR SUCCESSFUL CAMPAIGN IN THE INTERNATIONAL JUNIOR MATH OLYMPIAD AND THE VANDA SCIENCE GLOBAL FINALS HELD IN SINGAPORE",
329,"Manuel ""Lito"" M. Lapid",Senator Senate of the Philippines,SRN-415,"RESOLUTION CONGRATULATING AND COMMENDING FILIPINA FENCER JULIANA GOMEZ FOR HER SUCCESSFUL CAMPAIGN AT 2022 WEST JAVA FENCING CHALLENGE, HELD IN BOGOR, INDONESIA",
329,"Manuel ""Lito"" M. Lapid",Senator Senate of the Philippines,SRN-449,"RESOLUTION CONGRATULATING AND COMMENDING FILIPINO POLE VAULTER ERNEST JOHN OBIENA FOR BAGGING THE GOLD MEDAL AT THE RECENTLY CONCLUDED PERCHE EN OR IN ROUBAIX, FRANCE",
329,"Manuel ""Lito"" M. Lapid",Senator Senate of the Philippines,SRN-450,RESOLUTION CONGRATULATING AND COMMENDING MAPUA UNIVERSITY FOR WINNING THE PHILIPPINES' FIRST GOLD AWARD FOR DIGITAL READINESS FROM 2023 THE WHARTON SCHOOL - QS QUACQUARELLI SYMONDS REIMAGINE EDUCATION AWARDS,
329,"Manuel ""Lito"" M. Lapid",Senator Senate of the Philippines,SRN-451,RESOLUTION CONGRATULATING AND COMMENDING FILIPINA VETERAN ACTRESS DOLLY EARNSHAW DE LEON FOR HER MULTIPLE INTERNATIONAL AWARDS AND NOMINATION FOR HER WORK IN THE FILM ''TRIANGLE OF SADNESS'',
329,"Manuel ""Lito"" M. Lapid",Senator Senate of the Philippines,SRN-481,RESOLUTION CONGRATULATING AND COMMENDING THE DE LA SALLE UNIVERSITY - DASMARINAS FOR WINNING THE MICROSOFT SHOWCASE SCHOOL BIGGEST IMPACT AWARD FOR ASIA,
329,"Manuel ""Lito"" M. Lapid",Senator Senate of the Philippines,SRN-482,RESOLUTION CONGRATULATING AND COMMENDING JOHANNE SIY FOR BEING HAILED AS THE 2023 ASIA'S BEST FEMALE CHEF OF THE YEAR,
328,Christopher Lawrence T. Go,Senator Senate of the Philippines,SRN-198,RESOLUTION EXPRESSING THE PROFOUND SYMPATHY AND SINCERE CONDOLENCES OF THE SENATE OF THE PHILIPPINES ON THE DEATH OF QUEEN ELIZABETH II OF THE UNITED KINGDOM OF GREAT BRITAIN AND NORTHERN IRELAND,
328,Christopher Lawrence T. Go,Senator Senate of the Philippines,SBN-1180,"AN ACT INSTITUTING THE MEDICAL RESERVE CORPS, APPROPRIATING FUNDS THEREFOR AND FOR OTHER PURPOSES",PENDING IN THE COMMITTEE DATE : 9/7/2022
328,Christopher Lawrence T. Go,Senator Senate of the Philippines,SBN-1181,"AN ACT REGULATING THE PLANNING, DESIGN, CONSTRUCTION, OCCUPANCY AND MAINTENANCE OF BUILDINGS, PROMOTING BUILDING RESILIENCE VERSUS FIRE, FLOOD, STORM, EARTHQUAKE AND MULTIPLE HAZARDS, ENACTING A NEW PHILIPPINE BUILDING ACT, THEREBY REPEALING PRESIDENTIAL DECREE NO. 1096, AND FOR OTHER PURPOSES",PENDING IN THE COMMITTEE DATE : 9/7/2022
328,Christopher Lawrence T. Go,Senator Senate of the Philippines,SBN-1182,AN ACT PROVIDING FOR GOVERNMENT FINANCIAL INSTITUTIONS UNIFIED INITIATIVES TO DISTRESSED ENTERPRISES FOR ECONOMIC RECOVERY (GUIDE),PENDING IN THE COMMITTEE DATE : 9/7/2022
328,Christopher Lawrence T. Go,Senator Senate of the Philippines,SBN-1183,"AN ACT PROVIDING ENHANCED PROTECTION, SECURITY AND BENEFITS FOR MEDIA AND ENTERTAINMENT WORKERS",PENDING IN THE COMMITTEE DATE : 9/7/2022
328,Christopher Lawrence T. Go,Senator Senate of the Philippines,SBN-1184,"AN ACT PROVIDING MEASURES TO PROTECT INDIVIDUALS ENGAGED IN FOOD, GROCERY AND PHARMACY DELIVERY SERVICES",PENDING IN THE COMMITTEE DATE : 9/7/2022
328,Christopher Lawrence T. Go,Senator Senate of the Philippines,SBN-1185,"AN ACT MODERNIZING THE BUREAU OF IMMIGRATION, DEFINING ITS POWERS AND FUNCTIONS, EXPANDING, RATIONALIZING AND FURTHER PROFESSIONALIZING ITS ORGANIZATION, UPGRADING THE COMPENSATION AND BENEFITS OF ITS OFFICIALS AND EMPLOYEES, APPROPRIATING FUNDS THEREFOR, AND FOR OTHER PURPOSES",PENDING IN THE COMMITTEE DATE : 9/7/2022
328,Christopher Lawrence T. Go,Senator Senate of the Philippines,SBN-1186,"AN ACT CREATING ADDITIONAL DIVISIONS IN THE COURT OF APPEALS, INCREASING THE NUMBER OF COURT OF APPEALS JUSTICES FROM SIXTY-NINE (69) TO SEVENTY-EIGHT (78), AMENDING FOR THE PURPOSE BATAS PAMBANSA BILANG 129, AS AMENDED OTHERWISE KNOWN AS THE JUDICIARY REORGANIZATION ACT OF 1980, APPROPRIATING FUNDS THEREFOR, AND FOR OTHER PURPOSES",PENDING IN THE COMMITTEE DATE : 9/7/2022
328,Christopher Lawrence T. Go,Senator Senate of the Philippines,SBN-1187,"AN ACT CREATING ONE ADDITIONAL DIVISION IN THE NATIONAL LABOR RELATIONS COMMISSION, INCREASING THE NUMBER OF COMMISSIONERS FROM TWENTY-THREE (23) TO TWENTY-SIX (26), AMENDING FOR THE PURPOSE PRESIDENTIAL DECREE NO. 442, AS AMENDED, OTHERWISE KNOWN AS THE LABOR CODE OF THE PHILIPPINES, APPROPRIATING FUNDS THEREFOR, AND FOR OTHER PURPOSES",PENDING IN THE COMMITTEE DATE : 9/7/2022
328,Christopher Lawrence T. Go,Senator Senate of the Philippines,SBN-1188,"AN ACT AMENDING SECTION 5 OF REPUBLIC ACT NO. 7610, OTHERWISE KNOWN AS THE SPECIAL PROTECTION OF CHILDREN AGAINST ABUSE, EXPLOITATION, AND DISCRIMINATION ACT",PENDING IN THE COMMITTEE DATE : 9/7/2022
328,Christopher Lawrence T. Go,Senator Senate of the Philippines,SBN-1189,AN ACT ESTABLISHING A NATIONAL FRAMEWORK FOR THE MANDATORY ENVIRONMENTAL INSURANCE COVERAGE OF ENVIRONMENTALLY CRITICAL PROJECTS,PENDING IN THE COMMITTEE DATE : 9/7/2022
328,Christopher Lawrence T. Go,Senator Senate of the Philippines,SBN-1190,"AN ACT EXPANDING THE PURPOSES AND APPLICATION OF THE SPECIAL EDUCATION FUND, AMENDING FOR THE PURPOSE SECTION 272 OF REPUBLIC ACT NO. 7160, OTHERWISE KNOWN AS THE LOCAL GOVERNMENT CODE OF 1991, AND FOR OTHER PURPOSES",PENDING IN THE COMMITTEE DATE : 9/7/2022
328,Christopher Lawrence T. Go,Senator Senate of the Philippines,SBN-1191,AN ACT INSTITUTING THE MAGNA CARTA OF FILIPINO SEAFARERS,PENDING IN THE COMMITTEE DATE : 9/7/2022
328,Christopher Lawrence T. Go,Senator Senate of the Philippines,SBN-1299,"AN ACT DECLARING MARCH 7 OF EVERY YEAR AS A SPECIAL NON-WORKING HOLIDAY IN THE ISLAND GARDEN CITY OF SAMAL (IGACOS), PROVINCE OF DAVAO DEL NORTE IN COMMEMORATION OF ITS FOUNDING ANNIVERSARY",PENDING IN THE COMMITTEE DATE : 9/20/2022
328,Christopher Lawrence T. Go,Senator Senate of the Philippines,SBN-1321,"AN ACT ESTABLISHING SPECIALTY CENTERS IN DEPARTMENT OF HEALTH HOSPITALS, AND APPROPRIATING FUNDS THEREFOR",PENDING IN THE COMMITTEE DATE : 9/21/2022
328,Christopher Lawrence T. Go,Senator Senate of the Philippines,SBN-1705,"AN ACT INCREASING THE SERVICE INCENTIVE LEAVE OF EMPLOYEES, AMENDING FOR THE PURPOSE ARTICLE 95 OF PRESIDENTIAL DECREE NO. 442, AS AMENDED, OTHERWISE KNOWN AS THE LABOR CODE OF THE PHILIPPINES",PENDING IN THE COMMITTEE DATE : 1/24/2023
328,Christopher Lawrence T. Go,Senator Senate of the Philippines,SBN-1706,AN ACT ADJUSTING THE MONTHLY PENSION AND DISABILITY BENEFITS OF RETIREES OF THE DEPARTMENT OF FOREIGN AFFAIRS,PENDING IN THE COMMITTEE DATE : 1/24/2023
328,Christopher Lawrence T. Go,Senator Senate of the Philippines,SBN-1707,"AN ACT FULLY RECOGNIZING THE SERVICES OF SOCIAL WORKERS BY ENSURING COMPETITIVE REMUNERATION AND COMPENSATION PACKAGES, APPROPRIATING FUNS THEREFOR",PENDING IN THE COMMITTEE DATE : 1/24/2023
328,Christopher Lawrence T. Go,Senator Senate of the Philippines,SBN-1708,AN ACT MANDATING PRIVATE HIGHER EDUCATION INSTITUTIONS TO WAIVE THE COLLEGE ENTRANCE EXAMINATION FEES TO UNDERPRIVILEGED GRADUATING HIGH SCHOOL STUDENTS AND HIGH SCHOOL GRADUATES BELONGING TO THE TOP TEN OF THEIR GRADUATING CLASS,PENDING IN THE COMMITTEE DATE : 1/24/2023
328,Christopher Lawrence T. Go,Senator Senate of the Philippines,SBN-1709,"AN ACT AMENDING REPUBLIC ACT NO. 10121, OTHERWISE KNOWN AS THE PHILIPPINE DISASTER RISK REDUCTION AND MANAGEMENT ACT OF 2010 FOR THE PURPOSE OF GRANTING HAZARD PAY TO DISASTER RESPONSE PERSONNEL DURING STATE OF CALAMITY",PENDING IN THE COMMITTEE DATE : 1/24/2023
328,Christopher Lawrence T. Go,Senator Senate of the Philippines,SBN-1785,"AN ACT REQUIRING THE USE OF STANDARDIZED DATE LABELS ON CONSUMER PRODUCTS, AMENDING FOR THE PURPOSE REPUBLIC ACT NO. 7394 OTHERWISE KNOWN AS THE CONSUMER ACT OF THE PHILIPPINES",PENDING IN THE COMMITTEE DATE : 2/1/2023
328,Christopher Lawrence T. Go,Senator Senate of the Philippines,SBN-1786,"AN ACT MANDATING PUBLIC HIGHER EDUCATION INSTITUTIONS TO STRENGTHEN THEIR MENTAL HEALTH SERVICES, AND APPROPRIATING FUNDS THEREFOR",PENDING IN THE COMMITTEE DATE : 2/1/2023
328,Christopher Lawrence T. Go,Senator Senate of the Philippines,SBN-189,AN ACT PROVIDING FOR A FREE ANNUAL MEDICAL CHECK-UP FOR ALL FILIPINOS,PENDING IN THE COMMITTEE DATE : 8/1/2022
328,Christopher Lawrence T. Go,Senator Senate of the Philippines,SBN-190,"AN ACT MANDATING PHILHEALTH TO DEVELOP A COMPREHENSIVE DIALYSIS BENEFIT PACKAGE, APPROPRIATING FUNDS THEREFOR",PENDING IN THE COMMITTEE DATE : 8/1/2022
328,Christopher Lawrence T. Go,Senator Senate of the Philippines,SBN-191,"AN ACT AMENDING CERTAIN SECTIONS OF REPUBLIC ACT 9173 OTHERWISE KNOWN AS THE PHILIPPINE NURSING ACT OF 2002, PROVIDING FOR AN ADVANCED NURSING EDUCATION PROGRAM",PENDING IN THE COMMITTEE DATE : 8/1/2022
328,Christopher Lawrence T. Go,Senator Senate of the Philippines,SBN-192,AN ACT ESTABLISHING THE RENTAL HOUSING SUBSIDY PROGRAM AND PROVIDING FUNDS THEREFOR AND FOR OTHER PURPOSES,PENDING IN THE COMMITTEE DATE : 8/1/2022
328,Christopher Lawrence T. Go,Senator Senate of the Philippines,SBN-193,"AN ACT ESTABLISHING A MANDATORY EVACUATION CENTER IN ALL CITIES, PROVINCES AND MUNICIPALITIES, APPROPRIATING FUNDS THEREFOR",PENDING IN THE COMMITTEE DATE : 8/1/2022
328,Christopher Lawrence T. Go,Senator Senate of the Philippines,SBN-194,"AN ACT INSTITUTIONALIZING THE TRANSITION OF THE GOVERNMENT TO E-GOVERNANCE IN THE DIGITAL AGE, APPROPRIATING FUNDS THEREFOR, AND FOR OTHER PURPOSES",PENDING IN THE COMMITTEE DATE : 8/1/2022
328,Christopher Lawrence T. Go,Senator Senate of the Philippines,SBN-195,"AN ACT CREATING THE CENTER FOR DISEASE CONTROL AND PREVENTION, PROVIDING MECHANISMS FOR PANDEMIC CONTROL, AND FOR OTHER PURPOSES","CONSOLIDATED/SUBSTITUTED IN THE COMMITTEE REPORT DATE : 2/13/2023
Committee Report No.:28 Date:2/13/2023 SUBSTITUTED BY SBN-1869
UNDER COMMITTEE REPORT NO. 28."
328,Christopher Lawrence T. Go,Senator Senate of the Philippines,SBN-196,"AN ACT PROVIDING FOR THE FRAMEWORK FOR THE ESTABLISHMENT AND OPERATION OF VIROLOGY LABORATORIES IN THE PHILIPPINES, CREATING FOR THE PURPOSE THE VIROLOGY SCIENCE AND TECHNOLOGY INSTITUTE OF THE PHILIPPINES (VIP), APPROPRIATING FUNDS THEREFOR AND FOR OTHER PURPOSES",PENDING IN THE COMMITTEE DATE : 8/1/2022
328,Christopher Lawrence T. Go,Senator Senate of the Philippines,SBN-197,AN ACT PROVIDING FOR A MAGNA CARTA FOR BARANGAYS,PENDING IN THE COMMITTEE DATE : 8/1/2022
328,Christopher Lawrence T. Go,Senator Senate of the Philippines,SBN-419,AN ACT INSTITUTING THE MAGNA CARTA OF BENEFITS FOR THE OFFICERS AND PERSONNEL OF THE PHILIPPINE DRUG ENFORCEMENT AGENCY,PENDING IN THE COMMITTEE DATE : 8/10/2022
328,Christopher Lawrence T. Go,Senator Senate of the Philippines,SBN-420,AN ACT PROVIDING FOR RURAL EMPLOYMENT ASSISTANCE PROGRAM AND APPROPRIATING FUNDS THEREFOR,PENDING IN THE COMMITTEE DATE : 8/10/2022
328,Christopher Lawrence T. Go,Senator Senate of the Philippines,SBN-421,"AN ACT INSTITUTIONALIZING AN EMERGENCY MEDICAL SERVICES SYSTEM, APPROPRIATING FUNDS THEREFOR, AND FOR OTHER PURPOSES",PENDING IN THE COMMITTEE DATE : 8/10/2022
328,Christopher Lawrence T. Go,Senator Senate of the Philippines,SBN-422,"AN ACT PROVIDING FREE LEGAL ASSISTANCE TO ANY OFFICER OR ENLISTED PERSONNEL OF THE ARMED FORCES OF THE PHILIPPINES AND THE PHILIPPINE NATIONAL POLICE ON ANY CHARGE BEFORE THE PROSECUTOR'S OFFICE, COURT OR ANY COMPETENT BODY ARISING FROM AN INCIDENT OR INCIDENTS RELATED TO THE PERFORMANCE OF OFFICIAL DUTY",PENDING IN THE COMMITTEE DATE : 8/10/2022
328,Christopher Lawrence T. Go,Senator Senate of the Philippines,SBN-423,AN ACT INSTITUTIONALIZING THE PHILIPPINE NATIONAL GAMES AND APPROPRIATING FUNDS THEREFOR,PENDING IN THE COMMITTEE DATE : 8/10/2022
328,Christopher Lawrence T. Go,Senator Senate of the Philippines,SBN-424,"AN ACT PROMOTING THE 'ONE TOWN, ONE PRODUCT' CONCEPT TO ENHANCE INCLUSIVE AND SUSTAINABLE ECONOMIC DEVELOPMENT, APPROPRIATING FUNDS THEREFOR, AND FOR OTHER PURPOSES","CONSOLIDATED/SUBSTITUTED IN THE COMMITTEE REPORT DATE : 12/7/2022
Committee Report No.:14 Date:12/5/2022 SUBSTITUTED BY SBN-1594
UNDER COMMITTEE REPORT NO. 14."
328,Christopher Lawrence T. Go,Senator Senate of the Philippines,SBN-425,"AN ACT STRENGTHENING THE INSURANCE COMMISSION AND REORGANIZING IT INTO A COLLEGIAL BODY, AMENDING PRESIDENTIAL DECREE NO. 612, AS AMENDED, OTHERWISE KNOWN AS 'THE INSURANCE CODE'",PENDING IN THE COMMITTEE DATE : 8/10/2022
328,Christopher Lawrence T. Go,Senator Senate of the Philippines,SBN-426,"AN ACT PROVIDING FOR A NATIONAL HOUSING DEVELOPMENT, PRODUCTION AND FINANCING PROGRAM, REGULARIZING ITS APPROPRIATION FOR ITS IMPLEMENTATION",PENDING IN THE COMMITTEE DATE : 8/10/2022
328,Christopher Lawrence T. Go,Senator Senate of the Philippines,SBN-427,"AN ACT MANDATING THE APPOINTMENT OF BARANGAY HEALTH WORKERS IN BARANGAYS, PROVIDING FOR THEIR DUTIES AND RESPONSIBILITIES, COMPENSATION AND BENEFITS, AND FOR OTHER PURPOSES",PENDING IN THE COMMITTEE DATE : 8/10/2022
328,Christopher Lawrence T. Go,Senator Senate of the Philippines,SBN-428,AN ACT PROVIDING FOR THE ESTABLISHMENT AND SUPPORT OF A DRUG ABUSE TREATMENT AND REHABILITATION CENTER IN EVERY PROVINCE THROUGHOUT THE PHILIPPINES AND APPROPRIATING FUNDS THEREFOR,PENDING IN THE COMMITTEE DATE : 8/10/2022
328,Christopher Lawrence T. Go,Senator Senate of the Philippines,SRN-135,"RESOLUTION EXPRESSING THE PROFOUND SYMPATHY AND SINCERE CONDOLENCES OF THE SENATE ON THE DEMISE OF FILIPINA SPORTS LEGEND, LYDIA DE VEGA - MERCADO",CONSOLIDATED WITH ADOPTED RESOLUTION DATE : 8/15/2022
328,Christopher Lawrence T. Go,Senator Senate of the Philippines,SRN-136,RESOLUTION COMMENDING AND CONGRATULATING CARL JAMMES MARTIN FOR SUCCESSFULLY DEFENDING HIS WORLD BOXING ASSOCIATION (WBA) ASIA SUPER BANTAMWEIGHT TITLE,PENDING IN THE COMMITTEE DATE : 8/16/2022
328,Christopher Lawrence T. Go,Senator Senate of the Philippines,SRN-200,"RESOLUTION CONGRATULATING AND COMMENDING THE OFFICIALS AND ATHLETES OF THE PHILIPPINE NATIONAL MU AY THAI YOUTH TEAM, OTHERWISE KNOWN AS 'TEAM BAGSIK' FOR WINNING MEDALS AT THE INTERNATIONAL FEDERATION OF MU AY THAI ASSOCIATIONS (IFMA) YOUTH WORLD CHAMPIONSHIPS 2022 IN KUALA LUMPUR,
MALAYSIA",CONSOLIDATED WITH ADOPTED RESOLUTION DATE : 9/12/2022
328,Christopher Lawrence T. Go,Senator Senate of the Philippines,SRN-223,RESOLUTION CONGRATULATING AND COMMENDING ERNEST JOHN ''EJ'' UY OBIENA FOR WINNING TWO GOLD MEDALS AT THE GALA DEI CASTELLI IN SWITZERLAND AND THE GOLDEN FLY SERIES IN LIECHTENSTEIN,"CONSOLIDATED WITH ADOPTED RESOLUTION DATE : 9/19/2022
Consolidated with SRN-212 which was adopted as RESOLUTION NO. 18."
328,Christopher Lawrence T. Go,Senator Senate of the Philippines,SRN-224,RESOLUTION COMMENDING AND CONGRATULATING THE PHILIPPINE NATIONAL NETBALL TEAM - SIKLAB PILIPINAS FOR WINNING THE PLATE TITLE IN THE 12TH ASIAN NETBALL CHAMPIONSHIPS IN SINGAPORE,PENDING IN THE COMMITTEE DATE : 9/21/2022
328,Christopher Lawrence T. Go,Senator Senate of the Philippines,SRN-373,"RESOLUTION CONGRATULATING AND COMMENDING HIDILYN DIAZ FOR WINNING THREE GOLD MEDALS AT THE INTERNATIONAL WEIGHTLIFTING FEDERATION WORLD CHAMPIONSHIPS IN BOGOTA, COLOMBIA",PENDING IN THE COMMITTEE DATE : 12/13/2022
328,Christopher Lawrence T. Go,Senator Senate of the Philippines,SRN-374,"RESOLUTION CONGRATULATING AND COMMENDING JOEY MADERAL CANOY FOR WINNING THE ORIENTAL AND PACIFIC BOXING FEDERATION
(OPBF) TITLE MATCH HELD IN OSAKA, JAPAN ON
DECEMBER 4, 2022",PENDING IN THE COMMITTEE DATE : 12/13/2022
328,Christopher Lawrence T. Go,Senator Senate of the Philippines,SRN-62,RESOLUTION COMMENDING AND CONGRATULATING THE MEMBERS OF THE PILIPINAS FOOTBALL TEAM FOR WINNING THE 2022 ASEAN FOOTBALL FEDERATION (AFF) WOMEN'S CHAMPIONSHIP,PENDING IN THE COMMITTEE DATE : 8/9/2022
314,Loren  Legarda,Senator Senate of the Philippines,SBN-1,"AN ACT INSTITUTIONALIZING THE ?ONE TABLET, ONE STUDENT? PROGRAM FOR ALL STUDENTS ENROLLED IN PUBLIC SCHOOLS AND STATE UNIVERSITIES AND COLLEGES, APPROPRIATING FUNDS THEREFOR, AND FOR OTHER PURPOSES",
314,Loren  Legarda,Senator Senate of the Philippines,SBN-1113,"AN ACT PROVIDING FOR THE MODERNIZATION OF THE PUBLIC HEALTH EMERGENCY PREPAREDNESS AND RESPONSE CAPABILITIES, ESTABLISHING
FOR THIS PURPOSE THE CENTER FOR DISEASE PREVENTION AND CONTROL, AND APPROPRIATING FUNDS THEREFOR",
314,Loren  Legarda,Senator Senate of the Philippines,SBN-1114,"AN ACT PRESERVING THE COUNTRY?S TRADITIONAL FOLK ARTS AS PART OF ITS INTANGIBLE CULTURAL HERITAGE, AMENDING FOR THE PURPOSE REPUBLIC ACT NO. 11333, OTHERWISE KNOWN AS THE ?NATIONAL MUSEUM OF THE PHILIPPINES ACT? AND FOR OTHER PURPOSES",
314,Loren  Legarda,Senator Senate of the Philippines,SBN-1115,AN ACT CREATING THE NATIONAL MUSEUM OF FILIPINO WOMEN AND APPROPRIATING FUNDS THEREFOR,
314,Loren  Legarda,Senator Senate of the Philippines,SBN-1116,"AN ACT PROVIDING FOR THE ESTABLISHMENT OF LOCAL STUDIES CENTERS IN STATE UNIVERSITIES AND COLLEGES (SUCS) THROUGHOUT THE PHILIPPINES, AND FOR OTHER PURPOSES",
314,Loren  Legarda,Senator Senate of the Philippines,SBN-1117,"AN ACT ESTABLISHING THE NATIONAL COASTAL GREENBELT ZONES AND THE NATIONAL COASTAL GREENBELT MANAGEMENT ACTION PLAN, PROVIDING FUNDS THEREFOR AND FOR OTHER PURPOSES",
314,Loren  Legarda,Senator Senate of the Philippines,SBN-1118,"AN ACT PROMOTING THE DEVELOPMENT OF THE BAMBOO INDUSTRY BY STRENGTHENING THE PHILIPPINE BAMBOO INDUSTRY DEVELOPMENT COUNCIL, CREATING THE BAMBOO INDUSTRY RESEARCH AND DEVELOPMENT CENTER, PROVIDING INCENTIVES FOR BAMBOO PLANTATION DEVELOPMENT, AND APPROPRIATING FUNDS THEREFOR",
314,Loren  Legarda,Senator Senate of the Philippines,SBN-1119,"AN ACT ESTABLISHING PUBLIC HEALTH AND ENVIRONMENTAL STANDARDS AND SAFEGUARDS FOR THE BETTER NORMAL IN THE WORKPLACE, PUBLIC PLACES AND COMMUNITIES TOWARD A SUSTAINABLE RECOVERY FROM THE CORONAVIRUS DISESASE (COVID-19) PANDEMIC AND OTHER SIMILAR INFECTIOUS DISEASES",
314,Loren  Legarda,Senator Senate of the Philippines,SBN-1240,"AN ACT AMENDING CERTAIN PROVISIONS OF REPUBLIC ACT NO. 7104, OTHERWISE KNOWN AS 'COMMISSION ON THE FILIPINO LANGUAGE ACT' AND FOR OTHER PURPOSES",
314,Loren  Legarda,Senator Senate of the Philippines,SBN-1241,"AN ACT ESTABLISHING THE SCIENCE FOR CHANGE PROGRAM AND APPROPRIATING FUNDS, THEREFOR",
314,Loren  Legarda,Senator Senate of the Philippines,SBN-1242,"AN ACT ESTABLISHING THE NATIONAL CENTER FOR GERIATRIC HEALTH AND RESEARCH INSTITUTE, DEFINING ITS POWERS AND FUNCTIONS, CREATING REGIONAL GERIATRIC SPECIALTY CENTERS IN THE DEPARTMENT OF HEALTH-RETAINED HOSPITALS, AND APPROPRIATING FUNDS THEREFOR",
314,Loren  Legarda,Senator Senate of the Philippines,SBN-1243,"AN ACT
PROTECTING THE RIGHTS OF INTERNALLY DISPLACED PERSONS AND PENALIZING THE ACTS OF ARBITRARY INTERNAL DISPLACEMENT",
314,Loren  Legarda,Senator Senate of the Philippines,SBN-1244,"AN ACT CREATING THE DEPARTMENT OF WATER RESOURCES, DEFINING ITS POWERS AND FUNCTIONS, APPROPRIATING FUNDS THEREFOR, AND FOR OTHER PURPOSES",
314,Loren  Legarda,Senator Senate of the Philippines,SBN-1248,AN ACT INSTITUTING THE MAGNA CARTA OF FILIPINO SEAFARERS,
314,Loren  Legarda,Senator Senate of the Philippines,SBN-1249,"AN ACT PROVIDING FOR A PROPORTIONATE SCHOOL ADMISSION AND ACCEPTANCE SHARE IN THE PHILIPPINE MILITARY ACADEMY AND THE PHILIPPINE NATIONAL POLICE ACADEMY FOR MEMBERS OF THE INDIGENOUS CULTURAL COMMUNITIES/INDIGENOUS PEOPLES
AND OTHER PURPOSES",
314,Loren  Legarda,Senator Senate of the Philippines,SBN-1338,AN ACT INSTITUTIONALIZING RONDALLA TRAINING PROGRAMS FOR MUSIC TEACHERS,
314,Loren  Legarda,Senator Senate of the Philippines,SBN-1339,"AN ACT TO ENSURE GENDER-RESPONSIVE AND INCLUSIVE PROTOCOLS AND PROGRAMMING TO ADDRESS THE GENDER-DIFFERENTIATED NEEDS OF WOMEN DURING COVID-19 AND OTHER PUBLIC HEALTH CONCERNS, EMERGENCIES, AND DISASTERS",
314,Loren  Legarda,Senator Senate of the Philippines,SBN-1340,AN ACT PRESERVING THE INDIGENOUS SPORTS AND GAMES OF THE PHILIPPINES,
314,Loren  Legarda,Senator Senate of the Philippines,SBN-1341,"AN ACT PROVIDING PROTECTION TO CONSUMERS AND MERCHANTS ENGAGED IN INTERNET TRANSACTIONS, CREATING FOR THIS PURPOSE THE E-COMMERCE BUREAU, APPROPRIATING FUNDS THEREFOR, AND FOR OTHER PURPOSES",
314,Loren  Legarda,Senator Senate of the Philippines,SBN-1342,"AN ACT ADOPTING INTEGRATED COASTAL MANAGEMENT AS A NATIONAL STRATEGY FOR THE HOLISTIC AND SUSTAINABLE DEVELOPMENT OF THE COASTAL AND MARINE ENVIRONMENT AND RESOURCES, ESTABLISHING THE NATIONAL COASTAL GREENBELT ACTION PLAN, OTHER SUPPORTING MECHANISMS FOR IMPLEMENTATION, AND PROVIDING FUNDS THEREFOR",
314,Loren  Legarda,Senator Senate of the Philippines,SBN-1343,AN ACT INSTITUTIONALIZING A RESULTS-BASED NATIONAL EVALUATION POLICY,
314,Loren  Legarda,Senator Senate of the Philippines,SBN-1344,"AN ACT STRENGTHENING PUBLIC-PRIVATE PARTNERSHIPS, APPROPRIATING FUNDS THEREFOR, AND FOR OTHER PURPOSES",
314,Loren  Legarda,Senator Senate of the Philippines,SBN-1345,"AN ACT CREATING THE PHILIPPINE DISASTER AND EMERGENCY MANAGEMENT AUTHORITY, DEFINING ITS POWERS AND FUNCTIONS, APPROPRIATING FUNDS THEREFOR, AND FOR OTHER PURPOSES",
314,Loren  Legarda,Senator Senate of the Philippines,SBN-1594,"AN ACT INSTITUTIONALIZING THE ONE TOWN, ONE PRODUCT (OTOP) PHILIPPINES PROGRAM, APPROPRIATING FUNDS THEREFOR, AND FOR OTHER PURPOSES",
314,Loren  Legarda,Senator Senate of the Philippines,SBN-1647,AN ACT INSTITUTING THE MEDICAL RESERVE CORPS AND APPROPRIATING FUNDS THEREFOR,
314,Loren  Legarda,Senator Senate of the Philippines,SBN-1648,"AN ACT PROVIDING FOR BENEFITS AND PRIVILEGES TO UNPAID CARE WORKERS AND THEIR FAMILIES, APPROPRIATING FUNDS THEREFOR AND FOR OTHER PURPOSES",
314,Loren  Legarda,Senator Senate of the Philippines,SBN-1649,AN ACT DEFINING THE MARITIME ZONES UNDER THE JURISDICTION OF THE REPUBLIC OF THE PHILIPPINES,
314,Loren  Legarda,Senator Senate of the Philippines,SBN-1866,"AN ACT PROMOTING THE USE OF BAYBAYIN AS A TOOL FOR CULTURAL DEVELOPMENT OF THE PHILIPPINES, PROVIDING FOR ITS PROMOTION, PROTECTION, PRESERVATION AND CONSERVATION, AND FOR OTHER PURPOSES",
314,Loren  Legarda,Senator Senate of the Philippines,SBN-1867,"AN ACT ESTABLISHING THE E-GOVERNMENT, DEFINING ITS POWERS AND FUNCTIONS, AND FOR OTHER PURPOSES",
314,Loren  Legarda,Senator Senate of the Philippines,SBN-1870,"AN ACT STRENGTHENING AND REVITALIZING THE DEVELOPMENT OF THE SALT INDUSTRY IN THE PHILIPPINES, APPROPRIATING FUNDS THEREFOR, AMENDING REPUBLIC ACT NO. 8550, OTHERWISE KNOWN AS THE PHILIPPINE FISHERIES CODE OF 1998, AND FOR OTHER PURPOSES",
314,Loren  Legarda,Senator Senate of the Philippines,SBN-2,THE MAGNA CARTA OF PUBLIC SCHOOL TEACHERS,
314,Loren  Legarda,Senator Senate of the Philippines,SBN-238,"AN ACT DECLARING THE NORTHERN ANTIQUE PROTECTED SEASCAPE AND LANDSCAPE LOCATED IN THE MUNICIPALITIES OF LIBERTAD, PANDAN, SEBASTE, CULASI AND TIBIAO IN THE PROVINCE OF ANTIQUE AS AN ECOTOURISM ZONE TO ENCOURAGE THE RESPONSIBLE AND SUSTAINABLE USE AS WELL AS FOR THE PRESERVATION AND CONSERVATION OF THE NATURAL RESOURCES FOUND THEREIN, APPROPRIATING FUNDS THEREFOR, AND FOR OTHER PURPOSES",
314,Loren  Legarda,Senator Senate of the Philippines,SBN-239,"AN ACT PROMOTING FOOD FOREST GARDENING, PROVIDING FUNDS THEREFOR, AND FOR OTHER PURPOSES",
314,Loren  Legarda,Senator Senate of the Philippines,SBN-240,AN ACT PROVIDING FOR A SYSTEM OF REDISTRIBUTING AND RECYCLING FOOD WASTE TO PROMOTE FOOD SECURITY,
314,Loren  Legarda,Senator Senate of the Philippines,SBN-242,AN ACT PROVIDING FOR THE INTEGRATION AND MAINSTREAMING OF CULTURAL EDUCATION PROGRAMS AND ACTIVITIES IN THE COUNTRY?S NATIONAL EDUCATION PROGRAM,
314,Loren  Legarda,Senator Senate of the Philippines,SBN-243,AN ACT PROMOTING SUSTAINABLE AND ALTERNATIVE MODES OF TRANSPORTATION AND OTHER MOBILITY OPTIONS,
314,Loren  Legarda,Senator Senate of the Philippines,SBN-245,AN ACT PROHIBITING DISCRIMINATION ON THE BASIS OF SEXUAL ORIENTATION AND GENDER IDENTITY OR EXPRESSION (SOGIE) AND PROVIDING PENALTIES THEREFOR,
314,Loren  Legarda,Senator Senate of the Philippines,SBN-247,"AN ACT INSTITUTIONALIZING THE ONE TOWN, ONE PRODUCT (OTOP) PHILIPPINES PROGRAM, APPROPRIATING FUNDS THEREFOR, AND FOR OTHER PURPOSES",
314,Loren  Legarda,Senator Senate of the Philippines,SBN-3,THE MAGNA CARTA OF PRIVATE SCHOOL TEACHERS,
314,Loren  Legarda,Senator Senate of the Philippines,SBN-488,AN ACT DECLARING APRIL 7 OF EVERY YEAR AS BARANGAY HEALTH WORKERS DAY TO BE KNOWN AS BHW DAY,
314,Loren  Legarda,Senator Senate of the Philippines,SBN-489,AN ACT ESTABLISHING THE PHILIPPINE VIROLOGY SCIENCE AND TECHNOLOGY INSTITUTE AND APPROPRIATING FUNDS THEREFOR,
314,Loren  Legarda,Senator Senate of the Philippines,SBN-490,"AN ACT ESTABLISHING THE DEPARTMENT OF CULTURE, APPROPRIATING FUNDS THEREFOR, AND FOR OTHER PURPOSES",
314,Loren  Legarda,Senator Senate of the Philippines,SBN-491,AN ACT PROVIDING FOR URBAN AND COUNTRYSIDE GREENING IN THE PHILIPPINES THROUGH MANDATORY TREE PLANTING AND ADOPTION OF A FOREST SANCTUARY BY PUBLIC SCHOOLS UNDER THE DEPARTMENT OF EDUCATION,
314,Loren  Legarda,Senator Senate of the Philippines,SBN-493,AN ACT STRENGTHENING THE FARM-TO-MARKET ROAD DEVELOPMENT PROGRAM AND PROVIDING FOR A SUSTAINED REGULAR FUNDING SUPPORT TO ACCELERATE ITS IMPLEMENTATION,
314,Loren  Legarda,Senator Senate of the Philippines,SBN-494,"AN ACT CREATING THE ENVIRONMENTAL PROTECTION AND ENFORCEMENT BUREAU (EPEB) UNDER THE DEPARTMENT OF ENVIRONMENT AND NATURAL RESOURCES (DENR), PROVIDING FOR ITS POWER AND
FUNCTIONS AND APPROPRIATING FUNDS THEREFOR, AND FOR OTHER PURPOSES",
314,Loren  Legarda,Senator Senate of the Philippines,SBN-495,"AN ACT EXEMPTING INCENTIVES, REWARDS, BONUSES, AND OTHER FORMS OF EMOLUMENTS RECEIVED BY NATIONAL ATHLETES AND COACHES FROM TAXES, AMENDING FOR THE PURPOSE REPUBLIC ACT NO. 10699, OTHERWISE KNOWN AS THE 'NATIONAL ATHLETES AND COACHES BENEFITS AND INCENTIVES ACT'",
314,Loren  Legarda,Senator Senate of the Philippines,SBN-496,"AN ACT PROVIDING ENHANCED PROTECTION, SECURITY, AND BENEFITS FOR MEDIA WORKERS",
314,Loren  Legarda,Senator Senate of the Philippines,SBN-497,AN ACT PROVIDING A FRAMEWORK TO PROTECT AND PROMOTE THE RIGHT TO ADEQUATE FOOD,
314,Loren  Legarda,Senator Senate of the Philippines,SBN-498,AN ACT ESTABLISHING THE PHILIPPINE DEFENSE UNIVERSITY SYSTEM AND FOR OTHER PURPOSES,
314,Loren  Legarda,Senator Senate of the Philippines,SBN-499,AN ACT TO REVIVE THE RESTAURANT INDUSTRY FOR A POST-COVID19 ECONOMY AND ENSURE THEIR TRANSITION TO A BETTER NORM AL,
314,Loren  Legarda,Senator Senate of the Philippines,SBN-500,"AN ACT PROVIDING EMERGENCY FOOD SUBSIDY TO EVERY POOR FILIPINO FAMILY AFFECTED BY THE QUARANTINE PROTOCOLS, AND APPROPRIATING FUNDS THEREOF",
314,Loren  Legarda,Senator Senate of the Philippines,SBN-6,"AN ACT CREATING THE DEPARTMENT OF TECHNICAL EDUCATION TRAINING AND CERTIFICATION, PROVIDING FOR ITS POWERS, STRUCTURE AND FOR OTHER PURPOSES",
314,Loren  Legarda,Senator Senate of the Philippines,SBN-621,AN ACT TO PROMOTE A CIRCULAR ECONOMY,
314,Loren  Legarda,Senator Senate of the Philippines,SBN-623,AN ACT ESTABLISHING A NATIONAL GREEN PUBLIC PROCUREMENT PROGRAM,
314,Loren  Legarda,Senator Senate of the Philippines,SBN-7,"AN ACT FURTHER AMENDING REPUBLIC ACT NO. 8759, OTHERWISE KNOWN AS THE PUBLIC EMPLOYMENT SERVICE OFFICE ACT OF 1999, AS AMENDED, TO INCLUDE ENTREPRENEURSHIP IN THE SCOPE OF THE LAW, TO RENAME THE PRESENT PUBLIC EMPLOYMENT SERVICE OFFICE (PESO) INTO THE PUBLIC EMPLOYMENT AND ENTREPRENEURSHIP OFFICE (PEESO), AND TO ESTABLISH THE BARANGAY EMPLOYMENT AND ENTREPRENEURSHIP OFFICES (BEESO) NATIONWIDE, DEFINING ITS ROLE WITHIN THE EXISTING NETWORK, PROVIDING FUNDS THEREFOR, AND FOR OTHER PURPOSES",
314,Loren  Legarda,Senator Senate of the Philippines,SBN-8,"AN ACT TO PROMOTE AND ADVANCE SUSTAINABLE LIVELIHOOD AND ENTREPRENEUERSHIP BY INTEGRATING, ENHANCING, AND INSTITUTIONALIZING FINANCING AND OTHER PROGRAMS FOR LIVELIHOOD SUPPORT FOR MICRO, SMALL AND MEDIUM ENTERPRISES (MSMES), APPROPRIATING FUNDS THEREFOR, AND FOR OTHER PURPOSES",
314,Loren  Legarda,Senator Senate of the Philippines,SBN-827,"AN ACT PROVIDING FOR A FREE ANNUAL MEDICAL CHECK-UP FOR FILIPINOS AND APPROPRIATING FUNDS, THEREFOR",
314,Loren  Legarda,Senator Senate of the Philippines,SBN-828,AN ACT INSTITUTING POLICIES FOR THE PROTECTION AND WELFARE OF CAREGIVERS IN THE PRACTICE OF THEIR PROFESSION,
314,Loren  Legarda,Senator Senate of the Philippines,SBN-829,AN ACT ADJUSTING THE MONTHLY PENSION AND DISABILITY BENEFITS OF RETIREES OF THE DEPARTMENT OF FOREIGN AFFAIRS,
314,Loren  Legarda,Senator Senate of the Philippines,SBN-830,AN ACT ESTABLISHING INFORMATION AND COMMUNICATIONS TECHNOLOGY HUBS NATIONWIDE,
314,Loren  Legarda,Senator Senate of the Philippines,SBN-831,"AN ACT RECOGNIZING THE COMMUNITY CONSERVED TERRITORIES AND AREAS OF INDIGENOUS PEOPLES AND CULTURAL COMMUNITIES, ESTABLISHING FOR THE PURPOSE THE NATIONAL INDIGENOUS COMMUNITY CONSERVED AREAS REGISTRY, AND APPROPRIATING FUNDS THEREFOR",
314,Loren  Legarda,Senator Senate of the Philippines,SBN-832,"AN ACT PROMOTING INTEGRATED URBAN AGRICULTURE AND VERTICAL FARMING IN URBAN AREAS NATIONWIDE TO ENSURE FOOD SECURITY AND APPROPRIATING FUNDS, THEREFOR",
314,Loren  Legarda,Senator Senate of the Philippines,SBN-833,AN ACT FACILITATING AND REGULATING INTERNATIONAL DISASTER RELIEF AND INITIAL RECOVERY ASSISTANCE AND FOR OTHER PURPOSES,
314,Loren  Legarda,Senator Senate of the Philippines,SBN-834,AN ACT REQUIRING DISASTER-RELATED INFORMATION TO BE STATED IN ACCESSIBLE LANGUAGE TO ENSURE PUBLIC UNDERSTANDING THEREOF,
314,Loren  Legarda,Senator Senate of the Philippines,SBN-835,"AN ACT PROVIDING POLICIES AND PRESCRIBING PROCEDURES TO PREVENT, CONTROL, AND RESPOND TO INFECTIOUS DISEASES, AMENDING FOR THE PURPOSE REPUBLIC ACT NO. 11332, OTHERWISE KNOWN AS THE MANDATORY REPORTING OF NOTIFIABLE DISEASES AND HEALTH EVENTS OF PUBLIC HEALTH CONCERN ACT, AND FOR OTHER PURPOSES",
314,Loren  Legarda,Senator Senate of the Philippines,SBN-836,"AN ACT CREATING THE MUSIC DEVELOPMENT COUNCIL OF THE PHILIPPINES, DEFINING ITS POWERS AND FUNCTIONS, APPROPRIATING FUNDS THEREFOR, AND FOR OTHER PURPOSES",
314,Loren  Legarda,Senator Senate of the Philippines,SBN-837,"AN ACT ESTABLISHING THE PHILIPPINE NATIONAL PUBLIC PARKS SYSTEM, AND APPROPRIATING FUNDS, THEREFOR",
314,Loren  Legarda,Senator Senate of the Philippines,SBN-838,"AN ACT ESTABLISHING RESOURCE CENTERS FOR INDIGENOUS PEOPLES TO ENHANCE AND ENSURE DELIVERY OF ESSENTIAL SERVICES, APPROPRIATING FUNDS THEREFOR AND FOR OTHER PURPOSES",
314,Loren  Legarda,Senator Senate of the Philippines,SBN-839,AN ACT SAFEGUARDING THE TRADITIONAL PROPERTY RIGHTS OF INDIGENOUS PEOPLES,
314,Loren  Legarda,Senator Senate of the Philippines,SBN-840,"AN ACT ESTABLISHING THE YOUNG FARMERS AND FISHERFOLK CHALLENGE PROGRAM, CREATING FOR THE PURPOSE THE YOUNG FARMERS AND FISHERFOLK CHALLENGE COUNCIL, AND APPROPRIATING FUNDS THEREFOR",
314,Loren  Legarda,Senator Senate of the Philippines,SBN-841,AN ACT DECLARING THE WALING-WALING ORCHIDS AS THE SECOND NATIONAL FLOWER OF THE PHILIPPINES IN ADDITION TO SAMPAGUITA,
314,Loren  Legarda,Senator Senate of the Philippines,SBN-842,"AN ACT TO REGULATE NOISE POLLUTION BY CREATING THE NOISE POLLUTION CONTROL BOARD (NPCB), PROVIDING FUNDS THEREFOR AND FOR
OTHER PURPOSES",
314,Loren  Legarda,Senator Senate of the Philippines,SBN-899,"AN ACT EXPANDING AND CREATING THE REGULAR CAMPUSES OF THE UNIVERSITY OF ANTIQUE, AMENDING FOR THE PURPOSE REPUBLIC ACT NO. 9746, AND APPROPRIATING FUNDS THEREFOR",
314,Loren  Legarda,Senator Senate of the Philippines,SBN-9,"AN ACT INSTITUTIONALIZING THE PHILIPPINE ECOSYSTEM AND NATURAL CAPITAL ACCOUNTING SYSTEM (PENCAS), MANDATING ITS USE IN POLICY AND DECISION-MAKING, DESIGNATING THE AGENCIES RESPONSIBLE FOR ITS IMPLEMENTATION, PROVIDING INSTITUTIONAL ARRANGEMENTS AMONG RESPONSIBLE AGENCIES, APPROPRIATING FUNDS THEREFOR AND FOR OTHER PURPOSES",
314,Loren  Legarda,Senator Senate of the Philippines,SRN-115,"RESOLUTION URGING THE EXECUTIVE DEPARTMENT AND THE LOCAL GOVERNMENT UNITS TO INSTITUTIONALIZE THE USE OF THE GEORISKPH PLATFORMS, AND ADOPT THE POST-DISASTER SHELTER RECOVERY POLICY FRAMEWORK AND THE READY TO REBUILD: DISASTER REHABILITATION AND RECOVERY PLANNING GUIDE WORKBOOK AS TOOLS FOR DEVELOPING CLIMATE ACTION PLANS AND BUILDING A DISASTER RESILIENT AND EQUITABLE RECOVERY FROM THE IMPACTS OF CLIMATE CHANGE AND DISASTERS",
314,Loren  Legarda,Senator Senate of the Philippines,SRN-116,"RESOLUTION URGING THE NATIONAL GOVERNMENT TO IMMEDIATELY DISBURSE FUNDS FROM THE PHILIPPINE'S 4TH DISASTER RISK MANAGEMENT DEVELOPMENT POLICY LOAN WITH THE WORLD BANK FOR THE AID, RELIEF, RESETTLEMENT, REHABILITATION, LIVELIHOOD, AND DEVELOPMENT OF COMMUNITIES ADVERSELY AFFECTED BY THE RECENT 7.0-MAGNITUDE EARTHQUAKE IN NORTHERN LUZON, AND DIRECTING THE APPROPRIATE SENATE COMMITTEE TO IMMEDIATELY CALL THE NATIONAL DISASTER RISK REDUCTION AND MANAGEMENT COUNCIL (NDRRMC) FOR A SENATE BRIEFING TO ASSESS THE SITUATION AND DETERMINE THE NEEDS OF THE AFFECTED LOCALITIES AND THE TOTAL BUDGETARY REQUIREMENTS TO ADDRESS THE CALAMITY",
314,Loren  Legarda,Senator Senate of the Philippines,SRN-117,RESOLUTION CONGRATULATING AND COMMENDING THE PHILIPPINE NATIONAL WOMEN'S FOOTBALL TEAM FOR THEIR VICTORY IN THE RECENTLY CONCLUDED ASEAN FOOTBALL FEDERATION (AFF) WOMEN'S FOOTBALL CHAMPIONSHIP,
314,Loren  Legarda,Senator Senate of the Philippines,SRN-153,"RESOLUTION DECLARING A CLIMATE AND ENVIRONMENTAL EMERGENCY, AND CALLING FOR THE MOBILIZATION OF GOVERNMENT AGENCIES, LOCAL GOVERNMENT UNITS, AND INSTRUMENTALITIES, TOWARDS THE EFFECTIVE IMPLEMENTATION OF ENVIRONMENTAL, CLIMATE CHANGE ADAPTATION AND MITIGATION, AND DISASTER RISK REDUCTION AND MANAGEMENT LAWS",
314,Loren  Legarda,Senator Senate of the Philippines,SRN-16,RESOLUTION HONORING AND COMMENDING THE EIGHT NEW NATIONAL ARTISTS BY VIRTUE OF PRESIDENTIAL PROCLAMATION NO. 1390,
314,Loren  Legarda,Senator Senate of the Philippines,SRN-172,"RESOLUTION DIRECTING THE APPROPRIATE COMMITTEE/S TO CONDUCT AN INQUIRY, IN AID OF LEGISLATION, ON THE STATUS OF IMPLEMENTATION OF PERTINENT LAWS AND POLICIES WITH THE END IN VIEW OF FORMULATING AMENDATORY AND OTHER POLICY MEASURES AND PROVIDING SUFFICIENT BUDGETARY ALLOCATION THEREFOR, AS NEEDED, IN ORDER TO PROMOTE AND SAFEGUARD ECONOMIC AND RELATED RIGHTS AND ENSURE EQUITABLE ECONOMIC OPPORTUNITIES AND BENEFITS FOR WOMEN IN VULNERABLE BASIC SECTORS, INFORMAL SECTORS, BARANGAY MICRO BUSINESS ENTERPRISES (BMBES), AND, MICRO AND SMALL ENTERPRISES, SOCIAL ENTERPRISES, AND COOPERATIVES",
314,Loren  Legarda,Senator Senate of the Philippines,SRN-210,RESOLUTION HONORING AND COMMENDING THE METROBANK FOUNDATION OUTSTANDING FILIPINOS OF 2022 FOR THEIR DEDICATION AND PROFESSIONALISM IN THE PURSUIT OF EXCELLENT PUBLIC SERVICE,
314,Loren  Legarda,Senator Senate of the Philippines,SRN-29,"RESOLUTION CREATING A STANDING COMMITTEE ON CLIMATE CHANGE AND
DISASTER RISK REDUCTION, THEREBY AMENDING SECTION 13, RULE X OF THE RULES OF THE SENATE",
314,Loren  Legarda,Senator Senate of the Philippines,SRN-418,"RESOLUTION URGING THE APPROPRIATE SENATE COMMITTEE TO CONDUCT AN INQUIRY, IN AID OF LEGISLATION, ON THE TECHNICAL ISSUE THAT AFFECTED THE COMMUNICATIONS, NAVIGATION, SURVEILLANCE/ AIR TRAFFIC MANAGEMENT (CNS/ATM) SYSTEMS OF THE CIVIL AVIATION AUTHORITY OF THE PHILIPPINES (CAAP) ON NEW YEAR'S DAY OF 2023, TO THE DETRIMENT OF AIR PASSENGERS AND PHILIPPINE AIR TRANSPORT SYSTEM",
314,Loren  Legarda,Senator Senate of the Philippines,SRN-422,"RESOLUTION URGING THE APPROPRIATE SENATE COMMITTEE TO CONDUCT AN INQUIRY IN AID OF LEGISLATION INTO REPORTS OF VIOLENCE, LAND-GRABBING, AND ILLEGAL LOGGING AND QUARRYING NEGATIVELY IMPACTING THE MASUNGI GEORESERVE, AND THE REST OF THE UPPER MARIKINA RIVER BASIN PROTECTED LANDSCAPE",
314,Loren  Legarda,Senator Senate of the Philippines,SRN-423,RESOLUTION AFFIRMING THE DECLARATION BY THE NATIONAL HISTORICAL COMMISSION OF THE PHILIPPINES OF CERTAIN PORTIONS OF THE STA. ANA DISTRICT IN THE CITY OF MANILA AS AN IMPORTANT HERITAGE ZONE AND URGING THE LOCAL GOVERNMENT CONCERNED TO HELP IN PRESERVING THESE AREAS THEREOF,
314,Loren  Legarda,Senator Senate of the Philippines,SRN-60,RESOLUTION EXPRESSING THE PROFOUND SYMPATHY AND SINCERE CONDOLENCES OF THE SENATE OF THE PHILIPPINES TO THE PEOPLE OF JAPAN ON THE DEATH OF ITS FORMER PRIME MINISTER SHINZO ABE,
314,Loren  Legarda,Senator Senate of the Philippines,SRN-61,"RESOLUTION DIRECTING THE APPROPRIATE SENATE COMMITTEE TO CONDUCT AN INQUIRY, IN AID OF LEGISLATION, INTO THE STATUS OF THE PEOPLE'S TELEVISION NETWORK INC. (PTNI), ALSO KNOWN AS PTV, WITH THE END IN VIEW OF EVALUATING THE IMPLEMENTATION OF REPUBLIC ACT NO. 7306, AS AMENDED BY REPUBLIC ACT NO. 10390, AND ENSURING FISCAL TRANSPARENCY AND ACCOUNTABILITY",
314,Loren  Legarda,Senator Senate of the Philippines,SRN-70,"RESOLUTION URGING NATIONAL GOVERNMENT AGENCIES AND INSTRUMENTALITIES AND LOCAL GOVERNMENT UNITS TO EFFECTIVELY IMPLEMENT EXISTING ENVIRONMENTAL LAWS, ESPECIALLY REPUBLIC ACT NO. 9003, OTHERWISE KNOWN AS THE ECOLOGICAL SOLID WASTE MANAGEMENT ACT OF 2000, AND DIRECTING THE SENATE COMMITTEE ON ENVIRONMENT AND NATURAL RESOURCES TO CONDUCT AN ENVIRONMENTAL AUDIT OF ALL CONCERNED AGENCIES IN RELATION TO THEIR COMPLIANCE THEREOF",
314,Loren  Legarda,Senator Senate of the Philippines,SRN-75,"RESOLUTION EXPRESSING THE PROFOUND SYMPATHY AND SINCERE CONDOLENCES OF THE SENATE OF THE PHILIPPINES ON THE DEATH OF FORMER PRESIDENT, THE HONORABLE FIDEL V. RAMOS",
316,"Aquilino ""Koko""  Pimentel  III",Senator Senate of the Philippines,SRN-198,RESOLUTION EXPRESSING THE PROFOUND SYMPATHY AND SINCERE CONDOLENCES OF THE SENATE OF THE PHILIPPINES ON THE DEATH OF QUEEN ELIZABETH II OF THE UNITED KINGDOM OF GREAT BRITAIN AND NORTHERN IRELAND,
316,"Aquilino ""Koko""  Pimentel  III",Senator Senate of the Philippines,SBN-1015,"AN ACT AMENDING ARTICLE 365 OF ACT NO. 3815, OTHERWISE KNOWN AS THE REVISED PENAL CODE, AS AMENDED",
316,"Aquilino ""Koko""  Pimentel  III",Senator Senate of the Philippines,SBN-1016,"AN ACT AMENDING SECTION 9 OF PRESIDENTIAL DECREE (P.D.) NO. 968, OTHERWISE KNOWN AS THE PROBATION LAW OF 1976, AS AMENDED",
316,"Aquilino ""Koko""  Pimentel  III",Senator Senate of the Philippines,SBN-1245,"AN ACT CREATING A MANDATORY POSITION FOR A HUMAN RESOURCE MANAGEMENT OFFICER IN LOCAL GOVERNMENT UNITS, AMENDING FOR THE PURPOSE SECTIONS 443, 454 AND 463 OF REPUBLIC ACT NO. 7160, AS AMENDED, OTHERWISE KNOWN AS THE LOCAL GOVERNMENT CODE OF 1991, AND FOR OTHER PURPOSES",
316,"Aquilino ""Koko""  Pimentel  III",Senator Senate of the Philippines,SBN-308,"AN ACT AMENDING SECTION 185 OF THE OMNIBUS ELECTION CODE, AS AMENDED BY REPUBLIC ACT NO. 7904, BY ABOLISHING THE PRINTING OF THE VOTERS INFORMATION AND INSTRUCTION SHEET",
316,"Aquilino ""Koko""  Pimentel  III",Senator Senate of the Philippines,SBN-71,"AN ACT SUSPENDING THE IMPOSITION OF
VALUE-ADDED TAX AND EXCISE TAXES  ON FUEL, AMENDING SECTIONS 106, 107, AND 148 OF THE NATIONAL INTERNAL REVENUE CODE OF 1997, AS AMENDED",
316,"Aquilino ""Koko""  Pimentel  III",Senator Senate of the Philippines,SBN-72,"AN ACT MODERNIZING THE PHILIPPINE ORTHOPEDIC CENTER, UPGRADING ITS SERVICE FACILITIES AND APPROPRIATING FUNDS THEREFOR",
316,"Aquilino ""Koko""  Pimentel  III",Senator Senate of the Philippines,SBN-73,"AN ACT EXTENDING THE VALIDITY OF THE AUTHORITY TO SOLEMNIZE MARRIAGE ISSUED TO PRIESTS, MINISTERS OR RABBIS, AMENDING FOR THE PURPOSE ARTICLE 95 OF THE CIVIL CODE OF THE PHILIPPINES, AS AMENDED BY REPUBLIC ACT NO. 6514 AND FOR OTHER PURPOSES",
316,"Aquilino ""Koko""  Pimentel  III",Senator Senate of the Philippines,SBN-74,"AN ACT AMENDING SECTION TWO OF REPUBLIC ACT NO. 10868, OTHERWISE KNOWN AS ?THE CENTENARIANS ACT OF 2016?",
316,"Aquilino ""Koko""  Pimentel  III",Senator Senate of the Philippines,SBN-75,AN ACT PROVIDING A MICROFINANCING PROGRAM FOR MICRO ENTERPRISES THEREBY PROMOTING ENTREPRENEURSHIP,
316,"Aquilino ""Koko""  Pimentel  III",Senator Senate of the Philippines,SBN-76,AN ACT ABOLISHING THE TRAVEL TAX ON FILIPINOS AND ON NATIONALS OF ASSOCIATION OF SOUTHEAST ASIAN NATIONS (ASEAN) MEMBER STATES TRAVELLING TO OTHER ASEAN MEMBER STATES,
316,"Aquilino ""Koko""  Pimentel  III",Senator Senate of the Philippines,SBN-77,"AN ACT CREATING THE POSITION OF THE MUNICIPAL GENERAL SERVICES OFFICER IN MUNICIPAL GOVERNMENTS, AMENDING SECTION 443 (A) AND SECTION 490 (A) OF REPUBLIC ACT NO. 7160, OTHERWISE KNOWN AS THE LOCAL GOVERNMENT CODE OF 1991",
316,"Aquilino ""Koko""  Pimentel  III",Senator Senate of the Philippines,SBN-78,"AN ACT AUTHORIZING THE PRESIDENT OF THE PHILIPPINES TO ESTABLISH THE ARCHIPELAGIC SEA LANES IN PHILIPPINE ARCHIPELAGIC WATERS, PRESCRIBING THE OBLIGATIONS OF FOREIGN SHIPS AND AIRCRAFT EXERCISING ARCHIPELAGIC SEA LANES PASSAGE THROUGH THE DESIGNATED ARCHIPELAGIC SEA LANES, AND FOR OTHER PURPOSES",
316,"Aquilino ""Koko""  Pimentel  III",Senator Senate of the Philippines,SBN-79,"AN ACT MANDATING AGE-APPROPRIATE COMPUTER PROGRAMMING SUBJECTS IN THE CURRICULUM OF THE ENHANCED BASIC EDUCATION PROGRAM (K-12), APPROPRIATING FUNDS THEREFOR, AND FOR OTHER PURPOSES",
316,"Aquilino ""Koko""  Pimentel  III",Senator Senate of the Philippines,SBN-921,"AN ACT PROVIDING FOR THE MANNER OF SELECTING AN ACTING PRESIDENT, AS REQUIRED UNDER ARTICLE VII, SECTION 7 OF THE CONSTITUTION",
316,"Aquilino ""Koko""  Pimentel  III",Senator Senate of the Philippines,SBN-977,"AN ACT PROTECTING INDIVIDUALS ENGAGED IN FOOD, GROCERY, AND PHARMACY DELIVERY SERVICES",
316,"Aquilino ""Koko""  Pimentel  III",Senator Senate of the Philippines,SBN-978,"AN ACT PROHIBITING THE ISSUANCE OF
PRE-APPROVED CREDIT CARDS WITHOUT THE CONSENT OF THE CONSUMER AND FOR OTHER PURPOSES",
316,"Aquilino ""Koko""  Pimentel  III",Senator Senate of the Philippines,SBN-979,"AN ACT ESTABLISHING THE PHILIPPINE GERIATRIC MEDICAL CENTER, OTHERWISE KNOWN AS THE ?SENIOR CITIZENS? HOSPITAL?, AND APPROPRIATING FUNDS THEREFOR",
316,"Aquilino ""Koko""  Pimentel  III",Senator Senate of the Philippines,SRN-120,"A RESOLUTION DIRECTING THE SENATE COMMITTEE ON ACCOUNTABILITY OF PUBLIC OFFICERS AND INVESTIGATIONS (BLUE RIBBON), TO CONDUCT AN INQUIRY, IN AID OF LEGISLATION, ON THE ALLEGED OVERPRICED AND OUTDATED LAPTOPS PROCURED BY THE DEPARTMENT OF EDUCATION (DEPED) THROUGH THE DEPARTMENT OF BUDGET AND MANAGEMENT PROCUREMENT SERVICE (DBM-PS)",
316,"Aquilino ""Koko""  Pimentel  III",Senator Senate of the Philippines,SRN-122,"RESOLUTION CALLING FOR AN INVESTIGATION, IN AID OF LEGISLATION, ON THE ANOMALOUS AND ERRONEOUS
WAY THAT THE GOVERNMENT SERVICE INSURANCE SYSTEM (GSIS) IS IMPLEMENTING REPUBLIC ACT NO. 7699, OTHERWISE KNOWN AS THE PORTABILITY LAW",
316,"Aquilino ""Koko""  Pimentel  III",Senator Senate of the Philippines,SRN-141,"A RESOLUTION DIRECTING THE SENATE COMMITTEE ON ACCOUNTABILITY OF PUBLIC OFFICERS AND INVESTIGATIONS (BLUE RIBBON), TO CONDUCT AN INQUIRY, IN AID OF LEGISLATION, ON THE ALLEGED LACK OF DILIGENCE OF THE DEPARTMENT OF BUDGET AND MANAGEMENT-PROCUREMENT SERVICE (DBM-PS) IN PROCURING P1.386 BILLION WORTH OF PERSONAL PROTECTIVE EQUIPMENT (PPE)",
316,"Aquilino ""Koko""  Pimentel  III",Senator Senate of the Philippines,SRN-147,"A RESOLUTION DIRECTING THE SENATE COMMITTEE ON ACCOUNTABILITY OF PUBLIC OFFICERS AND
INVESTIGATIONS (BLUE RIBBON), TO CONDUCT AN INQUIRY, IN AID OF LEGISLATION, ON THE ALLEGED
UNDUE PAYMENT GIVEN BY THE LAND TRANSPORTATION OFFICE (LTO) TO THE JOINT VENTURE OF DERMALOG IDENTIFICATION SYSTEM, HOLY FAMILY PRINTING CORP., MICROGENESIS AND VERZONTAL BUILDERS",
316,"Aquilino ""Koko""  Pimentel  III",Senator Senate of the Philippines,SRN-148,"RESOLUTION ESTABLISHING THE SENATE LEGISLATIVE INSTITUTE FOR THE CONTINUING EDUCATION, STUDIES, RESEARCH AND TRAINING PROGRAMS FOR THE MEMBERS OF THE SENATE, ITS OFFICERS AND STAFF, AND FOR OTHER PURPOSES",
316,"Aquilino ""Koko""  Pimentel  III",Senator Senate of the Philippines,SRN-244,"A RESOLUTION DIRECTING THE SENATE COMMITTEE ON WAYS AND MEANS, TO CONDUCT AN INQUIRY, IN AID OF LEGISLATION, ON THE IMPOSITION OF VALUE-ADDED TAX ON IMPORTATIONS AND LOCAL PURCHASES OF GOODS AND SERVICES DIRECTLY AND
EXCLUSIVELY USED IN THE REGISTERED PROJECT
OR ACTIVITY OF DOMESTIC MARKET ENTERPRISES IN SPECIAL ECONOMIC ZONES",
316,"Aquilino ""Koko""  Pimentel  III",Senator Senate of the Philippines,SRN-253,"RESOLUTION DIRECTING THE APPROPRIATE COMMITTEE OF THE SENATE TO UNDERTAKE AN INQUIRY IN AID OF LEGISLATION TO DETERMINE AND MAINTAIN THE INTEGRITY AND TRUSTWORTHINESS OF THE
PHILIPPINE CHARITY SWEEPSTAKES OFFICE (PCSO) LOTTO GAMES",
316,"Aquilino ""Koko""  Pimentel  III",Senator Senate of the Philippines,SRN-3,"RESOLUTION CALLING FOR AN INVESTIGATION, IN AID OF LEGISLATION, ON THE FREQUENT CHANGES IN THE PHILIPPINE
BANK NOTES AND COINS INITIATED BY THE
BANGKO SENTRAL NG PILIPINAS (BSP)",
316,"Aquilino ""Koko""  Pimentel  III",Senator Senate of the Philippines,SRN-377,RESOLUTION CONGRATULATING AND COMMENDING BATANGAS STATE UNIVERSITY FOR WINNING THE CHAMPIONSHIP IN THE UNIVERSITY CATEGORY AS WELL AS FOR THEIR EXEMPLARY PERFORMANCE IN THE RECENTLY CONCLUDED ENGINEERING INNOVATION CHALLENGE (EIC) 2022 HELD LAST NOVEMBER IN SINGAPORE,
316,"Aquilino ""Koko""  Pimentel  III",Senator Senate of the Philippines,SRN-403,"A RESOLUTION DIRECTING THE APPROPRIATE SENATE COMMITTEE TO CONDUCT AN INQUIRY, IN AID OF LEGISLATION, ON THE AIR TRAFFIC MANAGEMENT SYSTEM GLITCH AT THE NINOY AQUINO INTERNATIONAL AIRPORT LAST JANUARY 1, 2023, WHICH CAUSED IMMEASURABLE ECONOMIC LOSSES AND INCONVENIENCES TO AIRLINE PASSENGERS",
316,"Aquilino ""Koko""  Pimentel  III",Senator Senate of the Philippines,SRN-404,"RESOLUTION CONGRATULATING AND COMMENDING THE ATENEO DE MANILA UNIVERSITY FOR THEIR EXEMPLARY PERFORMANCE AND WINNING THE CHAMPIONSHIP IN THE RECENTLY CONCLUDED WORLD UNIVERSITIES DEBATING CHAMPIONSHIP 2023 HELD IN MADRID, SPAIN FROM DECEMBER
27,2022 TO JANUARY 3,2023",
316,"Aquilino ""Koko""  Pimentel  III",Senator Senate of the Philippines,SRN-443,"A RESOLUTION DIRECTING THE SENATE COMMITTEE ON ACCOUNTABILITY OF PUBLIC OFFICERS AND
INVESTIGATIONS (BLUE RIBBON), TO CONDUCT AN INQUIRY, IN AID OF LEGISLATION, ON THE ANOMALOUS
PROCUREMENT BY THE PHILIPPINE AMUSEMENT AND GAMING CORPORATION (PAGCOR) OF ITS THIRD-PARTY
AUDITOR, GLOBAL COMRCI",
316,"Aquilino ""Koko""  Pimentel  III",Senator Senate of the Philippines,SRN-477,"A RESOLUTION DIRECTING THE SENATE COMMITTEE ON ACCOUNTABILITY OF PUBLIC OFFICERS AND INVESTIGATIONS (BLUE RIBBON) TO CONDUCT AN INQUIRY, IN AID OF LEGISLATION, ON THE RAMPANT AND UNABATED AGRICULTURAL SMUGGLING IN THE PHILIPPINES",
316,"Aquilino ""Koko""  Pimentel  III",Senator Senate of the Philippines,SRN-483,A RESOLUTION EXPRESSING THE PHILIPPINE SENATE?S CONDOLENCES TO THE GOVERNMENTS OF T?RKIYE AND SYRIA ON THE DEATH TOLLCAUSED BY THE 2023 T?RKIYE-SYRIA EARTHQUAKE; CALLING THE PHILIPPINE GOVERNMENT TO PROVIDE AID; AND UNDERTAKE AN INFORMATION CAMPAIGN FOR EARTHQUAKE PREPARATION AND RESPONSE,
317,"Joseph Victor ""JV"" G. Ejercito",Senator Senate of the Philippines,SRN-198,RESOLUTION EXPRESSING THE PROFOUND SYMPATHY AND SINCERE CONDOLENCES OF THE SENATE OF THE PHILIPPINES ON THE DEATH OF QUEEN ELIZABETH II OF THE UNITED KINGDOM OF GREAT BRITAIN AND NORTHERN IRELAND,
317,"Joseph Victor ""JV"" G. Ejercito",Senator Senate of the Philippines,SBN-1161,"AN ACT ESTABLISHING THE VIROLOGY SCIENCE AND TECHNOLOGY INSTITUTE OF THE PHILIPPINES (VIP), APPROPRIATING FUNDS THEREFOR",PENDING IN THE COMMITTEE DATE : 9/7/2022
317,"Joseph Victor ""JV"" G. Ejercito",Senator Senate of the Philippines,SBN-1162,"AN ACT REPEALING REPUBLIC ACT NO. 10912, OTHERWISE KNOWN AS THE CONTINUING PROFESSIONAL DEVELOPMENT ACT OF 2016",PENDING IN THE COMMITTEE DATE : 9/7/2022
317,"Joseph Victor ""JV"" G. Ejercito",Senator Senate of the Philippines,SBN-1163,"AN ACT ESTABLISHING A CENTER FOR DISEASE CONTROL AND PREVENTION, PROVIDING MECHANISMS FOR EPIDEMIC CONTROL, APPROPRIATING FUNDS THEREFOR, AND FOR OTHER PURPOSES","CONSOLIDATED/SUBSTITUTED IN THE COMMITTEE REPORT DATE : 2/13/2023
Committee Report No.:28 Date:2/13/2023 SUBSTITUTED BY SBN-1869
UNDER COMMITTEE REPORT
NO. 28."
317,"Joseph Victor ""JV"" G. Ejercito",Senator Senate of the Philippines,SBN-1164,"AN ACT PROVIDING FOR A TEN THOUSAND PESOS (P10,000.00) ACROSS-THE-BOARD INCREASE IN THE BASIC MONTHLY SALARY OF ALL PUBLIC ELEMENTARY AND SECONDARY SCHOOL TEACHERS AND APPROPRIATING FUNDS THEREFOR",PENDING IN THE COMMITTEE DATE : 9/7/2022
317,"Joseph Victor ""JV"" G. Ejercito",Senator Senate of the Philippines,SBN-1172,"AN ACT INSTITUTIONALIZING A MASTERPLAN FOR THE TRANSITION OF THE GOVERNMENT TO E-GOVERNANCE, APPROPRIATING FUNDS THEREFOR AND FOR OTHER PURPOSES",PENDING IN THE COMMITTEE DATE : 9/7/2022
317,"Joseph Victor ""JV"" G. Ejercito",Senator Senate of the Philippines,SBN-1234,"AN ACT PROVIDING MEASURES TO PROTECT INDIVIDUALS ENGAGED IN FOOD, GROCERY AND PHARMACY DELIVERY SERVICES",PENDING IN THE COMMITTEE DATE : 9/7/2022
317,"Joseph Victor ""JV"" G. Ejercito",Senator Senate of the Philippines,SBN-1235,"AN ACT INSTITUTING THE CITIZEN SERVICE TRAINING COURSE, ESTABLISHING THE CITIZEN SERVICE CORPS, CREATING THE CITIZEN SERVICE MOBILIZATION COMMISSION, APPROPRIATING FUNDS THEREFOR, AND FOR OTHER PURPOSES",PENDING IN THE COMMITTEE DATE : 9/7/2022
317,"Joseph Victor ""JV"" G. Ejercito",Senator Senate of the Philippines,SBN-1236,AN ACT ESTABLISHING THE NEGROS ISLAND REGION TO BE KNOWN AS REGION XVIII,PENDING IN THE COMMITTEE DATE : 9/7/2022
317,"Joseph Victor ""JV"" G. Ejercito",Senator Senate of the Philippines,SBN-1257,"AN ACT ESTABLISHING AN ON-SITE, IN-CITY OR NEAR-CITY RESETTLEMENT PROGRAM FOR INFORMAL SETTLER FAMILIES IN ACCORDANCE WITH A PEOPLE'S PLAN AND MANDATING RELOCATING LOCAL GOVERNMENT UNITS TO PROVIDE OTHER BASIC SERVICES AND LIVELIHOOD COMPONENTS IN FAVOR OF THE RECIPIENT LOCAL GOVERNMENT UNIT, AMENDING FOR THE PURPOSE REPUBLIC ACT NO. 7279, AS AMENDED, OTHERWISE KNOWN AS THE URBAN DEVELOPMENT AND HOUSING ACT OF 1992",PENDING IN THE COMMITTEE DATE : 9/12/2022
317,"Joseph Victor ""JV"" G. Ejercito",Senator Senate of the Philippines,SBN-1258,"AN ACT STRENGTHENING THE NATIONAL HOUSING AUTHORITY, EXTENDING ITS CORPORATE TERM, AMENDING FOR THE PURPOSE PRESIDENTIAL DECREE NO. 757",PENDING IN THE COMMITTEE DATE : 9/12/2022
317,"Joseph Victor ""JV"" G. Ejercito",Senator Senate of the Philippines,SBN-1276,"AN ACT INSTITUTING REFORMS TO FURTHER PROTECT AND DEVELOP MICRO SMALL AND MEDIUM ENTERPRISES, AMENDING FOR THE PURPOSE EXECUTIVE ORDER NO. 81, OTHERWISE KNOWN AS ?THE 1986 REVISED CHARTER OF THE DEVELOPMENT BANK OF THE PHILIPPINES,? AS AMENDED",PENDING IN THE COMMITTEE DATE : 9/12/2022
317,"Joseph Victor ""JV"" G. Ejercito",Senator Senate of the Philippines,SBN-1277,AN ACT MANDATING THE USE OF SURVEILLANCE CAMERAS FOR THE SECURITY AND SAFETY OF COMMERCIAL ESTABLISHMENTS,PENDING IN THE COMMITTEE DATE : 9/12/2022
317,"Joseph Victor ""JV"" G. Ejercito",Senator Senate of the Philippines,SBN-1278,AN ACT ESTABLISHING A BUSINESS PERMIT AND LICENSING OFFICE (BPLO) IN EVERY CITY OR MUNICIPALITY IN THE COUNTRY,PENDING IN THE COMMITTEE DATE : 9/12/2022
317,"Joseph Victor ""JV"" G. Ejercito",Senator Senate of the Philippines,SBN-1284,"AN ACT STRENGTHENING ACCESS TO CREDIT OF MICRO, SMALL, AND MEDIUM ENTERPRISES, AMENDING FOR THE PURPOSE REPUBLIC ACT NO. 6977, AS AMENDED, OTHERWISE KNOWN AS THE ?MAGNA CARTA FOR MICRO, SMALL AND MEDIUM ENTERPRISES? AND FOR OTHER PURPOSES",PENDING IN THE COMMITTEE DATE : 9/12/2022
317,"Joseph Victor ""JV"" G. Ejercito",Senator Senate of the Philippines,SBN-1285,"AN ACT PROVIDING FOR SIMPLIFIED REGISTRATION, FILING OF RETURNS AND PAYMENT OF INCOME AND PERCENTAGE TAXES, AND PROVIDING FOR TAX RELIEF FOR
MICRO-ENTERPRISES, AMENDING FOR THE PURPOSE SECTIONS 74, 128 AND 236 OF THE NATIONAL INTERNAL REVENUE CODE, AS AMENDED",PENDING IN THE COMMITTEE DATE : 9/12/2022
317,"Joseph Victor ""JV"" G. Ejercito",Senator Senate of the Philippines,SBN-1530,"AN ACT INSTITUTIONALIZING THE AUTOMATIC INCOME CLASSIFICATION OF PROVINCES, CITIES AND MUNICIPALITIES, AMENDING FOR THIS PURPOSE SECTION 8 OF REPUBLIC ACT NO. 7160, OTHERWISE KNOWN AS THE LOCAL GOVERNMENT CODE OF 1991, AS AMENDED, AND FOR OTHER PURPOSES",PENDING IN THE COMMITTEE DATE : 11/28/2022
317,"Joseph Victor ""JV"" G. Ejercito",Senator Senate of the Philippines,SBN-1554,"AN ACT REGULATING THE CATCHING, SALE, PURCHASE, POSSESSION, TRANSPORTATION, IMPORTATION, AND EXPORTATION OF SHARKS, RAYS, AND CHIMAERAS, AND ANY PART THEREOF IN THE COUNTRY",PENDING IN THE COMMITTEE DATE : 11/29/2022
317,"Joseph Victor ""JV"" G. Ejercito",Senator Senate of the Philippines,SBN-1555,"AN ACT ESTABLISHING THE NATIONAL CENTER FOR GERIATRIC HEALTH AND RESEARCH INSTITUTE, DEFINING ITS POWERS AND FUNCTIONS, CREATING REGIONAL GERIATRIC SPECIALTY CENTERS IN THE DEPARTMENT OF HEALTH-RETAINED HOSPITALS, AND APPROPRIATING FUNDS THEREFOR",PENDING IN THE COMMITTEE DATE : 11/29/2022
317,"Joseph Victor ""JV"" G. Ejercito",Senator Senate of the Philippines,SBN-158,AN ACT MANDATING THE FORMULATION AND INSTITUTIONALIZATION OF A COMPREHENSIVE INFRASTRUCTURE DEVELOPMENT MASTER PLAN,PENDING IN THE COMMITTEE DATE : 8/1/2022
317,"Joseph Victor ""JV"" G. Ejercito",Senator Senate of the Philippines,SBN-159,"AN ACT AMENDING REPUBLIC ACT NO. 11235, OTHERWISE KNOWN AS THE ?MOTORCYCLE CRIME PREVENTION ACT",PENDING IN THE COMMITTEE DATE : 8/1/2022
317,"Joseph Victor ""JV"" G. Ejercito",Senator Senate of the Philippines,SBN-160,"AN ACT AMENDING REPUBLIC ACT NO. 11223, OTHERWISE KNOWN AS THE ?UNIVERSAL HEALTH CARE ACT",PENDING IN THE COMMITTEE DATE : 8/1/2022
317,"Joseph Victor ""JV"" G. Ejercito",Senator Senate of the Philippines,SBN-162,AN ACT AMENDING CERTAIN PROVISIONS OF REPUBLIC ACT NO. 7305 OR THE MAGNA CARTA FOR PUBLIC HEALTH WORKERS AND FOR OTHER PURPOSES,PENDING IN THE COMMITTEE DATE : 8/1/2022
317,"Joseph Victor ""JV"" G. Ejercito",Senator Senate of the Philippines,SBN-163,"AN ACT PROMOTING THE WELFARE OF THE BARANGAY OFFICIALS BY PROVIDING REGULARIZATION, SALARY STANDARDIZATION, AND SPECIAL RISK ALLOWANCE IN TIMES OF STATE OF EMERGENCY OR CALAMITIES AND DURING SIMILAR SITUATIONS AS MAY BE DECLARED BY THE NATIONAL GOVERNMENT, AND APPROPRIATING FUNDS THERFOR",PENDING IN THE COMMITTEE DATE : 8/1/2022
317,"Joseph Victor ""JV"" G. Ejercito",Senator Senate of the Philippines,SBN-1633,"AN ACT STRENGTHENING THE INVOLVEMENT OF LOCAL COMMUNITIES AND LOCAL GOVERNMENT UNITS IN BASIC EDUCATION GOVERNANCE BY EMPOWERING THEM AS PARTNERS IN EDUCATING THE LEARNERS, ENGAGING THEIR PARTICIPATION IN THE DELIVERY OF BASIC SERVICES AND ASSESSMENT OF THE EFFECTIVITY AND EFFECTIVENESS THEREOF, AND
INTEGRATING THEIR INTERVENTIONS TO ACHIEVE THE SHARED GOAL OF QUALITY INCLUSIVE EDUCATION, AMENDING FOR THE PURPOSE OF SECTIONS 98, 99, 100 AND 272 OF REPUBLIC ACT NO. 7160, OTHERWISE KNOWN AS THE LOCAL GOVERNMENT CODE OF 1991, AS AMENDED, AND FOR OTHER PURPOSES",PENDING IN THE COMMITTEE DATE : 1/23/2023
317,"Joseph Victor ""JV"" G. Ejercito",Senator Senate of the Philippines,SBN-1635,"AN ACT REQUIRING MANDATORY INSURANCE OF ALL BUILDINGS AND OTHER PHYSICAL STRUCTURES OWNED BY LOCAL GOVERNMENT UNITS, AMENDING FOR THIS PURPOSE, REPUBLIC ACT NO. 7160, OTHERWISE KNOWN AS THE LOCAL GOVERNMENT CODE",PENDING IN THE COMMITTEE DATE : 1/23/2023
317,"Joseph Victor ""JV"" G. Ejercito",Senator Senate of the Philippines,SBN-1638,"AN ACT CREATING THE OFFICE OF THE BUILDING OFFICIAL IN ALL PROVINCES, CITIES AND MUNICIPALITIES AND AMENDING SECTIONS 443, 454, AND 477 OF REPUBLIC ACT NO. 7160, OTHERWISE KNOWN AS THE LOCAL GOVERNMENT CODE OF 1991 AND FOR OTHER PURPOSES",PENDING IN THE COMMITTEE DATE : 1/23/2023
317,"Joseph Victor ""JV"" G. Ejercito",Senator Senate of the Philippines,SBN-164,"AN ACT PROVIDING HOUSING TO PUBLIC HEALTH WORKERS NEAR GOVERNMENT HOSPITALS AND OTHER HEALTH FACILITIES, AND FOR OTHER PURPOSES",PENDING IN THE COMMITTEE DATE : 8/1/2022
317,"Joseph Victor ""JV"" G. Ejercito",Senator Senate of the Philippines,SBN-165,AN ACT MANDATING THE ESTABLISHMENT OF AGRI-FOOD TERMINALS AND TRADING CENTERS  IN EVERY PROVINCE PROVIDING FUNDS THEREFOR AND FOR OTHER PURPOSES,PENDING IN THE COMMITTEE DATE : 8/1/2022
317,"Joseph Victor ""JV"" G. Ejercito",Senator Senate of the Philippines,SBN-166,"AN ACT GRANTING RETIREMENT BENEFITS TO ALL ELECTIVE OR APPOINTIVE BARANGAY OFFICIALS WHO HAVE RENDERED A PERIOD OF NINE (9) YEARS OR THREE TERMS OF PUBLIC SERVICE IN THE BARANGAY, AND APPROPRIATING FUNDS THEREFOR",PENDING IN THE COMMITTEE DATE : 8/1/2022
317,"Joseph Victor ""JV"" G. Ejercito",Senator Senate of the Philippines,SBN-167,"AN ACT ALLOWING THE USE OF MOTORCYCLES AS PUBLIC UTILITY VEHICLES, AMENDING FOR THE PURPOSE REPUBLIC ACT NO. 4136, OTHERWISE KNOWN AS THE LAND TRANSPORTATION AND TRAFFIC CODE, AND FOR OTHER PURPOSES",PENDING IN THE COMMITTEE DATE : 8/1/2022
317,"Joseph Victor ""JV"" G. Ejercito",Senator Senate of the Philippines,SBN-1678,"AN ACT EXPANDING THE USE OF THE LEGAL ASSISTANCE FUND, AMENDING FOR THE PURPOSE SECTION 26 OF REPUBLIC ACT NO. 8042, AS AMENDED, OTHERWISE KNOWN AS THE
MIGRANT WORKERS AND OVERSEAS FILIPINOS ACT OF 1995",PENDING IN THE COMMITTEE DATE : 1/24/2023
317,"Joseph Victor ""JV"" G. Ejercito",Senator Senate of the Philippines,SBN-1688,"AN ACT AMENDING CERTAIN PROVISIONS OF REPUBLIC ACT NO. 10845, OTHERWISE KNOWN AS THE ANTI-AGRICULTURAL SMUGGLING ACT OF 2016, AND FOR OTHER PURPOSES",PENDING IN THE COMMITTEE DATE : 1/24/2023
317,"Joseph Victor ""JV"" G. Ejercito",Senator Senate of the Philippines,SBN-1862,"AN ACT EXPANDING THE APPLICATION OF THE LOCAL DISASTER RISK REDUCTION AND MANAGEMENT FUND BY AMENDING REPUBLIC ACT NO. 10121, OTHERWISE KNOWN AS THE PHILIPPINE DISASTER RISK REDUCTION AND MANAGEMENT ACT OF 2010",PENDING IN THE COMMITTEE DATE : 2/13/2023
317,"Joseph Victor ""JV"" G. Ejercito",Senator Senate of the Philippines,SBN-1863,"AN ACT AMENDING SECTIONS 59, 187, 188, 195, 196,
226, 229 AND 252 OF REPUBLIC ACT NO. 7160, OTHERWISE KNOWN AS THE LOCAL GOVERNMENT CODE OF 1991",PENDING IN THE COMMITTEE DATE : 2/13/2023
317,"Joseph Victor ""JV"" G. Ejercito",Senator Senate of the Philippines,SBN-389,"AN ACT RECOGNIZING TRANSPORTATION NETWORK COMPANIES AND DRIVERS, PRESCRIBING REQUIREMENTS, GUIDELINES AND STANDARDS FOR THEIR OPERATION, PROVIDING PENALTIES FOR VIOLATION THEREOF, AND FOR OTHER PURPOSES",PENDING IN THE COMMITTEE DATE : 8/8/2022
317,"Joseph Victor ""JV"" G. Ejercito",Senator Senate of the Philippines,SBN-391,"AN ACT INCREASING THE PENALTY OF THE CRIME OF ABANDONMENT OF PERSON IN DANGER AND ABANDONMENT OF ONE'S OWN VICTIM, AMENDING FOR THE PURPOSE ARTICLE 275 OF ACT 3815 ENTITLED 'AN ACT REVISING THE PENAL CODE AND OTHER PENAL CODE'. OTHERWISE KNOWN AS THE 'REVISED PENAL CODE' AS AMENDED",PENDING IN THE COMMITTEE DATE : 8/8/2022
317,"Joseph Victor ""JV"" G. Ejercito",Senator Senate of the Philippines,SBN-392,AN ACT ESTABLISHING THE SOLIDARITY FUND OF THE LOCAL GOVERNMENT UNITS FOR DISASTER RESPONSE AND RECOVERY,PENDING IN THE COMMITTEE DATE : 8/8/2022
317,"Joseph Victor ""JV"" G. Ejercito",Senator Senate of the Philippines,SBN-393,"AN ACT PROMOTING SAFE ALTERNATIVE MOBILITY BY ESTABLISHING A NETWORK OF POP-UP BICYCLE LANES AND EMERGENCY PATHWAYS, AND FOR OTHER PURPOSES","CONSOLIDATED/SUBSTITUTED IN THE COMMITTEE REPORT DATE : 9/7/2022
Committee Report No.:2 Date:9/7/2022
SUBSTITUTED BY SBN-1290 UNDER COMMITTEE REPORT NO. 2."
317,"Joseph Victor ""JV"" G. Ejercito",Senator Senate of the Philippines,SBN-394,"AN ACT STRENGTHENING LOCAL GOVERNMENT PARTICIPATION IN NATIONAL  DEVELOPMENT BY INCREASING THE SHARE OF LOCAL GOVERNMENT UNITS IN NATIONAL TAXES, AMENDING FOR THE PURPOSE SECTION 284 OF REPUBLIC ACT NO. 7160, OTHERWISE KNOWN AS THE LOCAL GOVERNMENT CODE OF 1991",PENDING IN THE COMMITTEE DATE : 8/8/2022
317,"Joseph Victor ""JV"" G. Ejercito",Senator Senate of the Philippines,SBN-395,"AN ACT MANDATING THE ESTABLISHMENT OF VEGETABLE CROP GARDENS FOR INDIGENTS, APPROPRIATING FUNDS THEREFOR AND FOR OTHER PURPOSES",PENDING IN THE COMMITTEE DATE : 8/8/2022
317,"Joseph Victor ""JV"" G. Ejercito",Senator Senate of the Philippines,SBN-397,"AN ACT ESTABLISHING THE PHILIPPINE E-HEALTH SYSTEM AND SERVICES IN SUPPORT OF UNIVERSAL HEALTH CARE, AND APPROPRIATING FUNDS THEREFOR",PENDING IN THE COMMITTEE DATE : 8/8/2022
317,"Joseph Victor ""JV"" G. Ejercito",Senator Senate of the Philippines,SBN-398,"AN ACT STRENGTHENING THE SECURITY OF TENURE OF WORKERS IN THE PRIVATE SECTOR, AMENDING FOR THE PURPOSE ARTICLES 106, 107, 108, 109, AND 294 OF PRESIDENTIAL DECREE NO.
442 OTHERWISE KNOWN AS THE LABOR CODE OF THE PHILIPPINES, AS AMENDED",PENDING IN THE COMMITTEE DATE : 8/8/2022
317,"Joseph Victor ""JV"" G. Ejercito",Senator Senate of the Philippines,SBN-756,"AN ACT CREATING THE DEPARTMENT OF DISASTER RESILIENCE, DEFINING ITS POWERS AND FUNCTIONS, AND APPROPRIATING FUNDS THEREFOR",PENDING IN THE COMMITTEE DATE : 8/30/2022
317,"Joseph Victor ""JV"" G. Ejercito",Senator Senate of the Philippines,SRN-194,"RESOLUTION DIRECTING THE SENATE  COMMITTEE ON PUBLIC ORDER AND DANGEROUS DRUGS TO CONDUCT AN INQUIRY, IN AID OF LEGISLATION, ON THE ALARMING CASES OF KIDNAPPING, ABDUCTION, DISAPPEARANCES,  AND THE RECENT SPATE OF CRIMES IN THE COUNTRY IN GENERAL, WITH THE END IN VIEW OF CRAFTING LEGISLATION TO STRENGTHEN OUR CRIMINAL LAWS AND MAINTAIN PEACE AND ORDER IN THE COUNTRY",PENDING IN THE COMMITTEE DATE : 9/12/2022
317,"Joseph Victor ""JV"" G. Ejercito",Senator Senate of the Philippines,SRN-400,"COMMITTEE ON PUBLIC SERVICES TO CONDUCT AN INQUIRY IN AID OF LEGISLATION ON THE RECENT AIRPORT NAVIGATION SYSTEM FIASCO THAT PARALYZED THE OPERATION OF THE NINOY AQUINO INTERNATIONAL AIRPORT (NAIA), RISKED THE SAFETY OF TRAVELERS, AND POSED NATIONAL SECURITY CONCERNS, WITH THE END IN VIEW OF STRENGTHENING AND ENSURING SAFETY IN THE AVIATION INDUSTRY, AND PREVENTION OF ANY OTHER SIMILAR INCIDENTS IN THE FUTURE",PENDING IN THE COMMITTEE DATE : 1/31/2023
317,"Joseph Victor ""JV"" G. Ejercito",Senator Senate of the Philippines,SRN-64,"RESOLUTION DIRECTING THE APPROPRIATE SENATE COMMITTEE TO CONDUCT AN INQUIRY, IN AID OF LEGISLATION, ON THE STATUS OF IMPLEMENTATION OF VARIOUS GOVERNMENT RAILWAY PROJECTS, WITH THE END IN VIEW OF CRAFTING MEASURES THAT SHALL FAST-TRACK CONSTRUCTION AND PREVENT FURTHER DELAY OF THEIR COMPLETION",PENDING IN THE COMMITTEE DATE : 8/9/2022
317,"Joseph Victor ""JV"" G. Ejercito",Senator Senate of the Philippines,SRN-68,"RESOLUTION COMMEMORATING THE 108TH FOUNDING ANNIVERSARY OF THE IGLESIA NI CRISTO (INC), RECOGNIZING AND COMMENDING THE LEADERSHIP OF KA EDUARDO V. MANALO",CONSOLIDATED WITH ADOPTED RESOLUTION DATE : 7/27/2022
313,Juan Miguel F. Zubiri,Senator Senate of the Philippines,SBN-1298,AN ACT RECOGNIZING THE CIVIL EFFECTS OF CHURCH DECREED ANNULMENT,
313,Juan Miguel F. Zubiri,Senator Senate of the Philippines,SBN-1357,AN ACT GRANTING PHILIPPINE CITIZENSHIP TO JUVENAL SANSO,
313,Juan Miguel F. Zubiri,Senator Senate of the Philippines,SBN-1380,AN ACT ENCOURAGING AND PROMOTING THE USE AND DEVELOPMENT OF SATELLITE-BASED TECHNOLOGIES FOR INTERNET CONNECTIVITY,
313,Juan Miguel F. Zubiri,Senator Senate of the Philippines,SBN-1381,AN ACT REQUIRING ALL PUBLIC TELECOMMUNICATIONS ENTITIES AND INTERNET SERVICE PROVIDERS TO INCREASE SERVICE COVERAGE AND DELIVER A MINIMUM STANDARD FOR INTERNET CONNECTION SPEED,
313,Juan Miguel F. Zubiri,Senator Senate of the Philippines,SBN-1382,AN ACT REQUIRING CRITICAL INFORMATION INFRASTRUCTURE INSTITUTIONS TO ADOPT AND IMPLEMENT ADEQUATE MEASURES TO PROTECT THEIR INFORMATION AND COMMUNICATIONS TECHNOLOGY (ICT) SYSTEMS AND INFRASTRUCTURE,
313,Juan Miguel F. Zubiri,Senator Senate of the Philippines,SBN-1383,AN ACT PROMOTING OPEN ACCESS IN INTERNET SERVICES AND FOR OTHER PURPOSES,
313,Juan Miguel F. Zubiri,Senator Senate of the Philippines,SBN-1500,AN ACT GRANTING PHILIPPINE CITIZENSHIP TO KYLE DOUGLAS JENNERMANN,
313,Juan Miguel F. Zubiri,Senator Senate of the Philippines,SBN-1603,"AN ACT AMENDING REPUBLIC ACT NO. 11709 OTHERWISE KNOWN AS AN ACT STRENGTHENING PROFESSIONALISM AND PROMOTING THE CONTINUITY OF POLICIES AND MODERNIZATION INITIATIVES IN THE ARMED FORCES OF THE PHILIPPINES, BY PRESCRIBING FIXED TERMS FOR KEY OFFICERS THEREOF, INCREASING THE MANDATORY RETIREMENT AGE OF GENERALS/FLAG OFFICERS, PROVIDING FOR A MORE EFFECTIVE ATTRITION SYSTEM, AND PROVIDING FUNDS THEREFOR, AND FOR OTHER PURPOSES",
313,Juan Miguel F. Zubiri,Senator Senate of the Philippines,SBN-1746,AN ACT ESTABLISHING A NATIONAL ENERGY POLICY AND REGULATORY FRAMEWORK FOR FACILITIES UTILIZING WASTE-TO-ENERGY TECHNOLOGIES,
313,Juan Miguel F. Zubiri,Senator Senate of the Philippines,SBN-1747,"AN ACT TO ENHANCE THE CAPABILITY AND STREAMLINE THE ORGANIZATIONAL ROLE OF THE DEPARTMENT OF NATIONAL DEFENSE AND ITS BUREAUS, APPROPRIATING FUNDS THEREFOR AND FOR OTHER PURPOSES",
313,Juan Miguel F. Zubiri,Senator Senate of the Philippines,SBN-1810,"AN ACT PROVIDING FOR THE ISSUANCE OF A LIST OF LOW-LYING AREAS OF THE PHILIPPINE TERRITORY VULNERABLE TO RISING SEA LEVELS AS A RESULT OF CLIMATE CHANGE, AND AREAS AT HIGH RISK FOR NATURAL DISASTERS, MANDATING THE DEPARTMENT OF ENVIRONMENT AND NATURAL RESOURCES, DEPARTMENT OF SCIENCE AND TECHNOLOGY, CLIMATE CHANGE COMMISSION AND OTHER CONCERNED GOVERNMENT AGENCIES FOR ITS REGULAR UPDATING AND APPROPRIATING FUNDS THEREFOR AND FOR OTHER PURPOSES",
313,Juan Miguel F. Zubiri,Senator Senate of the Philippines,SBN-310,AN ACT TO PROMOTE RURAL HEALTH BY PROVIDING AN ACCELERATED PROGRAM FOR THE CONSTRUCTION OF A POTABLE WATER SUPPLY SYSTEM IN EVERY BARANGAY IN THE COUNTRY WITHIN THREE YEARS,
313,Juan Miguel F. Zubiri,Senator Senate of the Philippines,SBN-311,"AN ACT INCREASING THE POSITIONS RESERVED FOR PERSONS WITH DISABILITIES, AMENDING FOR THE PURPOSE REPUBLIC ACT NO. 7277, AS AMENDED, OTHERWISE KNOWN AS THE MAGNA CARTA FOR DISABLED PERSONS",
313,Juan Miguel F. Zubiri,Senator Senate of the Philippines,SBN-312,"AN ACT MANDATING SHIPOWNERS, SHIP CREW, AND CONCERNED GOVERNMENT AGENCIES TO PROVIDE FOR AND ENSURE THE SAFETY OF PASSENGERS AT SEA, PROVIDING PENALTIES FOR VIOLATIONS THEOREOF, AND FOR OTHER PURPOSES",
313,Juan Miguel F. Zubiri,Senator Senate of the Philippines,SBN-313,"AN ACT  AMENDING COMMONWEALTH ACT N0.473, OTHERWISE KNOWN AS THE 'REVISED NATURALIZATION LAW'  AND FOR OTHER PURPOSES",
313,Juan Miguel F. Zubiri,Senator Senate of the Philippines,SBN-314,"AN ACT INSTITUTING REFORMS IN REAL PROPERTY VALUATION IN THE PHILIPPINES, ESTABLISHING THE NATIONAL VALUATION AUTHORITY AND APPROPRIATING FUNDS THEREFOR",
313,Juan Miguel F. Zubiri,Senator Senate of the Philippines,SBN-315,"AN ACT PROVIDING FOR THE DEVELOPMENT OF A NATIONAL DEFENSE INDUSTRY THROUGH THE STRENGTHENING AND REVITALIZING OF THE SELF RELIANT DEFENSE POSTURE (SRDP) PROGRAM, INCENTIVIZING INCOUNTRY ENTERPRISES, RATIONALIZING DEFENSE ACQUISITION, AND CREATING THE OFFICE OF THE UNDERSECRETARY FOR DEFENSE TECHNOLOGY RESEARCH AND INDUSTRY DEVELOPMENT UNDER THE DEPARTMENT OF NATIONAL DEFENSE, AND PROVIDING FUNDS THEREFOR",
313,Juan Miguel F. Zubiri,Senator Senate of the Philippines,SBN-316,"AN ACT ESTABLISHING A NATIONAL CANCER CENTER TO BE KNOWN AS THE
NATIONAL CANCER CENTER OF THE PHILIPPINES
AND APPROPRIATING FUNDS THEREFOR",
313,Juan Miguel F. Zubiri,Senator Senate of the Philippines,SBN-317,"AN ACT REDEFINING THE COVERAGE AND EXTENDING THE MANDATORY CREDIT ALLOCATION TO MICRO, SMALL AND MEDIUM ENTERPRISES, AMENDING FOR THE PURPOSE CERTAIN PROVISIONS OF REPUBLIC ACT NO. 6977, AS AMENDED, OTHERWISE KNOWN AS THE 'MAGNA CARTA FOR SMALL
ENTERPRISES'  AND FOR OTHER PURPOSES",
313,Juan Miguel F. Zubiri,Senator Senate of the Philippines,SBN-318,"AN ACT INSTITUTIONALIZING THE TRANSITION OF THE GOVERNMENT TO E-GOVERNANCE IN THE DIGITAL AGE, APPROPRIATING FUNDS THEREFOR, AND FOR OTHER PURPOSES",
313,Juan Miguel F. Zubiri,Senator Senate of the Philippines,SBN-595,"AN ACT INSTITUTING A NATIONAL LAND USE POLICY, PROVIDING THE IMPLEMENTING MECHANISMS THEREFOR, AND FOR OTHER PURPOSES",
313,Juan Miguel F. Zubiri,Senator Senate of the Philippines,SBN-596,"AN ACT EXEMPTING GOVERNMENT OFFICIALS AND EMPLOYEES FROM THE PROHIBITION AGAINST DISCLOSURE OF OR INQUIRY INTO DEPOSITS WITH ANY BANKING INSTITUTION, AMENDING FOR THE PURPOSE CERTAIN PROVISIONS OF REPUBLIC ACT NO. 1405, OTHERWISE KNOWN AS THE 'SECRECY OF BANK DEPOSITS LAW'",
313,Juan Miguel F. Zubiri,Senator Senate of the Philippines,SBN-597,"AN ACT STRENGTHENING THE BARANGAY UNIT THROUGH SUPPORT FOR BARANGAY OFFICIALS AND BARANGAY VOLUNTEER WORKERS, AMENDING REPUBLIC ACT NO. 7160, PROVIDING FUNDS THEREFOR, AND FOR OTHER PURPOSES",
313,Juan Miguel F. Zubiri,Senator Senate of the Philippines,SBN-598,"AN ACT GRANTING RETIREMENT BENEFITS TO ALL ELECTIVE OR APPOINTIVE BARANGAY OFFICIALS WHO HAVE RENDERED A CONSECUTIVE PERIOD OF NINE (9) YEARS OR THREE TERMS OF PUBLIC SERVICE IN THE BARANGAY, AND APPROPRIATING FUNDS THEREFOR",
313,Juan Miguel F. Zubiri,Senator Senate of the Philippines,SBN-599,AN ACT ESTABLISHING THE PHILIPPINE VIROLOGY SCIENCE AND TECHNOLOGY INSTITUTE AND APPROPRIATING FUNDS THEREFOR,
313,Juan Miguel F. Zubiri,Senator Senate of the Philippines,SBN-600,"AN ACT PROVIDING FOR THE MODERNIZATION OF THE PUBLIC HEALTH EMERGENCY PREPAREDNESS AND RESPONSE CAPABILITIES, ESTABLISHING
FOR THIS PURPOSE THE CENTER FOR DISEASE PREVENTION AND CONTROL, AND APPROPRIATING FUNDS THEREFOR",
313,Juan Miguel F. Zubiri,Senator Senate of the Philippines,SBN-601,"AN ACT REORGANIZING THE NATIONAL COUNCIL ON DISABILITY AFFAIRS INTO THE NATIONAL COMMISSION ON DISABILITY AFFAIRS, DEFINING ITS POWERS AND FUNCTIONS, APPROPRIATING FUNDS THEREFOR, AND FOR OTHER PURPOSES",
313,Juan Miguel F. Zubiri,Senator Senate of the Philippines,SBN-602,AN ACT ENCOURAGING VOLUNTEERISM DURING EMERGENCIES BY PROTECTING VOLUNTEERS FROM LIABILITY,
313,Juan Miguel F. Zubiri,Senator Senate of the Philippines,SBN-603,"AN ACT ESTABLISHING QUALITY STANDARDS FOR MINERAL, CARBONATED AND OTHER BOTTLED WATER",
313,Juan Miguel F. Zubiri,Senator Senate of the Philippines,SBN-604,"AN ACT CREATING THE MINDANAO RAILWAYS AUTHORITY (MRA), PRESCRIBING ITS POWERS, FUNCTIONS AND DUTIES, AMENDING FOR THE PURPOSE REPUBLIC ACT NO. 4156 ENTITLED 'AN ACT CREATING THE PHILIPPINE NATIONAL RAILWAYS, PRESCRIBING ITS POWERS, FUNCTIONS AND DUTIES, AND PROVIDING FOR THE NECESSARY FUNDS FOR ITS OPERATION'  AS AMENDED BY R. A. NO. 6366, APPROPRIATING FUNDS THEREFOR, AND FOR OTHER PURPOSES",
313,Juan Miguel F. Zubiri,Senator Senate of the Philippines,SBN-605,"AN ACT INSTITUTIONALIZING THE PHILIPPINE BAMBOO INDUSTRY DEVELOPMENT PROGRAM, APPROPRIATING FUNDS THEREFOR, AND FOR OTHER PURPOSES",
313,Juan Miguel F. Zubiri,Senator Senate of the Philippines,SBN-606,"AN ACT TO DEVELOP THE RUBBER INDUSTRY, ESTABLISHING FOR THE PURPOSE THE PHILIPPINE RUBBER INDUSTRY DEVELOPMENT BOARD, DEFINING ITS POWERS AND FUNCTIONS AND APPROPRIATING FUNDS THEREFOR",
313,Juan Miguel F. Zubiri,Senator Senate of the Philippines,SBN-607,"AN ACT STRENGTHENING RURAL BANKS IN THE PHILIPPINES AMENDING FURTHER FOR THE PURPOSE REPUBLIC ACT NO. 7353, OTHERWISE KNOWN AS THE RURAL BANKS ACT OF 1992, AS AMENDED",
313,Juan Miguel F. Zubiri,Senator Senate of the Philippines,SBN-608,"AN ACT PROVIDING FOR THE REGISTRATION, REGULATION, AND OPERATION OF COOPERATIVE BANKS",
313,Juan Miguel F. Zubiri,Senator Senate of the Philippines,SBN-609,"AN ACT ESTABLISHING THE TRANSPORTATION COOPERATIVES DEVELOPMENT LOAN FUND, APPROPRIATING AND SOURCING FUNDS THEREOF AND FOR OTHER PURPOSES.",
313,Juan Miguel F. Zubiri,Senator Senate of the Philippines,SBN-610,AN ACT REGULATING THE PRACTICE OF MICROBIOLOGY IN THE PHILIPPINES AND FOR OTHER PURPOSES,
313,Juan Miguel F. Zubiri,Senator Senate of the Philippines,SBN-611,AN ACT ESTABLISHING A CENTER FOR AUTISM AND FOR OTHER PURPOSES,
313,Juan Miguel F. Zubiri,Senator Senate of the Philippines,SBN-612,"AN ACT PROTECTING CONSUMERS AND MERCHANTS ENGAGED IN INTERNET TRANSACTIONS, CREATING FOR THIS PURPOSE THE E-COMMERCE BUREAU, APPROPRIATING FUNDS THEREFOR, AND FOR OTHER PURPOSES",
313,Juan Miguel F. Zubiri,Senator Senate of the Philippines,SBN-613,"AN ACT CONVERTING THE SATELLITE CAMPUSES OF THE BUKIDNON STATE UNIVERSITY LOCATED IN THE MUNICIPALITIES OF TALAKAG, BAUNGON, LIBONA, MALITBOG, IMPASUGONG, CABANGLASAN, SAN FERNANDO, QUEZON, KITAOTAO, DAMULOG, KADINGILAN, AND KALILANGAN IN THE PROVINCE OF BUKIDNON AND IN THE MUNICIPALITIES OF ALUBIJID,TALISAYAN AND MEDINA IN THE PROVINCE OF MISAMIS ORIENTAL ALL IN NORTHERN MINDANAO, INTO REGULAR CAMPUSES OF THE BUKIDNON STATE UNIVERSITY, AND APPROPRIATING FUNDS THEREFOR",
313,Juan Miguel F. Zubiri,Senator Senate of the Philippines,SBN-781,PHILIPPINE IMMIGRATION ACT,
313,Juan Miguel F. Zubiri,Senator Senate of the Philippines,SBN-782,AN ACT INSTITUTIONALIZING THE POVERTY REDUCTION THROUGH SOCIAL ENTREPRENEURSHIP (PRESENT) PROGRAM AND PROMOTING SOCIAL ENTERPRISES WITH THE POOR AS PRIMARY STAKEHOLDERS,
313,Juan Miguel F. Zubiri,Senator Senate of the Philippines,SBN-783,AN ACT PROHIBITING MERCHANDISING STORES AND SERVICE ESTABLISHMENTS FROM CHARGING MORE THAN THE CASH RETAIL PRICE OF GOODS AND SERVICES PURCHASED WITH CREDIT CARDS AND PRESCRIBING PENALTIES FOR ANY VIOLATION THEREOF,
313,Juan Miguel F. Zubiri,Senator Senate of the Philippines,SBN-784,AN ACT PROHIBITING THE USE OF PYRAMID SCHEMES OR CHAIN DISTRIBUTION PLANS IN DOING BUSINESS AND PROVIDING PENALTIES THEREFORE AND FOR OTHER PURPOSES,
313,Juan Miguel F. Zubiri,Senator Senate of the Philippines,SBN-785,AN ACT PROVIDING FOR A SYSTEM OF REDISTRIBUTING AND RECYCLING FOOD WASTE TO PROMOTE FOOD SECURITY,
313,Juan Miguel F. Zubiri,Senator Senate of the Philippines,SBN-786,"AN ACT ESTABLISHING ROAD SAFETY CURRICULUM, CAMPAIGN AND TRAINING, PROVIDING FUNDS THEREFOR AND FOR OTHER PURPOSES",
313,Juan Miguel F. Zubiri,Senator Senate of the Philippines,SBN-787,"AN ACT PROHIBITING A 'NO PERMIT, NO EXAM' POLICY OR ANY SUCH POLICY THAT PREVENTS STUDENTS OF ANY EDUCATIONAL INSTITUTION FROM TAKING THEIR EXAMINATIONS DUE TO UNPAID TUITION AND OTHER SCHOOL FEES",
313,Juan Miguel F. Zubiri,Senator Senate of the Philippines,SBN-788,AN ACT SYNCHRONIZING THE OPENING OF ALL CLASSES IN ALL SCHOOLS IN THE PHILIPPINES,
313,Juan Miguel F. Zubiri,Senator Senate of the Philippines,SBN-789,AN ACT DECLARING DECEMBER 12 OF EVERY YEAR A SPECIAL WORKING HOLIDAY IN THE ENTIRE COUNTRY TO COMMEMORATE THE FEAST OF OUR LADY OF GUADALUPE,
313,Juan Miguel F. Zubiri,Senator Senate of the Philippines,SBN-80,"AN ACT ESTABLISHING REGIONAL BRANCHES OF SPECIALTY HOSPITALS SUCH AS THE PHILIPPINE HEART CENTER, NATIONAL KIDNEY AND TRANSPLANT INSTITUTE, LUNG CENTER OF THE PHILIPPINES, PHILIPPINE CHILDREN?S MEDICAL CENTER AND PHILIPPINE CANCER CENTER, APPROPRIATING FUNDS THEREFOR, AND FOR OTHER PURPOSES",
313,Juan Miguel F. Zubiri,Senator Senate of the Philippines,SBN-81,"AN ACT CREATING THE DEPARTMENT OF DISASTER RESILIENCE, DEFINING ITS POWERS AND FUNCTIONS, AND APPROPRIATING FUNDS THEREFOR",
313,Juan Miguel F. Zubiri,Senator Senate of the Philippines,SBN-82,AN ACT REQUIRING THE REGISTRATION OF SUBSCRIBER IDENTITY MODULE (SIM) CARDS IN MOBILE PHONES,
313,Juan Miguel F. Zubiri,Senator Senate of the Philippines,SBN-83,AN ACT PROVIDING FOR ADDITIONAL SUPPORT AND COMPENSATION FOR EDUCATORS IN BASIC EDUCATION,
313,Juan Miguel F. Zubiri,Senator Senate of the Philippines,SBN-85,AN ACT ESTABLISHING THE MAGNA CARTA FOR BARANGAYS,
313,Juan Miguel F. Zubiri,Senator Senate of the Philippines,SBN-86,AN ACT INSTITUTING THE MAGNA CARTA OF FILIPINO SEAFARERS,
313,Juan Miguel F. Zubiri,Senator Senate of the Philippines,SBN-87,"AN ACT CREATING THE DEPARTMENT OF WATER RESOURCES, DEFINING ITS POWERS AND FUNCTIONS, APPROPRIATING FUNDS THEREFOR, AND FOR OTHER PURPOSES",
313,Juan Miguel F. Zubiri,Senator Senate of the Philippines,SBN-88,AN ACT INSTITUTING THE MEDICAL RESERVE CORPS AND APPROPRIATING FUNDS THEREFOR,
313,Juan Miguel F. Zubiri,Senator Senate of the Philippines,SCR-6,CONCURRENT RESOLUTION GRANTING CONSENT TO SENATE PRESIDENT PRO TEMPORE LOREN LEGARDA TO ACCEPT THE ?COMMENDATORE? TO THE ORDER OF MERIT OF THE ITALIAN REPUBLIC CONFERRED UPON HER BY THE ITALIAN REPUBLIC,
313,Juan Miguel F. Zubiri,Senator Senate of the Philippines,SRN-137,"RESOLUTION EXPRESSING THE PROFOUND SYMPATHY AND SINCERE CONDOLENCES OF THE SENATE ON THE DEATH OF '' ASIA'S SPRINT QUEEN'', LYDIA DE VEGAMERCADO",
313,Juan Miguel F. Zubiri,Senator Senate of the Philippines,SRN-177,"RESOLUTION CONGRATULATING AND COMMENDING ERNEST JOHN ''EJ'' OBIENA FOR WINNING THE MEN'S POLE VAULT EVENT OF THE ALLIANZ MEMORIAL VAN DAMME PROGRAM OF THE WANDA DIAMOND LEAGUE ATHLETICS AT THE KING BAUDOUIN STADIUM IN BRUSSELS, BELGIUM ON 3 SEPTEMBER 2022",
313,Juan Miguel F. Zubiri,Senator Senate of the Philippines,SRN-198,RESOLUTION EXPRESSING THE PROFOUND SYMPATHY AND SINCERE CONDOLENCES OF THE SENATE OF THE PHILIPPINES ON THE DEATH OF QUEEN ELIZABETH II OF THE UNITED KINGDOM OF GREAT BRITAIN AND NORTHERN IRELAND,
313,Juan Miguel F. Zubiri,Senator Senate of the Philippines,SRN-238,"RESOLUTION RECOGNIZING AND HONORING THE HEROISM AND BRAVERY OF FIVE RESCUERS FROM THE BULACAN PROVINCIAL DISASTER RISK REDUCTION AND MANAGEMENT OFFICE (PDRRMO) NAMELY, GEORGE AGUSTIN, TROY JUSTIN AGUSTIN, MARBY BARTOLOME, NARCISO CALAYAG JR., AND JERSON RESURECCION FOR THEIR SELFLESS SACRIFICE OF PUTTING THEIR LIVES ON THE LINE TO ENSURE THE SAFETY OF BULAKENYOS AT THE HEIGHT OF SUPER TYPHOON KARDING (NORU) ON 25 SEPTEMBER 2022",
313,Juan Miguel F. Zubiri,Senator Senate of the Philippines,SRN-289,"RESOLUTION CONGRATULATING AND COMMENDING CARLO PAALAM, NESTHY PETECIO, AND HERGIE BACYADAN FOR HONORING THE COUNTRY WITH A GOLD AND TWO BRONZE MEDALS AT THE 2022 ASIAN BOXING CONFEDERATION (ASBC)
ELITE BOXING CHAMPIONSHIPS IN AMMAN, JORDAN HELD FROM OCTOBER 30 TO NOVEMBER 13, 2022",
313,Juan Miguel F. Zubiri,Senator Senate of the Philippines,SRN-292,"RESOLUTION CONGRATULATING AND COMMENDING CARLOS EDRIEL YULO FOR HONORING THE COUNTRY WITH SILVER AND BRONZE MEDALS AT THE 2022 WORLD GYMNASTICS CHAMPIONSHIPS AT THE M&S BANK ARENA IN LIVERPOOL, UNITED KINGDOM HELD FROM OCTOBER 29 TO NOVEMBER 6, 2022",
313,Juan Miguel F. Zubiri,Senator Senate of the Philippines,SRN-337,"RESOLUTION CONGRATULATING AND COMMENDING THE 2022 GALING POOK AWARDEES HONORED BY GALING POOK FOUNDATION, CO-PRESENTED BY SM PRIME HOLDINGS INC. AND DILG-LOCAL GOVERNMENT ACADEMY, AND SPONSORED BY CEBU PACIFIC AND AIRSPEED, ON 22 NOVEMBER 2022 AT THE MALACANANG PALACE, MANILA, PHILIPPINES",
313,Juan Miguel F. Zubiri,Senator Senate of the Philippines,SRN-356,"RESOLUTION CONGRATULATING AND COMMENDING HIDILYN DIAZ-NARANJO FOR WINNING THREE (3) GOLD MEDALS IN THE WOMEN'S 55KG DIVISION OF THE 2022 INTERNATIONAL WEIGHTLIFTING FEDERATION (IWF) WORLD CHAMPIONSHIPS ON DECEMBER 8, 2022 IN BOGOTA, COLOMBIA",
313,Juan Miguel F. Zubiri,Senator Senate of the Philippines,SRN-409,"RESOLUTION CONGRATULATING AND COMMENDING MELVIN ''GRINGO'' JERUSALEM FOR HONORING THE COUNTRY WITH A WORLD BOXING ORGANIZATION (WBO) WORLD
MINIMUM TITLE AT THE EDION ARENA IN
OSAKA, JAPAN ON 6 JANUARY 2023",
313,Juan Miguel F. Zubiri,Senator Senate of the Philippines,UNR-1,"PRIVILEGE SPEECH OF SENATE PRESIDENT JUAN MIGUEL ?MIGZ? F. ZUBIRI ENTITLED ?FIASCO BEHIND SUGAR ORDER NO. 4? DELIVERED ON AUGUST 15, 2022",
