link,long_title,short_title,authors,date_filed,subjects
https://ldr.senate.gov.ph/legislative-issuances/senate-bills/bills/senate-bill-no-2398-19th-congress,"AN ACT FURTHER AMENDING SECTION 32 OF REPUBLIC ACT NO. 8424, OTHERWISE KNOWN AS THE NATIONAL INTERNAL REVENUE CODE OF 1997, AS AMENDED, AND FOR OTHER PURPOSES",AMENDING SEC. 32 OF R.A. NO. 8434 (NATIONAL INTERNAL REVENUE CODE),"GATCHALIAN, WIN","September 8, 2023",Public school teachers; BENEFITS AND INCENTIVES; NATIONAL INTERNAL REVENUE CODE (NIRC); ELECTIONS
https://ldr.senate.gov.ph/legislative-issuances/senate-bills/bills/senate-bill-no-2118-19th-congress,"AN ACT EXPANDING THE SERVICES OF THE PHILIPPINE CROP INSURANCE CORPORATION AND ENCOURAGING PRIVATE SECTOR PARTICIPATION IN AGRICULTURAL INSURANCE. FURTHER AMENDING SECTION 1 AND SECTION 3.11 OF PRESIDENTIAL DECREE NO. 1467. CREATING THE PHILIPPINE CROP INSURANCE CORPORATION, AS AMENDED","AMENDING P.D. NO. 1467, (CREATING THE PHILIPPINE CROP INSURANCE CORPORATION), AS AMENDED","GO, CHRISTOPHER LAWRENCE T.","March 5, 2023",PHILIPPINE CROP INSURANCE CORPORATION
https://ldr.senate.gov.ph/legislative-issuances/senate-bills/bills/senate-bill-no-2182-19th-congress,N/A,GRANTING FULL TAX BENEFITS TO GOVERNMENT PURCHASES DURING A STATE OF CALAMITY,"MARCOS, IMEE R.","May 15, 2023",CALAMITY/DISASTER; TAX EXEMPTION
https://ldr.senate.gov.ph/legislative-issuances/senate-bills/bills/senate-bill-no-2068-19th-congress,AN ACT AUTHORIZING PUBLIC-PRIVATE PARTNERSHIPS AND APPROPRIATING FUNDS THEREFOR,PUBLIC -PRIVATE PARTNERSHIP ACT,"GATCHALIAN, WIN","December 4, 2023",PUBLIC-PRIVATE PARTNERSHIP (PPP) PROJECTS
https://ldr.senate.gov.ph/legislative-issuances/senate-bills/bills/senate-bill-no-1640-19th-congress,N/A,GOVERNMENT FINANCIAL INSTITUTIONS UNIFIED INITIATIVES TO DISTRESS ENTERPRISES FOR ECONOMIC RECOVERY,"VILLANUEVA, JOEL","September 1, 2023",GOVERNMENT FINANCIAL INSTITUTIONS; ECONOMIC RECOVERY
https://ldr.senate.gov.ph/legislative-issuances/senate-bills/bills/senate-bill-no-1952-19th-congress,"AN ACT CONVERTING THE SABLAYAN-AGPANABAT-BAGACAY ROAD, A SECTION OF THE ROMBLON CIRCUMFERENTIAL ROAD, INTO A NATIONAL ROAD AND APPROPRIATING FUNDS THEREFOR",SABLAYAN -AGPANABAT-BAGACAY ROAD NATIONAL ROAD (ROMBLON),"MARCOS, IMEE R.","February 3, 2023","ROADS, CONVERSION"
https://ldr.senate.gov.ph/legislative-issuances/senate-bills/bills/senate-bill-no-1704-19th-congress,N/A,PWD INFRASTRUCTURE-FRIENDLY FACILITIES IN SUCS ACT OF 2022,"VILLAR, MARK A.","January 18, 2023",PERSONS WITH DISABILITIES (PWDS); INFRASTRUCTURES; STATE UNIVERSITIES AND COLLEGES (SUCS)
https://ldr.senate.gov.ph/legislative-issuances/senate-bills/bills/senate-bill-no-1770-19th-congress,N/A,"BARANGAY IBAYONG, PROVINCE  OF IFUGAO","MARCOS, IMEE R.","January 25, 2023","BARANGAY, CREATION"
https://ldr.senate.gov.ph/legislative-issuances/senate-bills/bills/senate-bill-no-2150-19th-congress,"AN ACT STRENGTHENING THE POWERS AND FUNCTIONS OF THE INTELLECTUAL PROPERTY OFFICE OF THE PHILIPPINES, AMENDING FOR THE PURPOSE REPUBLIC ACT NO. 8293, AS AMENDED, OTHERWISE KNOWN AS THE INTELLECTUAL PROPERTY CODE OF THE PHILIPPINES",STRENGTHENING THE POWERS AND FUNCTIONS OF THE INTELLECTUAL PROPERTY OFFICE OF THE PHILIPPINES,"ESTRADA, JINGGOY E.","September 5, 2023",INTELLECTUAL PROPERTY CODE
https://ldr.senate.gov.ph/legislative-issuances/senate-bills/bills/senate-bill-no-1972-19th-congress,N/A,RESILIENT HOUSING AND HUMAN SETTLEMENTS ACT,"EJERCITO, JOSEPH VICTOR G.","July 3, 2023",RESILIENT HOUSING AND HUMAN SETTLEMENTS
https://ldr.senate.gov.ph/legislative-issuances/senate-bills/bills/senate-bill-no-2036-19th-congress,N/A,POSITIVE PARENTING OF CHILDRENS ACT,"HONTIVEROS, RISA","March 22, 2023",parents; CHILDREN/CHILD CARE
https://ldr.senate.gov.ph/legislative-issuances/senate-bills/bills/senate-bill-no-2225-19th-congress,N/A,MANITO PROTECTED SEASCAPE ACT,"VILLAR, CYNTHIA A.","May 23, 2023",PROTECTED SEASCAPE; PROTECTED AREA/PROTECTED LANDSCAPE
https://ldr.senate.gov.ph/legislative-issuances/senate-bills/bills/senate-bill-no-1856-19th-congress,AN ACT ALLOWING THE USE OF DIGITAL COPY OF IDENTIFICATION CARDS IN GOVERNMENT TRANSACTIONS,GOVERNMENT IDENTIFICATION DIGITIZATION ACT OF 2023,"VILLAR, MARK A.","September 2, 2023",DIGITAL COPY; IDENTIFICATION CARD; DIGITAL TRANSACTION
https://ldr.senate.gov.ph/legislative-issuances/senate-bills/bills/senate-bill-no-1920-19th-congress,N/A,FREE PARKING ACT,"TULFO, RAFFY T.","February 22, 2023",FREE PARKING SPACE; SENIOR CITIZEN/ELDERLY; PERSONS WITH DISABILITIES (PWDS)
https://ldr.senate.gov.ph/legislative-issuances/senate-bills/bills/senate-bill-no-1672-19th-congress,AN ACT GRANTING FREE COLLEGE ENTRANCE EXAMINATIONS TO THE UNDERPRIVILEGED PUBLIC SENIOR HIGH SCHOOL GRADUATING STUDENTS AND GRADUATES BELONGING TO THE TOP FIFTEEN PERCENT (15%) OF THEIR GRADUATING CLASS FOR ADMISSION IN PRIVATE HIGHER EDUCATION INSTITUTIONS,LIBRENG COLLEGE ENTRANCE EXAM FEE ACT,"VILLAR, MARK A.","December 1, 2023",FREE COLLEGE ENTRANCE EXAMINATION; UNDERPRIVILEGED STUDENTS; SENIOR HIGH SCHOOL
https://ldr.senate.gov.ph/legislative-issuances/senate-bills/bills/senate-bill-no-2235-19th-congress,N/A,BPO WORKERS'  WELFARE AND PROTECTION ACT OF 2023,"LAPID, MANUEL ""LITO"" M.","May 23, 2023",BUSINESS PROCESS OUTSOURCING (BPO)
https://ldr.senate.gov.ph/legislative-issuances/senate-bills/bills/senate-bill-no-2301-19th-congress,"AN ACT EXEMPTING ELECTRICITY SALES FROM VALUE-ADDED TAX, FURTHER AMENDING FOR THE PURPOSE SECTIONS 108 AND 109 OF THE NATIONAL INTERNAL REVENUE CODE, AS AMENDED",EXEMPTING ELECTRICITY SALES FROM VALUE-ADDED TAX,"ESCUDERO, FRANCIS G.","December 7, 2023",Electricity; TAXES (VALUE-ADDED TAX / VAT); NATIONAL INTERNAL REVENUE CODE (NIRC)
https://ldr.senate.gov.ph/legislative-issuances/senate-bills/bills/senate-bill-no-1814-19th-congress,N/A,MAHARLIKA INVESTMENT FUND ACT,"TULFO, RAFFY T.","January 31, 2023",MAHARLIKA INVESTMENT FUND
https://ldr.senate.gov.ph/legislative-issuances/senate-bills/bills/senate-bill-no-2129-19th-congress,AN ACT DECLARING EVERY 26™ OF JUNE OF EVERY YEAR AS PHILIPPINES-FRANCE FRIENDSHIP DAY,DECLARING EVERY 26TH OF JUNE OF EVERY YEAR AS PHILIPPINES-FRANCE FRIENDSHIP DAY,"TULFO, RAFFY T.","April 5, 2023",HOLIDAY (NATIONAL WORKING)
https://ldr.senate.gov.ph/legislative-issuances/senate-bills/bills/senate-bill-no-2193-19th-congress,N/A,RECOVERY SYSTEM LOSS ACT,"LAPID, MANUEL ""LITO"" M.","May 15, 2023",RECOVERABLE SYSTEM LOSS; ENERGY
https://ldr.senate.gov.ph/legislative-issuances/senate-bills/bills/senate-bill-no-2015-19th-congress,N/A,KAPARKAN FALLS  AN ECOTOURISM SITE (ABRA),"ESTRADA, JINGGOY E.","March 16, 2023",ECOTOURISM SITES
https://ldr.senate.gov.ph/legislative-issuances/senate-bills/bills/senate-bill-no-1835-19th-congress,"AN ACT DECLARING AUGUST 11 OF EVERY YEAR A SPECIAL NON-WORKING HOLIDAY IN THE PROVINCE OF SAMAR TO BE KNOWN AS SAMAR DAY, IN COMMEMORATION OF ITS FOUNDATION DAY",ADLAW HAN SAMAR ACT,"LAPID, MANUEL ""LITO"" M.","June 2, 2023",HOLIDAYS (SPECIAL NON-WORKING)
https://ldr.senate.gov.ph/legislative-issuances/senate-bills/bills/senate-bill-no-1899-19th-congress,N/A,PROVINCE OF BENGUET AS THE STRAWBERRY CAPITAL OF THE PHILIPPINES,"MARCOS, IMEE R.","February 20, 2023",STRAWBERRY
https://ldr.senate.gov.ph/legislative-issuances/senate-bills/bills/senate-bill-no-1652-19th-congress,"AN ACT ESTABLISHING EVACUATION CENTERS IN EVERY CITY AND MUNICIPALITY, AND APPROPRIATING FUNDS THEREFOR",ESTABLISHING EVACUATION CENTERS IN EVERY CITY AND MUNICIPALITY,"TULFO, RAFFY T.","November 1, 2023",EVACUATION CENTER
https://ldr.senate.gov.ph/legislative-issuances/senate-bills/bills/senate-bill-no-1717-19th-congress,N/A,AMENDING R.A. NO. 11036 (MENTAL HEALTH ACT),"MARCOS, IMEE R.","January 19, 2023",MENTAL HEALTH
https://ldr.senate.gov.ph/legislative-issuances/senate-bills/bills/senate-bill-no-1781-19th-congress,N/A,BARANGAY NORTH POBLACION AND BARANGAY SOUTH POBLACION (ABRA),"MARCOS, IMEE R.","January 25, 2023","BARANGAY, CREATION"
https://ldr.senate.gov.ph/legislative-issuances/senate-bills/bills/senate-bill-no-2379-19th-congress,"AN ACT GIVING SENIOR CITIZENS A TWENTY PERCENT (20%) DISCOUNT ON TRAVEL TAX, FURTHER AMENDING FOR THIS PURPOSE REPUBLIC ACT NO. 7432, OTHERWISE KNOWN AS AN ACT TO MAXIMIZE THE CONTRIBUTION OF SENIOR CITIZENS TO NATION BUILDING, GRANT BENEFITS AND SPECIAL PRIVILEGES AND FOR OTHER PURPOSES",20% TRAVEL TAX DISCOUNT FOR SENIOR CITIZENS,"ESTRADA, JINGGOY E.","January 8, 2023",TRAVEL TAX; DISCOUNT PRIVILEGES; SENIOR CITIZEN/ELDERLY
https://ldr.senate.gov.ph/legislative-issuances/senate-bills/bills/senate-bill-no-2097-19th-congress,N/A,"NATIONAL MICRO SMALL, AND MEDIUM-ENTERPRISE (MSME) MONTH ACT","VILLAR, MARK A.","April 25, 2023","MICRO, SMALL AND MEDIUM ENTERPRISES (MSMES)"
https://ldr.senate.gov.ph/legislative-issuances/senate-bills/bills/senate-bill-no-2161-19th-congress,N/A,"NUMBERING THE LEGISLATIVE DISTRICTS IN THE PROVINCE OF CEBU, REPEALING R.A. NO. 9043 & R.A. NO. 9218","REVILLA JR., RAMON BONG","September 5, 2023",LEGISLATIVE DISTRICTS
https://ldr.senate.gov.ph/legislative-issuances/senate-bills/bills/senate-bill-no-1979-19th-congress,"AN ACT PROVIDING FOR A NATIONAL POLICY IN PREVENTING ADOLESCENT PREGNANCIES, INSTITUTIONALIZING SOCIAL PROTECTION FOR ADOLESCENT PARENTS, AND PROVIDING FUNDS THEREFOR",PREVENTION OF ADOLESCENT PREGNANCY ACT OF 2023,"ANGARA, SONNY; MARCOS, IMEE R.; TULFO, RAFFY T.; HONTIVEROS, RISA; REVILLA JR., RAMON BONG","July 3, 2023",TEENAGE PREGNANCY; ADOLESCENT PREGNANCIES
https://ldr.senate.gov.ph/legislative-issuances/senate-bills/bills/senate-bill-no-2391-19th-congress,AN ACT DECLARING MAY 8 AS THE PUBLIC LAND TRANSPORTATION WORKERS DAY,PUBLIC LAND TRANSPORTATION WORKERS DAY ACT,"VILLAR, CYNTHIA A.","July 8, 2023",PUBLIC LAND TRANSPORTATION WORKERS
https://ldr.senate.gov.ph/legislative-issuances/senate-bills/bills/senate-bill-no-2108-19th-congress,AN ACT INSTITUTIONALIZING THE PAMBANSANG PABAHAY PARA SA PILIPINO PROGRAM,PAMBANSANG PABAHAY PARA SA PILIPINO PROGRAM ACT OF 2023,"GO, CHRISTOPHER LAWRENCE T.","March 5, 2023",PAMBANSANG PABAHAY PARA SA PILIPINO PROGRAM; DEPARTMENT OF HUMAN SETTLEMENT AND URBAN DEVELOPMENT
https://ldr.senate.gov.ph/legislative-issuances/senate-bills/bills/senate-bill-no-2172-19th-congress,"AN ACT PROMOTING THE DEVELOPMENT OF THE BAMBOO INDUSTRY BY STRENGTHENING THE PHILIPPINE BAMBOO INDUSTRY DEVELOPMENT COUNCIL, CREATING THE BAMBOO INDUSTRY RESEARCH AND DEVELOPMENT CENTER, PROVIDING INCENTIVES FOR BAMBOO PLANTATION DEVELOPMENT, AND APPROPRIATING FUNDS THEREFOR",PHILIPPINE BAMBOO INDUSTRY DEVELOPMENT ACT,"ESTRADA, JINGGOY E.","October 5, 2023",BAMBOO INDUSTRY; PHILIPPINE BAMBOO INDUSTRY DEVELOPMENT COORDINATING COUNCIL (PBIDCC); PHILIPPINE BAMBOO INDUSTRY DEVELOPMENT CENTER (BIDC)
https://ldr.senate.gov.ph/legislative-issuances/senate-bills/bills/senate-bill-no-2058-19th-congress,N/A,PSYCHOLOGICAL SERVICES FOR CHILDREN AND YOUNG ADOLESCENTS DURING PUBLIC HEALTH EMERGENCIES,"TULFO, RAFFY T.","November 4, 2023",MENTAL HEALTH; PSYCHIATRIC/PSYCHOLOGICAL DRUG/ PHYSICAL TEST
https://ldr.senate.gov.ph/legislative-issuances/senate-bills/bills/senate-bill-no-1874-19th-congress,N/A,"AMENDING SEC. 13, ART. XVI OF R. A. NO. 11054 (ORGANIC LAW FOR THE BARMM)","TULFO, RAFFY T.","February 13, 2023",BANGSAMORO AUTONOMOUS REGION IN MUSLIM MINDANAO
https://ldr.senate.gov.ph/legislative-issuances/senate-bills/bills/senate-bill-no-1694-19th-congress,N/A,INDUSTRIAL ENERGY EFFICIENCY RESEARCH AND DEVELOPMENT ACT OF 2023,"TULFO, RAFFY T.","January 18, 2023",INDUSTRIAL ENERGY EFFICIENCY RESEARCH AND DEVELOPMENT
https://ldr.senate.gov.ph/legislative-issuances/senate-bills/bills/senate-bill-no-1761-19th-congress,N/A,SEVERE PENALTIES FOR LARGE SCALE EXPLORATION AND EXPLOITATION OF CORALS AND CORAL REEFS,"TULFO, RAFFY T.","January 25, 2023",CORAL REEFS; PHILIPPINE FISHERIES CODE (R.A.NO. 8550)
https://ldr.senate.gov.ph/legislative-issuances/senate-bills/bills/senate-bill-no-1825-19th-congress,N/A,"MANDATING ANNUAL PSYCHIATRIC, PSYCHOLOGICAL DRUG AND PHYSICAL TESTS FOR POLICE OFFICERS","MARCOS, IMEE R.","January 31, 2023",PSYCHIATRIC/PSYCHOLOGICAL DRUG/ PHYSICAL TEST; POLICE OFFICERS
https://ldr.senate.gov.ph/legislative-issuances/senate-bills/bills/senate-bill-no-2076-19th-congress,N/A,DRIVERS SAFETY EDUCATION FOR SENIOR HIGH SCHOOL STUDENTS ACT,"TULFO, RAFFY T.","April 19, 2023",DRIVERS EDUCATION; ROAD SAFETY EDUCATION; SENIOR HIGH SCHOOL; CURRICULUM/CURRICULA
https://ldr.senate.gov.ph/legislative-issuances/senate-bills/bills/senate-bill-no-2140-19th-congress,"AN ACT ESTABLISHING THE STANDARDS FOR A LIVING WAGE, AMENDING FOR THE PURPOSE ARTICLE 124 OF PRESIDENTIAL DECREE NO. 442, AS AMENDED, OTHERWISE KNOWN AS THE LABOR CODE OF THE PHILIPPINES","ESTABLISHING THE STANDARDS FOR A LIVING WAGE, AMENDING PD NO. 442 (LABOR CODE OF THE PHILIPPINES)","VILLANUEVA, JOEL","August 5, 2023",WAGE; PRESIDENTIAL DECREE (P.D.NO. 442); LABOR CODE OF THE PHILIPPINES (P.D.NO. 442)
https://ldr.senate.gov.ph/legislative-issuances/senate-bills/bills/senate-bill-no-1962-19th-congress,"AN ACT AMENDING CERTAIN SECTIONS OF REPUBLIC ACT NO. 10845, OTHERWISE KNOWN AS THE ANTI-AGRICULTURAL SMUGGLING ACT OF 2016, AND FOR OTHER PURPOSES",AMENDING R.A. NO. 10845 (ANTI-AGRICULTURAL SMUGGLING ACT OF 2016),"VILLAR, CYNTHIA A.","June 3, 2023",ANTI-AGRICULTURAL SMUGGLING; ECONOMIC SABOTAGE
https://ldr.senate.gov.ph/legislative-issuances/senate-bills/bills/senate-bill-no-1846-19th-congress,"AN ACT PROTECTING CONSUMERS AND MERCHANTS ENGAGED IN INTERNET TRANSACTIONS, CREATING FOR THIS PURPOSE THE ELECTRONIC COMMERCE BUREAU, APPROPRIATING FUNDS THEREFOR, AND FOR OTHER PURPOSES",INTERNET TRANSACTIONS ACT OF 2023,"MARCOS, IMEE R.; GATCHALIAN, WIN; VILLAR, MARK A.; VILLANUEVA, JOEL; LEGARDA, LOREN B.; VILLAR, CYNTHIA A.; ESTRADA, JINGGOY E.; PADILLA, ROBINHOOD C.; REVILLA JR., RAMON BONG; GO, CHRISTOPHER LAWRENCE T.; ZUBIRI, JUAN MIGUEL ""MIGZ"" F.","June 2, 2023",INTERNET TRANSACTIONS; E-COMMERCE BUREAU
https://ldr.senate.gov.ph/legislative-issuances/senate-bills/bills/senate-bill-no-1910-19th-congress,N/A,BARANGAY SKILLED WORKERS REGISTRY ACT,"VILLAR, MARK A.","February 21, 2023",BARANGAY SKILLED WORKERS
https://ldr.senate.gov.ph/legislative-issuances/senate-bills/bills/senate-bill-no-1662-19th-congress,"AN ACT EMANCIPATING AGRARIAN REFORM BENEFICIARIES FROM THE DEBT BURDEN BY CONDONING UNPAID AMORTIZATIONS AND INTERESTS ON AGRICULTURAL LANDS AWARDED UNDER THE COMPREHENSIVE AGRARIAN REFORM PROGRAM AND OTHER AGRARIAN REFORM PROGRAMS, TO APPROPRIATE FUNDS THEREFOR, AND FOR OTHER PURPOSES",CONDONATION OF UNPAID AMORTIZATIONS AND INTERESTS ON AGRICULTURAL LANDS UNDER CARP ACT,"MARCOS, IMEE R.","December 1, 2023",DEBT BURDEN EMANCIPATION; CONDONATION; COMPREHENSIVE AGRARIAN REFORM PROGRAM
https://ldr.senate.gov.ph/legislative-issuances/senate-bills/bills/senate-bill-no-1728-19th-congress,N/A,TELEMEDICINE ACT OF 2023,"VILLAR, MARK A.","January 23, 2023",TELEMEDICINE
https://ldr.senate.gov.ph/legislative-issuances/senate-bills/bills/senate-bill-no-1792-19th-congress,N/A,NO HOMEWORK ACT OF 2023,"REVILLA JR., RAMON BONG","January 30, 2023",HOMEWORK/ASSIGNMENT
https://ldr.senate.gov.ph/legislative-issuances/senate-bills/bills/senate-bill-no-1673-19th-congress,N/A,PHILIPPINE COAST GUARD (PCG) ACADEMY ACT OF 2023,"VILLAR, MARK A.","December 1, 2023",PHILIPPINE COAST GUARD ACADEMY
https://ldr.senate.gov.ph/legislative-issuances/senate-bills/bills/senate-bill-no-1740-19th-congress,N/A,KAPARKAN FALLS ECOTOURISM ACT,"MARCOS, IMEE R.","January 23, 2023",ECOTOURISM SITES
https://ldr.senate.gov.ph/legislative-issuances/senate-bills/bills/senate-bill-no-2399-19th-congress,"AN ACT TO DESIGNATE THE SEVENTH (7TH) DAY OF APRIL OF EVERY YEAR AS BARANGAY HEALTH AND NUTRITION WORKERS DAY, MANDATING CONCERNED AGENCIES TO CONDUCT EVENTS DURING ITS OBSERVANCE, TO APPROPRIATE FUNDS THEREFOR, AND FOR OTHER PURPOSES",BARANGAY HEALTH AND NUTRITION WORKERS' DAY ACT,"GO, CHRISTOPHER LAWRENCE T.","October 8, 2023",BARANGAY HEALTH WORKER; BARANGAY NUTRITION WORKER
https://ldr.senate.gov.ph/legislative-issuances/senate-bills/bills/senate-bill-no-2119-19th-congress,N/A,SCIENCE FOR CHANGE PROGRAM,"VILLAR, MARK A.","March 5, 2023",SCIENCE FOR CHANGE PROGRAM
https://ldr.senate.gov.ph/legislative-issuances/senate-bills/bills/senate-bill-no-2257-19th-congress,N/A,STRENGTHENING THE ADOPTION OF STRAY AND IMPOUNDED ANIMALS,"VILLAR, MARK A.","May 29, 2023",ADOPTION; ANIMAL WELFARE
https://ldr.senate.gov.ph/legislative-issuances/senate-bills/bills/senate-bill-no-1641-19th-congress,AN ACT PROHIBITING GAME-FIXING AND PROVIDING PENALTIES FOR VIOLATIONS THEREOF,ANTI GAME-FIXING ACT,"ESTRADA, JINGGOY E.","September 1, 2023",GAME-FIXING
https://ldr.senate.gov.ph/legislative-issuances/senate-bills/bills/senate-bill-no-1705-19th-congress,N/A,"AMENDING LABOR CODE OF THE PHILIPPINES, INCREASING THE SERVICE INCENTIVES LEAVE OF EMPLOYEES","GO, CHRISTOPHER LAWRENCE T.","January 19, 2023",LABOR CODE OF THE PHILIPPINES (P.D.NO. 442); SERVICE INCENTIVE LEAVE
https://ldr.senate.gov.ph/legislative-issuances/senate-bills/bills/senate-bill-no-1771-19th-congress,N/A,MOUNTAIN PROVINCE-ILOCOS SUR ROAD  VIA DACUDAC-PILIPIL NATIONAL ROAD,"MARCOS, IMEE R.","January 25, 2023","ROADS, CONVERSION"
https://ldr.senate.gov.ph/legislative-issuances/senate-bills/bills/senate-bill-no-1973-19th-congress,N/A,EMERGENCY MEDICAL SERVICES SYSTEM (EMSS) ACT,"EJERCITO, JOSEPH VICTOR G.","July 3, 2023",EMERGENCY MEDICAL SERVICES SYSTEM (EMSS)
https://ldr.senate.gov.ph/legislative-issuances/senate-bills/bills/senate-bill-no-1857-19th-congress,N/A,GREEN PUBLIC PROCUREMENT ACT,"VILLAR, MARK A.","September 2, 2023",GREEN PUBLIC PROCUREMENT
https://ldr.senate.gov.ph/legislative-issuances/senate-bills/bills/senate-bill-no-1921-19th-congress,N/A,PUBLIC SCHOOL TEACHERS' HOSPITAL BENEFITS ACT OF 2023,"TULFO, RAFFY T.","February 22, 2023",Public school teachers; BENEFITS AND INCENTIVES
https://ldr.senate.gov.ph/legislative-issuances/senate-bills/bills/senate-bill-no-2236-19th-congress,N/A,EXTENDING THE LIFE OF THE PHILIPPINE AEROSPACE DEVELOPMENT CORPORATION (PADC),"ESTRADA, JINGGOY E.","May 23, 2023",PHILIPPINE AEROSPACE DEVELOPMENT CORPORATION (PADC)
https://ldr.senate.gov.ph/legislative-issuances/senate-bills/bills/senate-bill-no-2302-19th-congress,AN ACT PROCLAIMING THE FIRST MONDAY OF AUGUST EVERY YEAR AS THE NATIONAL LINE WORKERS APPRECIATION DAY,NATIONAL LINE WORKERS APPRECIATION DAY ACT,"ESCUDERO, FRANCIS G.","December 7, 2023",ELECTRICAL  LINE WORKERS/LINEMEN
https://ldr.senate.gov.ph/legislative-issuances/senate-bills/bills/senate-bill-no-1933-19th-congress,N/A,"BARANGAY KAPATAGAN, DIGOS, DAVAO DEL SUR, AN ECOTOURISM SITE","MARCOS, IMEE R.","February 27, 2023",ECOTOURISM SITES
https://ldr.senate.gov.ph/legislative-issuances/senate-bills/bills/senate-bill-no-1684-19th-congress,N/A,HEALTH RATING LABEL ACT,"TULFO, RAFFY T.","January 17, 2023",HEALTH RATING LABEL; FOOD PRODUCTS LABEL
https://ldr.senate.gov.ph/legislative-issuances/senate-bills/bills/senate-bill-no-1751-19th-congress,N/A,ORMOC-SOUTHERN LEYTE RAILWAY ACT OF 2023,"MARCOS, IMEE R.","January 23, 2023",RAILWAY SYSTEM
https://ldr.senate.gov.ph/legislative-issuances/senate-bills/bills/senate-bill-no-2130-19th-congress,"AN ACT DECLARING CAGAYAN DE ORO RIVER AND ITS IMMEDIATE ENVIRONS LOCATED IN CAGAYAN DE ORO CITY, PROVINCE OF MISAMIS ORIENTAL A CULTURAL HERITAGE ZONE",CAGAYAN DE ORO RIVER CULTURAL HERITAGE ZONE ACT,"LEGARDA, LOREN B.","April 5, 2023",CULTURAL HERITAGE; HERITAGE ZONE
https://ldr.senate.gov.ph/legislative-issuances/senate-bills/bills/senate-bill-no-2194-19th-congress,N/A,NATIONAL MUSEUM OF FILIPINO WOMEN ACT,"LAPID, MANUEL ""LITO"" M.","May 15, 2023",MUSEUM; FILIPINO; WOMEN
https://ldr.senate.gov.ph/legislative-issuances/senate-bills/bills/senate-bill-no-1836-19th-congress,"AN ACT DECLARING FEBRUARY 21 OF EVERY YEAR A SPECIAL NON-WORKING HOLIDAY IN THE PROVINCE OF MARINDUQUE TO BE KNOWN AS ARAW NG MARINDUQUE, IN COMMEMORATION OF ITS FOUNDING ANNIVERSARY",ARAW NG MARINDUQUE,"LAPID, MANUEL ""LITO"" M.","June 2, 2023",HOLIDAYS (SPECIAL NON-WORKING)
https://ldr.senate.gov.ph/legislative-issuances/senate-bills/bills/senate-bill-no-1900-19th-congress,N/A,WANGAL INTEGRATED SCHOOL,"MARCOS, IMEE R.","February 20, 2023","SCHOOLS, CONVERSION"
https://ldr.senate.gov.ph/legislative-issuances/senate-bills/bills/senate-bill-no-1653-19th-congress,"AN ACT STRENGTHENING THE LEGAL EDUCATION BOARD, THEREBY AMENDING REPUBLIC ACT NO. 7662, OTHERWISE KNOWN AS THE LEGAL EDUCATION REFORM ACT OF 1993, AND APPROPRIATING FUNDS THEREFOR",REVISED LEGAL EDUCATION REFORM ACT,"TULFO, RAFFY T.","November 1, 2023",LEGAL EDUCATION
https://ldr.senate.gov.ph/legislative-issuances/senate-bills/bills/senate-bill-no-1782-19th-congress,N/A,"LA PAZ GENERAL HOSPITAL, ABRA","MARCOS, IMEE R.","January 25, 2023","HOSPITALS, INCREASE BED CAPACITY"
https://ldr.senate.gov.ph/legislative-issuances/senate-bills/bills/senate-bill-no-2380-19th-congress,AN ACT PENALIZING CERTAIN ACTS IN THE IMPOSITION OF EXCESSIVE PLACEMENT FEES AGAINST OVERSEAS FILIPINO WORKERS,FAIR PLACEMENT FEES FOR OFWS ACT,"LAPID, MANUEL ""LITO"" M.","January 8, 2023",OVERSEAS FILIPINO WORKERS (OFW); FEES AND CHARGES
https://ldr.senate.gov.ph/legislative-issuances/senate-bills/bills/senate-bill-no-2098-19th-congress,N/A,DIGITAL LITERACY IN SCHOOLS ACT,"TULFO, RAFFY T.","April 26, 2023",DIGITAL LITERACY; CURRICULUM/CURRICULA; ELEMENTARY EDUCATION/PRIMARY EDUCATION; HIGH SCHOOL
https://ldr.senate.gov.ph/legislative-issuances/senate-bills/bills/senate-bill-no-2162-19th-congress,"AN ACT MANDATING THE FULL REHABILITATION, UPGRADING, AND MAINTENANCE OF ROMAN SUPERHIGHWAY IN THE PROVINCE OF BATAAN","MANDATING THE FULL REHABILITATION, UPGRADING, & MAINTENANCE OF ROMAN SUPERHIGHWAY PROVINCE OF BATAAN","REVILLA JR., RAMON BONG","September 5, 2023","Department of Public Works and Highways (DPWH); ROAD MAINTENANCE; ROAD REPAIR, REHABILITATION, AND IMPROVEMENT"
https://ldr.senate.gov.ph/legislative-issuances/senate-bills/bills/senate-bill-no-1980-19th-congress,N/A,GENDER RESPONSIVE AND INCLUSIVE EMERGENCY MANAGEMENT ACT OF 2023,"HONTIVEROS, RISA","July 3, 2023",GENDER RESPONSIVE AND INCLUSIVE PANDEMIC AND DISASTER MANAGEMENT
https://ldr.senate.gov.ph/legislative-issuances/senate-bills/bills/senate-bill-no-2048-19th-congress,N/A,FILM AND LIVE EVENTS RECOVERY ACT,"PADILLA, ROBINHOOD C.","March 29, 2023",FILM/MOVIE INDUSTRY; MUSIC INDUSTRY; LOCAL GOVERNMENT CODE (R.A.NO. 7160)
https://ldr.senate.gov.ph/legislative-issuances/senate-bills/bills/senate-bill-no-2109-19th-congress,N/A,AMENDING R.A. NO. 10361 (BATAS KASAMBAHAY),"GO, CHRISTOPHER LAWRENCE T.","March 5, 2023",BATAS KASAMBAHAY (R.A.NO. 10361); DOMESTIC WORKERS; PRIVATE EMPLOYMENT AGENCIES (PEA)
https://ldr.senate.gov.ph/legislative-issuances/senate-bills/bills/senate-bill-no-2173-19th-congress,N/A,REVISED WAREHOUSE RECEIPTS LAW OF THE PHILIPPINES,"ESTRADA, JINGGOY E.","October 5, 2023",WAREHOUSE RECEIPTS
https://ldr.senate.gov.ph/legislative-issuances/senate-bills/bills/senate-bill-no-2059-19th-congress,N/A,MAGNA CARTA OF THE OUT-OF-SCHOOL YOUTH,"TULFO, RAFFY T.","November 4, 2023",MAGNA CARTA OF THE OUT-OF-SCHOOL YOUTH
https://ldr.senate.gov.ph/legislative-issuances/senate-bills/bills/senate-bill-no-2248-19th-congress,N/A,UPGRADING THE APARRI PROVINCIAL HOSPITAL,"EJERCITO, JOSEPH VICTOR G.","May 25, 2023","HOSPITALS, UPGRADING; DEPARTMENT OF HEALTH (DOH)"
https://ldr.senate.gov.ph/legislative-issuances/senate-bills/bills/senate-bill-no-1943-19th-congress,N/A,"CONVERTING THE ROAD FROM SITIO BOLIGANAY TO KABALIWAN, SAN AGUSTIN, ROMBLON, INTO A NATIONAL ROAD","MARCOS, IMEE R.","January 3, 2023","ROADS, CONVERSION"
https://ldr.senate.gov.ph/legislative-issuances/senate-bills/bills/senate-bill-no-1826-19th-congress,N/A,CORDILLERA DAY ACT,"LAPID, MANUEL ""LITO"" M.","January 2, 2023",HOLIDAYS (SPECIAL NON-WORKING)
https://ldr.senate.gov.ph/legislative-issuances/senate-bills/bills/senate-bill-no-2141-19th-congress,AN ACT DECLARING AUGUST 9 OF EVERY YEAR AS THE PHILIPPINES-ISRAEL FRIENDSHIP DAY,PHILIPPINE-ISRAEL FRIENDSHIP DAY,"VILLANUEVA, JOEL","August 5, 2023",PHILIPPINE-ISRAEL FRIENDSHIP DAY
https://ldr.senate.gov.ph/legislative-issuances/senate-bills/bills/senate-bill-no-1963-19th-congress,"AN ACT ESTABLISHING ANTI-AGRICULTURAL SMUGGLING COURT, GRANTING THEM EXCLUSIVE ORIGINAL JURISDICTION OVER CASES INVOLVING AGRICULTURAL PRODUCTS, APPROPRIATING FUNDS THEREFOR AND FOR OTHER PURPOSES",ANTI-AGRICULTURAL SMUGGLING COURTS ACT OF 2023,"VILLAR, CYNTHIA A.; BINAY, MARIA LOURDES NANCY S.","June 3, 2023",ANTI-AGRICULTURAL SMUGGLING
https://ldr.senate.gov.ph/legislative-issuances/senate-bills/bills/senate-bill-no-2021-19th-congress,N/A,INSTITUTIONALIZING THE SHARED SERVICE FACILITIES (SSF) PROJECT FOR MSMES,"ANGARA, SONNY","March 20, 2023","MAGNA CARTA FOR MICRO, SMALL AND MEDIUM-SCALE ENTERPRISES (R.A.NO. 6977); SHARED SERVICE FACILITIES (SSF) PROJECT"
https://ldr.senate.gov.ph/legislative-issuances/senate-bills/bills/senate-bill-no-1847-19th-congress,"AN ACT STRENGTHENING THE COMMISSION ON ELECTIONS (COMELEC) INCREASING THE MANPOWER COMPLEMENT IN ITS FIELD OFFICES, PROVIDING OFFICE SPACES SEPARATE AND INDEPENDENT FROM LOCAL GOVERNMENT UNITS, AMENDING FOR THE PURPOSE BATAS PAMBANSA BLG. 881, AS AMENDED, OTHERWISE KNOWN AS THE OMNIBUS ELECTION CODE OF THE PHILIPPINES AND APPROPRIATING FUNDS THEREFOR",STRENGTHENING THE COMMISSION ON ELECTIONS,"DELA ROSA, RONALD ""BATO""","July 2, 2023",OMNIBUS ELECTION CODE (BATAS PAMBANSA BLG. 881); COMMISSION ON ELECTION (COMELEC)
https://ldr.senate.gov.ph/legislative-issuances/senate-bills/bills/senate-bill-no-1663-19th-congress,"AN ACT PENALIZING FINTECH CRIME, PROVIDING PENALTIES THEREFOR, AND FOR OTHER PURPOSES",FINTECH CRIME PREVENTION ACT OF 2023,"MARCOS, IMEE R.","December 1, 2023",FINTECH CRIME PREVENTION
https://ldr.senate.gov.ph/legislative-issuances/senate-bills/bills/senate-bill-no-1793-19th-congress,N/A,FREE PROFESSIONAL EXAMINATION ACT OF 2023,"REVILLA JR., RAMON BONG","January 30, 2023",INDIGENOUS PEOPLE; PROFESSIONAL LICENSURE EXAMINATIONS
https://ldr.senate.gov.ph/legislative-issuances/senate-bills/bills/senate-bill-no-1922-19th-congress,N/A,AMENDING REPUBLIC ACT NO. 9433 (MAGNA CARTA FOR PUBLIC SOCIAL WORKERS),"ESTRADA, JINGGOY E.","February 23, 2023",MAGNA CARTA FOR PUBLIC SOCIAL WORKERS
https://ldr.senate.gov.ph/legislative-issuances/senate-bills/bills/senate-bill-no-1674-19th-congress,N/A,FIREFIGHTERS RECOGNITION DAY,"VILLAR, MARK A.","December 1, 2023",FIREFIGHTERS
https://ldr.senate.gov.ph/legislative-issuances/senate-bills/bills/senate-bill-no-1741-19th-congress,N/A,"MAYOYAO, FUGAO PROVINCE TESDA TRAINING AND ASSESSMENT CENTER ACT","MARCOS, IMEE R.","January 23, 2023",TESDA TRAINING AND ASSESSMENT CENTER
https://ldr.senate.gov.ph/legislative-issuances/senate-bills/bills/senate-bill-no-2400-19th-congress,"AN ACT GRANTING THE PHILIPPINE SPORTS COMMISSION THE AUTHORITY TO ACQUIRE REAL PROPERTIES BY OTHER MODES, AMENDING FOR THE PURPOSE SECTION 7 OF REPUBLIC ACT NO. 11214, OTHERWISE KNOWN AS THE PHILIPPINE SPORTS TRAINING CENTER ACT",GRANTING THE PHILIPPINE SPORTS COMMISSION THE AUTHORITY TO ACQUIRE REAL PROPERTIES,"TOLENTINO, FRANCIS ""TOL"" N.","October 8, 2023",Philippine Sports Commission (PSC); SPORTS TRAINING CENTER
https://ldr.senate.gov.ph/legislative-issuances/senate-bills/bills/senate-bill-no-2120-19th-congress,N/A,ADVANCED STUDIES DEVELOPMENT PROGRAM FOR EXCEPTIONAL GOVERNMENT EMPLOYEES,"VILLAR, MARK A.","March 5, 2023",ADVANCED STUDIES DEVELOPMENT PROGRAM; GOVERNMENT EMPLOYEES
https://ldr.senate.gov.ph/legislative-issuances/senate-bills/bills/senate-bill-no-2184-19th-congress,N/A,EXTENDING THE LIFE OF THE PHILIPPINE AEROSPACE DEVELOPMENT CORPORATION (PADC),"DELA ROSA, RONALD ""BATO""","May 15, 2023",PHILIPPINE AEROSPACE DEVELOPMENT CORPORATION (PADC)
https://ldr.senate.gov.ph/legislative-issuances/senate-bills/bills/senate-bill-no-2258-19th-congress,N/A,THE TEACHER MENTAL HEALTH AND WELLNESS ACT OF 2023,"VILLAR, MARK A.","May 29, 2023",TEACHERS; MENTAL HEALTH
https://ldr.senate.gov.ph/legislative-issuances/senate-bills/bills/senate-bill-no-1643-19th-congress,"AN ACT REGULATING THE REGISTRATION, LICENSURE, AND PRACTICE OF PHYSICAL THERAPY, AND APPROPRIATING FUNDS THEREFOR",PHILIPPINE PHYSICAL THERAPY LAW,"VILLAR, MARK A.; ESTRADA, JINGGOY E.","September 1, 2023",PHYSICAL THERAPY
https://ldr.senate.gov.ph/legislative-issuances/senate-bills/bills/senate-bill-no-1772-19th-congress,N/A,DINAGAT PROVINCIAL TESDA TRAINING AND ASSESSMENT CENTER ACT,"MARCOS, IMEE R.","January 25, 2023",TECHNICAL EDUCATION AND SKILLS DEVELOPMENT AUTHORITY (TESDA)
https://ldr.senate.gov.ph/legislative-issuances/senate-bills/bills/senate-bill-no-2432-19th-congress,"AN ACT DEFINING THE CRIMES OF AGRICULTURAL ECONOMIC SABOTAGE, PROVIDING PENALTIES THEREFOR, CREATING THE ANTI-AGRICULTURAL ECONOMIC SABOTAGE COUNCIL, REPEALING REPUBLIC ACT NO. 10845 OR THE ANTI-AGRICULTURAL SMUGGLING ACT OF 2016, AND FOR OTHER PURPOSES",ANTI-AGRICULTURAL ECONOMIC SABOTAGE ACT,"MARCOS, IMEE R.; TULFO, RAFFY T.; VILLANUEVA, JOEL; HONTIVEROS, RISA; LEGARDA, LOREN B.; VILLAR, CYNTHIA A.; PADILLA, ROBINHOOD C.; REVILLA JR., RAMON BONG; LAPID, MANUEL ""LITO"" M.; DELA ROSA, RONALD ""BATO""; EJERCITO, JOSEPH VICTOR G.","April 9, 2023",ANTI-AGRICULTURAL ECONOMIC SABOTAGE; ANTI-AGRICULTURAL SMUGGLING
https://ldr.senate.gov.ph/legislative-issuances/senate-bills/bills/senate-bill-no-2152-19th-congress,"AN ACT PROVIDING FOR THE MODERNIZATION OF THE PHILIPPINE INSTITUTE OF VOLCANOLOGY AND SEISMOLOGY (PHIVOLCS), PROVIDING FUNDS THEREFOR AND FOR OTHER PURPOSES",PHIVOLCS MODERNIZATION ACT,"ESTRADA, JINGGOY E.","September 5, 2023",PHILIPPINE INSTITUTE OF  VOLCANOLOGY AND SEISMOLOGY (PHIVOLCS)
https://ldr.senate.gov.ph/legislative-issuances/senate-bills/bills/senate-bill-no-1974-19th-congress,AN ACT PROVIDING FOR THE ENABLING ENVIRONMENT TO FOSTER THE GROWTH OF PUBLIC-PRIVATE PARTNERSHIPS FOR INFRASTRUCTURE AND OTHER DEVELOPMENT PROJECTS,PUBLIC-PRIVATE PARTNERSHIP (PPP) ACT,"EJERCITO, JOSEPH VICTOR G.","July 3, 2023",PUBLIC-PRIVATE PARTNERSHIP (PPP) PROJECTS
https://ldr.senate.gov.ph/legislative-issuances/senate-bills/bills/senate-bill-no-2227-19th-congress,N/A,MOUNT APO NATURAL PARK (MANP) WILDLIFE CONSERVATION AND RESCUE CENTER ACT,"VILLAR, CYNTHIA A.","May 23, 2023",PROTECTED AREA/PROTECTED LANDSCAPE; WILDLIFE RESOURCES CONSERVATION AND PROTECTION
https://ldr.senate.gov.ph/legislative-issuances/senate-bills/bills/senate-bill-no-2292-19th-congress,"AN ACT TO MANDATE ALL COLLEGE INSTITUTIONS TO RECOGNIZE AND GIVE HONORS TO STUDENTS THAT ATTAINED THE REQUIRED GRADE, AND DISALLOWING THE DISQUALIFICATION THEREOF ON THE GROUND OF FAILURE TO OBTAIN THE NECESSARY GRADE FOR A SPECIFIC SUBJECT, PROVIDING FOR A RETROACTIVE EFFECT",RECOGNITION OF HONORS ACHIEVEMENT ACT,"VILLAR, MARK A.","April 7, 2023",RECOGNITION OF HONORS; GRADUATING STUDENTS; SCHOOLS (PUBLIC AND PRIVATE); ACADEMIC EXCELLENCE
https://ldr.senate.gov.ph/legislative-issuances/senate-bills/bills/senate-bill-no-1858-19th-congress,N/A,COMPREHENSIVE  LUPUS PREVENTION ACT,"VILLAR, MARK A.","September 2, 2023",LUPUS DISEASE; SYSTEMIC LUPUS ERYTHEMATOSUS (SLE)
https://ldr.senate.gov.ph/legislative-issuances/senate-bills/bills/senate-bill-no-1836-19th-congress,"AN ACT DECLARING FEBRUARY 21 OF EVERY YEAR A SPECIAL NON-WORKING HOLIDAY IN THE PROVINCE OF MARINDUQUE TO BE KNOWN AS ARAW NG MARINDUQUE, IN COMMEMORATION OF ITS FOUNDING ANNIVERSARY",ARAW NG MARINDUQUE,"LAPID, MANUEL ""LITO"" M.","June 2, 2023",HOLIDAYS (SPECIAL NON-WORKING)
https://ldr.senate.gov.ph/legislative-issuances/senate-bills/bills/senate-bill-no-1900-19th-congress,N/A,WANGAL INTEGRATED SCHOOL,"MARCOS, IMEE R.","February 20, 2023","SCHOOLS, CONVERSION"
https://ldr.senate.gov.ph/legislative-issuances/senate-bills/bills/senate-bill-no-2371-19th-congress,"AN ACT DESIGNATING THE SECOND SUNDAY OF SEPTEMBER AS THE NATIONAL GRANDPARENTS DAY, AND FOR OTHER PURPOSES",NATIONAL GRANDPARENTS DAY ACT,"MARCOS, IMEE R.","January 8, 2023",GRANDPARENTS DAY
https://ldr.senate.gov.ph/legislative-issuances/senate-bills/bills/senate-bill-no-2434-19th-congress,"AN ACT CREATING A SUSTAINABLE FRAMEWORK FOR THE PENSION SYSTEM OF THE ARMED FORCES OF THE PHILIPPINES, APPROPRIATING FUNDS THEREFOR, AND FOR OTHER PURPOSES",ARMED FORCES OF THE PHILIPPINES (AFP) PENSION SYSTEM ACT,"MARCOS, IMEE R.","July 9, 2023",PENSION; ARMED FORCES OF THE PHILIPPINES (AFP)
https://ldr.senate.gov.ph/legislative-issuances/senate-bills/bills/senate-bill-no-1676-19th-congress,"AN ACT PROMOTING AND SUPPORTING THE DEVELOPMENT AND GROWTH OF THE PHILIPPINE FILM INDUSTRY, CREATING FOR THIS PURPOSE THE PHILIPPINE FILM COMMISSION, DEFINING ITS POWERS AND FUNCTIONS, AND FOR OTHER PURPOSES",LOCAL FILM INDUSTRY DEVELOPMENT ACT OF 2023,"VILLAR, MARK A.","December 1, 2023",LOCAL FILM INDUSTRY DEVELOPMENT; PHILIPPINE FILM COMMISSION
https://ldr.senate.gov.ph/legislative-issuances/senate-bills/bills/senate-bill-no-1974-19th-congress,AN ACT PROVIDING FOR THE ENABLING ENVIRONMENT TO FOSTER THE GROWTH OF PUBLIC-PRIVATE PARTNERSHIPS FOR INFRASTRUCTURE AND OTHER DEVELOPMENT PROJECTS,PUBLIC-PRIVATE PARTNERSHIP (PPP) ACT,"EJERCITO, JOSEPH VICTOR G.","July 3, 2023",PUBLIC-PRIVATE PARTNERSHIP (PPP) PROJECTS
https://ldr.senate.gov.ph/legislative-issuances/senate-bills/bills/senate-bill-no-2230-19th-congress,N/A,ANTI-OBESITY ACT OF 2023,"VILLAR, CYNTHIA A.","May 23, 2023",OBESITY; ANTI-OBESITY EDUCATION PROGRAM
https://ldr.senate.gov.ph/legislative-issuances/senate-bills/bills/senate-bill-no-2295-19th-congress,"AN ACT STRENGTHENING THE BULACAN STATE UNIVERSITY AS A SYSTEM, PROVIDING FOR ITS POWERS AND FUNCTIONS, AMENDING FOR THE PURPOSE REPUBLIC ACT NO. 7665, OTHERWISE KNOWN AS AN ACT CONVERTING THE BULACAN COLLEGE OF ARTS AND TRADES IN THE PROVINCE OF BULACAN INTO A STATE UNIVERSITY TO BE KNOWN AS THE BULACAN STATE UNIVERSITY, AND APPROPRIATING FUNDS THEREFOR, AND FOR OTHER PURPOSES",REVISED BULACAN STATE UNIVERSITY CHARTER,"GATCHALIAN, WIN","December 7, 2023",STATE UNIVERSITIES AND COLLEGES (SUCS); BULACAN STATE UNIVERSITY SYSTEMS
https://ldr.senate.gov.ph/legislative-issuances/senate-bills/bills/senate-bill-no-1985-19th-congress,N/A,"CREATING BARANGAY PAG-ASA IN THE MUNICIPALITY OF KALAMANSIG, SULTAN KUDARAT","MARCOS, IMEE R.","August 3, 2023","BARANGAY, CREATION"
https://ldr.senate.gov.ph/legislative-issuances/senate-bills/bills/senate-bill-no-2049-19th-congress,N/A,"EXEMPTING MICROINSURANCE POLICIES FROM VAT, LIFE INSURANCE PREMIUMS AND DOCUMENTARY STAMP TAX","TULFO, RAFFY T.","March 30, 2023",TAXES (VALUE-ADDED TAX / VAT); DOCUMENTARY STAMP TAX; MICROINSURANCE; NATIONAL INTERNAL REVENUE CODE (NIRC)
https://ldr.senate.gov.ph/legislative-issuances/senate-bills/bills/senate-bill-no-1742-19th-congress,N/A,"BACARRA, ILOCOS NORTE TESDA TRAINING AND ASSESSMENT CENTER ACT","MARCOS, IMEE R.","January 23, 2023",TESDA TRAINING AND ASSESSMENT CENTER
https://ldr.senate.gov.ph/legislative-issuances/senate-bills/bills/senate-bill-no-1805-19th-congress,N/A,SOILESS AGRICULTURAL PRODUCTION ACT,"MARCOS, IMEE R.","January 30, 2023",AEROPONICS TECHNOLOGY; HYDROPONICS AGRICULTURE; AQUAPONICS
https://ldr.senate.gov.ph/legislative-issuances/senate-bills/bills/senate-bill-no-2123-19th-congress,N/A,ESTABLISHING REGIONAL AND LOCAL CONCERTS AND ARTS FAIRS,"VILLAR, MARK A.","March 5, 2023",REGIONAL AND LOCAL CONCERT AND ARTS FAIRS; MUSIC INDUSTRY
https://ldr.senate.gov.ph/legislative-issuances/senate-bills/bills/senate-bill-no-2187-19th-congress,N/A,FREE DIALYSIS FOR SENIOR CITIZENS ACT OF 2023,"VILLAR, CYNTHIA A.","May 15, 2023",DIALYSIS; SENIOR CITIZEN/ELDERLY; DIALYSIS CENTER; DEPARTMENT OF HEALTH (DOH)
https://ldr.senate.gov.ph/legislative-issuances/senate-bills/bills/senate-bill-no-1943-19th-congress,N/A,"CONVERTING THE ROAD FROM SITIO BOLIGANAY TO KABALIWAN, SAN AGUSTIN, ROMBLON, INTO A NATIONAL ROAD","MARCOS, IMEE R.","January 3, 2023","ROADS, CONVERSION"
https://ldr.senate.gov.ph/legislative-issuances/senate-bills/bills/senate-bill-no-1656-19th-congress,"AN ACT TO DESIGNATE SEPTEMBER AS PHILIPPINE FILM INDUSTRY MONTH AND MANDATE THE FILM DEVELOPMENT COUNCIL OF THE PHILIPPINES TO CONDUCT EVENTS ON VARIOUS FILM-RELATED DISCIPLINES DURING ITS CELEBRATION, TO APPROPRIATE FUNDS THEREFOR, AND FOR OTHER PURPOSES",PHILIPPINE FILM INDUSTRY MONTH OF 2022,"REVILLA JR., RAMON BONG","December 1, 2023",PHILIPPINE FILM INDUSTRY
https://ldr.senate.gov.ph/legislative-issuances/senate-bills/bills/senate-bill-no-2261-19th-congress,N/A,"CONVERTING THE JOLO CIRCUMFERENTIAL ROAD,  PROVINCE OF SULU, INTO A NATIONAL ROAD","MARCOS, IMEE R.","May 29, 2023","ROADS, CIRCUMFERENTIAL ROAD CONSTRUCTION; ROADS, CONVERSION"
https://ldr.senate.gov.ph/legislative-issuances/senate-bills/bills/senate-bill-no-1953-19th-congress,N/A,SABLAYAN MEDICAL CENTER (OCCIDENTAL MINDORO),"MARCOS, IMEE R.","February 3, 2023","HOSPITALS, ESTABLISHMENT"
https://ldr.senate.gov.ph/legislative-issuances/senate-bills/bills/senate-bill-no-2017-19th-congress,N/A,NATIONAL EDUCATION COUNCIL ACT,"GATCHALIAN, WIN","March 20, 2023",EDUCATION COUNCIL
https://ldr.senate.gov.ph/legislative-issuances/senate-bills/bills/senate-bill-no-1773-19th-congress,N/A,ANTIPOLO CITY TESDA TRAINING AND ASSESSMENT CENTER ACT,"MARCOS, IMEE R.","January 25, 2023",TESDA TRAINING AND ASSESSMENT CENTER
https://ldr.senate.gov.ph/legislative-issuances/senate-bills/bills/senate-bill-no-2091-19th-congress,N/A,EXTENDING THE LIFE OF THE PHILIPPINE AEROSPACE DEVELOPMENT CORPORATION (PADC),"VILLAR, MARK A.","April 25, 2023",PHILIPPINE AEROSPACE DEVELOPMENT CORPORATION (PADC)
https://ldr.senate.gov.ph/legislative-issuances/senate-bills/bills/senate-bill-no-2155-19th-congress,N/A,"DECLARING THE IMMEDIATE ENVIRONS OF SAN ROQUE PARISH CHURCH, A TOURISM DESTINATION","REVILLA JR., RAMON BONG","September 5, 2023",TOURISM DESTINATION; CHURCHES
https://ldr.senate.gov.ph/legislative-issuances/senate-bills/bills/senate-bill-no-1847-19th-congress,"AN ACT STRENGTHENING THE COMMISSION ON ELECTIONS (COMELEC) INCREASING THE MANPOWER COMPLEMENT IN ITS FIELD OFFICES, PROVIDING OFFICE SPACES SEPARATE AND INDEPENDENT FROM LOCAL GOVERNMENT UNITS, AMENDING FOR THE PURPOSE BATAS PAMBANSA BLG. 881, AS AMENDED, OTHERWISE KNOWN AS THE OMNIBUS ELECTION CODE OF THE PHILIPPINES AND APPROPRIATING FUNDS THEREFOR",STRENGTHENING THE COMMISSION ON ELECTIONS,"DELA ROSA, RONALD ""BATO""","July 2, 2023",OMNIBUS ELECTION CODE (BATAS PAMBANSA BLG. 881); COMMISSION ON ELECTION (COMELEC)
https://ldr.senate.gov.ph/legislative-issuances/senate-bills/bills/senate-bill-no-2383-19th-congress,AN ACT PROVIDING FOR PROTECTION OF THE REMITTANCES OF OVERSEAS FILIPINO WORKERS,OVERSEAS FILIPINO WORKERS (OFWS) REMITTANCE PROTECTION ACT,"LAPID, MANUEL ""LITO"" M.","January 8, 2023",OVERSEAS FILIPINO WORKERS (OFW); REMITTANCE
https://ldr.senate.gov.ph/legislative-issuances/senate-bills/bills/senate-bill-no-1858-19th-congress,N/A,COMPREHENSIVE  LUPUS PREVENTION ACT,"VILLAR, MARK A.","September 2, 2023",LUPUS DISEASE; SYSTEMIC LUPUS ERYTHEMATOSUS (SLE)
https://ldr.senate.gov.ph/legislative-issuances/senate-bills/bills/senate-bill-no-1922-19th-congress,N/A,AMENDING REPUBLIC ACT NO. 9433 (MAGNA CARTA FOR PUBLIC SOCIAL WORKERS),"ESTRADA, JINGGOY E.","February 23, 2023",MAGNA CARTA FOR PUBLIC SOCIAL WORKERS
https://ldr.senate.gov.ph/legislative-issuances/senate-bills/bills/senate-bill-no-2392-19th-congress,"AN ACT CREATING THE NATIONAL TRANSITIONAL JUSTICE RECONCILIATION AND COMMISSION FOR THE BANGSAMORO, ESTABLISHING A TRANSITIONAL JUSTICE AND RECONCILIATION PROGRAM FOR THE BANGSAMORO, AND APPROPRIATING FUNDS THEREFOR",TRANSITIONAL JUSTICE AND RECONCILIATION ACT FOR THE BANGSAMORO,"TOLENTINO, FRANCIS ""TOL"" N.","July 8, 2023",BANGSAMORO; TRANSITIONAL JUSTICE AND RECONCILIATION PROGRAM
https://ldr.senate.gov.ph/legislative-issuances/senate-bills/bills/senate-bill-no-1634-19th-congress,"AN ACT PROVIDING FOR A MORE RESPONSIVE AND COMPREHENSIVE REGULATION FOR THE LICENSING, REGISTRATION, CERTIFICATION AND PRACTICE OF ENVIRONMENTAL AND SANITARY ENGINEERS, ENVIRONMENTAL AND SANITARY ENGINEERING TECHNOLOGISTS AND ENVIRONMENTAL AND SANITARY ENGINEERING TECHNICIANS IN THE PHILIPPINES, FOR THE PURPOSE OF AMENDING REPUBLIC ACT 1364, AND FOR OTHER PURPOSES",ENVIRONMENTAL AND SANITARY ENGINEERING ACT,"EJERCITO, JOSEPH VICTOR G.","April 1, 2023",ENVIRONMENTAL AND SANITARY ENGINEERING
https://ldr.senate.gov.ph/legislative-issuances/senate-bills/bills/senate-bill-no-2240-19th-congress,N/A,AMENDING ART. 320 OF ACT NO. 3815 ON DESTRUCTIVE ARSON (PENAL CODE OF THE PHILIPPINES),"TOLENTINO, FRANCIS ""TOL"" N.","May 24, 2023",REVISED PENAL CODE (R.A.NO. 3815); ARSON
https://ldr.senate.gov.ph/legislative-issuances/senate-bills/bills/senate-bill-no-1698-19th-congress,N/A,BICYCLE ACT OF 2023,"TULFO, RAFFY T.","January 18, 2023",BICYCLE
https://ldr.senate.gov.ph/legislative-issuances/senate-bills/bills/senate-bill-no-2060-19th-congress,"AN ACT CREATING ANTI-DRUG ABUSE COUNCIL IN ALL PROVINCES, CITIES, MUNICIPALITIES, AND BARANGAYS THROUGHOUT THE COUNTRY AND PROVIDING FUNDS THEREFOR","CREATING ANTI-DRUG ABUSE COUNCIL IN ALL PROVINCES, CITIES, MUNICIPALITIES AND BARANGAYS","TULFO, RAFFY T.","November 4, 2023",ANTI-DRUG ABUSE COUNCILS (ADACS)
https://ldr.senate.gov.ph/legislative-issuances/senate-bills/bills/senate-bill-no-1753-19th-congress,N/A,OGCC CHARTER OF 2023,"ANGARA, SONNY","January 24, 2023",OFFICE OF THE GOVERNMENT CORPORATE COUNSEL
https://ldr.senate.gov.ph/legislative-issuances/senate-bills/bills/senate-bill-no-1817-19th-congress,N/A,MENTAL HEALTH PROMOTION AND LEAVE ACT FOR EMPLOYEES,"TULFO, RAFFY T.","January 31, 2023",MENTAL HEALTH; leave; EMPLOYEES
https://ldr.senate.gov.ph/legislative-issuances/senate-bills/bills/senate-bill-no-2134-19th-congress,N/A,ENVIRONMENTAL UNIT IN EVERY BANKING INSTITUTION ACT,"LEGARDA, LOREN B.","April 5, 2023",ENVIRONMENTAL UNITS; LOAN PROGRAMS
https://ldr.senate.gov.ph/legislative-issuances/senate-bills/bills/senate-bill-no-2209-19th-congress,N/A,PLASTIC STRAWS BAN ACT,"VILLAR, CYNTHIA A.","May 17, 2023",PLASTIC/PLASTIC BAGS/PLASTIC PRODUCTS/PLASTIC WASTE
https://ldr.senate.gov.ph/legislative-issuances/senate-bills/bills/senate-bill-no-1666-19th-congress,"AN ACT STRENGTHENING THE PHILIPPINE CROP INSURANCE CORPORATION (PCIC), REPEALING FOR THE PURPOSE PRESIDENTIAL DECREE NO. 1467, ENTITLED CREATING THE 'PHILIPPINE CROP INSURANCE CORPORATION PRESCRIBING ITS POWERS AND ACTIVITIES, PROVIDING FOR ITS CAPITALIZATION AND FOR THE REQUIRED GOVERNMENT PREMIUM SUBSIDY, AND FOR OTHER PURPOSES, AS AMENDED BY PRESIDENTIAL DECREE NO. 1733 AND REPUBLIC ACT NO. 8175",REVISED CHARTER OF THE PHILIPPINE CROP INSURANCE CORPORATION,"MARCOS, IMEE R.","December 1, 2023",PHILIPPINE CROP INSURANCE CORPORATION
https://ldr.senate.gov.ph/legislative-issuances/senate-bills/bills/senate-bill-no-2273-19th-congress,"AN ACT REQUIRING THE PARTICIPATION OF THE OFFICE OF THE SOLICITOR GENERAL (OSG) IN ALL CONTRACT NEGOTIATIONS WITH FOREIGN GOVERNMENTS, CORPORATIONS, ENTITIES, OR INDIVIDUALS AMENDING FOR THE PURPOSE SECTION 35, CHAPTER 12, TITLE III, BOOK IV OF EXECUTIVE ORDER NO. 292, OTHERWISE KNOWN AS THE ADMINISTRATIVE CODE OF 1987 AND FOR OTHER PURPOSES","PARTICIPATION OF THE OSG IN ALL CONTRACT NEGOTIATIONS WITH FOREIGN GOVERNMENTS, CORPORATIONS","TOLENTINO, FRANCIS ""TOL"" N.","January 6, 2023",OFFICE OF THE SOLICITOR GENERAL; ADMINISTRATIVE CODE OF 1987 (E.O.NO. 292)
https://ldr.senate.gov.ph/legislative-issuances/senate-bills/bills/senate-bill-no-1965-19th-congress,"AN ACT RESTRUCTURING THE PHILIPPINE NATIONAL POLICE, AMENDING FOR THE PURPOSE SECTIONS 25, 26, 29, 30, 31, 35, 36, AND 67 OF REPUBLIC ACT NO. 6975, OTHERWISE KNOWN AS THE DEPARTMENT OF THE INTERIOR AND LOCAL GOVERNMENT ACT OF 1990, AS AMENDED, AND SECTION 32 OF REPUBLIC ACT NO. 8551, OTHERWISE KNOWN AS THE PHILIPPINE NATIONAL POLICE REFORM AND REORGANIZATION ACT OF 1998, AND APPROPRIATING FUNDS THEREFOR",RESTRUCTURING THE PHILIPPINE NATIONAL POLICE,"EJERCITO, JOSEPH VICTOR G.","July 3, 2023",PHILIPPINE NATIONAL POLICE (PNP); PHILIPPINE NATIONAL POLICE REFORM AND REORGANIZATION ACT OF 1998 (R.A.NO. 8551); DEPARTMENT OF THE  INTERIOR AND LOCAL GOVERNMENT (DILG)
https://ldr.senate.gov.ph/legislative-issuances/senate-bills/bills/senate-bill-no-2030-19th-congress,N/A,AMENDING SEC. 6 OF R.A. NO. 6958 (CHARTER OF THE MACTAN INTERNATIONAL AIRPORT AUTHORITY),"ANGARA, SONNY","March 21, 2023",AIRPORT AUTHORITY
https://ldr.senate.gov.ph/legislative-issuances/senate-bills/bills/senate-bill-no-1720-19th-congress,N/A,FERTILIZER AND PESTICIDE TAX IMMUNITY ACT,"MARCOS, IMEE R.","January 19, 2023",FERTILIZER; TAXES/TAXATION; FARMERS
https://ldr.senate.gov.ph/legislative-issuances/senate-bills/bills/senate-bill-no-1784-19th-congress,N/A,FORMER PRESIDENTS BENEFITS ACT OF 2023,"GO, CHRISTOPHER LAWRENCE T.","January 26, 2023",PRESIDENT OF THE PHILIPPINES; BENEFITS AND INCENTIVES
https://ldr.senate.gov.ph/legislative-issuances/senate-bills/bills/senate-bill-no-2102-19th-congress,N/A,THE BARANGAY SKILLED WORKERS REGISTRY ACT OF 2023,"TULFO, RAFFY T.","April 26, 2023",REGISTRY OF PROFESSIONAL/SKILLED WORKERS; BARANGAYS
https://ldr.senate.gov.ph/legislative-issuances/senate-bills/bills/senate-bill-no-2167-19th-congress,"AN ACT ESTABLISHING A TECHNICAL EDUCATION AND SKILLS DEVELOPMENT AUTHORITY (TESDA) TRAINING AND ASSESSMENT CENTER IN THE MUNICIPALITY OF TUBOD, PROVINCE OF LANAO DEL NORTE, TO BE KNOWN AS THE TUBOD TESDA TRAINING AND ASSESSMENT CENTER, AND APPROPRIATING FUNDS THEREFOR",TUBOD TESDA TRAINING AND ASSESSMENT CENTER ACT,"MARCOS, IMEE R.","September 5, 2023",TESDA TRAINING AND ASSESSMENT CENTER
https://ldr.senate.gov.ph/legislative-issuances/senate-bills/bills/senate-bill-no-1731-19th-congress,N/A,"AUTISM COOPERATION, ACCOUNTABILITY RESEARCH, EDUCAQTION AND SUPPORT (CARES) ACT OF 2023","VILLAR, MARK A.","January 23, 2023","AUTISM  COOPERATION, ACCOUNTABILITY, RESEARCH, EDUCATION AND SUPPORT (CARES)"
https://ldr.senate.gov.ph/legislative-issuances/senate-bills/bills/senate-bill-no-2113-19th-congress,N/A,AMENDING R.A. NO. 10679 (YOUTH ENTREPRENUERSHIP ACT),"GO, CHRISTOPHER LAWRENCE T.","March 5, 2023",FINANCIAL LITERACY; ENTREPRENEURSHIP; K12 EDUCATION PROGRAM; SENIOR HIGH SCHOOL; CURRICULUM/CURRICULA
https://ldr.senate.gov.ph/legislative-issuances/senate-bills/bills/senate-bill-no-2177-19th-congress,"AN ACT ESTABLISHING A TECHNICAL EDUCATION AND SKILLS DEVELOPMENT AUTHORITY (TESDA) DISTRICT OFFICE IN THE CITY OF DAVAO, APPROPRIATING FUNDS THEREFOR AND FOR OTHER PURPOSES",ESTABLISHING A TESDA DISTRICT OFFICE IN THE CITY OF DAVAO,"TULFO, RAFFY T.","October 5, 2023",DISTRICT OFFICE; TECHNICAL EDUCATION AND SKILLS DEVELOPMENT AUTHORITY (TESDA)
https://ldr.senate.gov.ph/legislative-issuances/senate-bills/bills/senate-bill-no-1871-19th-congress,N/A,AMENDING ART. 310 OF THE REVISED PENAL CODE (DECRIMINALIZING QUALIFIED THEFT OF COCONUTS),"HONTIVEROS, RISA","February 13, 2023",REVISED PENAL CODE (R.A.NO. 3815)
https://ldr.senate.gov.ph/legislative-issuances/senate-bills/bills/senate-bill-no-1934-19th-congress,N/A,"CREATING A BARANGAY PULUNG BULU, SAN FERNANDO, PAMPANGA","MARCOS, IMEE R.","February 27, 2023","BARANGAY, CREATION"
https://ldr.senate.gov.ph/legislative-issuances/senate-bills/bills/senate-bill-no-2403-19th-congress,"AN ACT DECRIMINALIZING LIBEL, REPEALING FOR THE PURPOSE ARTICLES 353, 354, 355,356, 357, 360, 361, AND 362 OF REPUBLIC ACT NO. 3815, AS AMENDED, OTHERWISE KNOWN AS THE REVISED PENAL CODE, AND SUB-PARAGRAPH 4 OF SECTION 4(C) OF REPUBLIC ACT NO. 10175, OTHERWISE KNOWN AS THE CYBERCRIME PREVENTION ACT OF 2012, AND FOR OTHER PURPOSES",DECRIMINALIZING LIBEL,"LEGARDA, LOREN B.","October 8, 2023",LIBEL; CYBERCRIME PREVENTION; Revised Penal Code
https://ldr.senate.gov.ph/legislative-issuances/senate-bills/bills/senate-bill-no-1646-19th-congress,N/A,CAAP DEVELOPMENT AND MODERNIZATION FUND ACT OF 2023,"REVILLA JR., RAMON BONG","October 1, 2023",CIVIL AVIATION AUTHORITY OF THE PHILIPPINES
https://ldr.senate.gov.ph/legislative-issuances/senate-bills/bills/senate-bill-no-2071-19th-congress,N/A,MODERNIZED NATIONAL MEASUREMENT SYSTEM ACT,"ESTRADA, JINGGOY E.","April 17, 2023",NATIONAL MEASUREMENT SYSTEM
https://ldr.senate.gov.ph/legislative-issuances/senate-bills/bills/senate-bill-no-1828-19th-congress,"AN ACT TO DESIGNATE THE FOURTH (4TH) DAY OF APRIL OF EVERY YEAR A SPECIAL NON-WORKING HOLIDAY IN THE CITY OF ANTIPOLO, PROVINCE OF RIZAL, TO BE KNOWN AS ARAW NG ANTIPOLO, IN COMMEMORATION OF ITS CITYHOOD ANNIVERSARY",ARAW NG ANTIPOLO ACT,"LAPID, MANUEL ""LITO"" M.","January 2, 2023",HOLIDAYS (SPECIAL NON-WORKING)
https://ldr.senate.gov.ph/legislative-issuances/senate-bills/bills/senate-bill-no-2081-19th-congress,N/A,AMENDING R.A. NO. 8479 (THE DOWNSTREAM OIL INDUSTRY DEREGULATION ACT),"GATCHALIAN, WIN","April 19, 2023",DOWNSTREAM OIL INDUSTRY DEREGULATION ACT (R.A.NO. 8479)
https://ldr.senate.gov.ph/legislative-issuances/senate-bills/bills/senate-bill-no-2145-19th-congress,N/A,INFORMER'S REWARD FOR THE DISCOVERY OF VIOLATIONS OF THE NATIONAL INTERNAL REVENUE CODE,"ESTRADA, JINGGOY E.","September 5, 2023",INFORMERS; NATIONAL INTERNAL REVENUE CODE (NIRC)
https://ldr.senate.gov.ph/legislative-issuances/senate-bills/bills/senate-bill-no-1837-19th-congress,N/A,CHARTER OF THE SCIENCE CITY OF UBAY,"ANGARA, SONNY","June 2, 2023","MUNICIPALITY, CONVERSION (CITYHOOD); CITY CHARTER, REVISION/AMENDMENTS"
https://ldr.senate.gov.ph/legislative-issuances/senate-bills/bills/senate-bill-no-1901-19th-congress,N/A,TAWANG INTEGRATED SCHOOL,"MARCOS, IMEE R.","February 20, 2023","SCHOOLS, CONVERSION"
https://ldr.senate.gov.ph/legislative-issuances/senate-bills/bills/senate-bill-no-2372-19th-congress,AN ACT DECLARING AUGUST 9 OF EVERY YEAR AS THE PHILIPPINES-ISRAEL FRIENDSHIP DAY,DECLARING AUGUST 9 AS THE PHILIPPINE-ISRAEL FRIENSHIP DAY,"EJERCITO, JOSEPH VICTOR G.","January 8, 2023",PHILIPPINE-ISRAEL FRIENDSHIP DAY
https://ldr.senate.gov.ph/legislative-issuances/senate-bills/bills/senate-bill-no-2435-19th-congress,"AN ACT DECLARING THE PROVINCE OF SOUTHERN LEYTE, A TOURISM ZONE AND APPROPRIATING FUNDS THEREFOR","DECLARING THE PROVINCE OF SOUTHERN LEYTE, A TOURISM ZONE","GO, CHRISTOPHER LAWRENCE T.","December 9, 2023",TOURISM ZONE; Department of Tourism (DOT)
https://ldr.senate.gov.ph/legislative-issuances/senate-bills/bills/senate-bill-no-2220-19th-congress,N/A,MABINI-MOSANGOT BRIDGE,"MARCOS, IMEE R.","May 22, 2023",BRIDGES
https://ldr.senate.gov.ph/legislative-issuances/senate-bills/bills/senate-bill-no-1677-19th-congress,N/A,BAYANING ATLETANG FILIPINO ACT,"VILLAR, MARK A.","December 1, 2023",ATHLETES; ENDOWMENT FUND; BAYANING ATLETANG FILIPINO
https://ldr.senate.gov.ph/legislative-issuances/senate-bills/bills/senate-bill-no-1975-19th-congress,"AN ACT EXTENDING THE CORPORATE LIFE AND STRENGTHENING THE POWERS OF POWER SECTOR ASSETS AND LIABILITIES MANAGEMENT CORPORATION FOR ANOTHER THIRTY (30) YEARS, AMENDING FOR THE PURPOSE SECTIONS 47, 49, 51, 55, 63, AND 70 OF REPUBLIC ACT NO. 9136, OTHERWISE KNOWN AS THE, ELECTRIC POWER INDUSTRY REFORM ACT OF 2001, AND FOR OTHER PURPOSES",EXTENDING THE CORPORATE LIFE AND POWERS OF POWER SECTOR ASSETS AND LIABILITIES MANAGEMENT CORP.,"EJERCITO, JOSEPH VICTOR G.","July 3, 2023",POWER SECTOR ASSETS AND LIABILITIES MANAGEMENT CORPORATION (PSALM CORP.); ELECTRIC POWER INDUSTRY REFORM ACT /EPIRA (R.A.NO. 9136)
https://ldr.senate.gov.ph/legislative-issuances/senate-bills/bills/senate-bill-no-2296-19th-congress,AN ACT MODIFYING THE SALARY SCHEDULE FOR CIVILIAN GOVERNMENT PERSONNEL AND AUTHORIZING THE GRANT OF ADDITIONAL BENEFITS AND FOR OTHER PURPOSES,SALARY STANDARDIZATION LAW VI,"REVILLA JR., RAMON BONG","December 7, 2023",SALARY STANDARDIZATION; GOVERNMENT EMPLOYEES
https://ldr.senate.gov.ph/legislative-issuances/senate-bills/bills/senate-bill-no-1986-19th-congress,N/A,PANTS FOR HER ACT,"TULFO, RAFFY T.","August 3, 2023",GENDER-NEUTRAL UNIFORMS; SCHOOLS (PUBLIC AND PRIVATE)
https://ldr.senate.gov.ph/legislative-issuances/senate-bills/bills/senate-bill-no-2050-19th-congress,N/A,WOMEN IN BUSINESS DEVELOPMENT ACT,"TULFO, RAFFY T.","March 30, 2023",WOMEN; NATIONAL WOMENS BUSINESS ENTERPRISE
https://ldr.senate.gov.ph/legislative-issuances/senate-bills/bills/senate-bill-no-1743-19th-congress,N/A,DECLARING THE PARAISO TI CARIBQUIB AN ECOTOURISM DESTINATION,"MARCOS, IMEE R.","January 23, 2023",ECOTOURISM DESTINATION
https://ldr.senate.gov.ph/legislative-issuances/senate-bills/bills/senate-bill-no-2124-19th-congress,N/A,ESTABLISHING A COMPREHENSIVE PHILIPPINE CULTURAL AND ARTISTIC INSFRASTRUCTURE PROGRAM,"VILLAR, MARK A.","March 5, 2023",PHILIPPINE CULTURAL AND ARTISTIC INFRASTRUCTURE PROGRAM; INFRASTRUCTURES
https://ldr.senate.gov.ph/legislative-issuances/senate-bills/bills/senate-bill-no-1880-19th-congress,N/A,INCARCERATED PARENTS ACT OF 2023,"TULFO, RAFFY T.","February 14, 2023",INCARCERATED PARENTS/CHILDREN
https://ldr.senate.gov.ph/legislative-issuances/senate-bills/bills/senate-bill-no-1944-19th-congress,"AN ACT PROMOTING THE DEVELOPMENT OF THE PHILIPPINE DOWNSTREAM NATURAL GAS INDUSTRY, AND APPROPRIATING FUNDS THEREFOR",PHILIPPINE DOWNSTREAM NATURAL GAS INDUSTRY DEVELOPMENT ACT,"MARCOS, IMEE R.","January 3, 2023",Natural gas industry
https://ldr.senate.gov.ph/legislative-issuances/senate-bills/bills/senate-bill-no-1657-19th-congress,N/A,PEOPLES PARTICIPATION IN INDUSTRY CLUSTER-BASED PROGRAMS AND PROJECT ACT,"REVILLA JR., RAMON BONG","December 1, 2023",INDUSTRY CLUSTER-BASED PROGRAMS/PROJECTS; PEOPLES PARTICIPATION
https://ldr.senate.gov.ph/legislative-issuances/senate-bills/bills/senate-bill-no-2259-19th-congress,N/A,PROMOTING AWARENESS FOR THE INTELLECTUAL PROPERTY RIGHTS OF INDEPENDENT ARTIST,"VILLAR, MARK A.","May 29, 2023",INTELLECTUAL PROPERTY RIGHTS; ARTISTS
https://ldr.senate.gov.ph/legislative-issuances/senate-bills/bills/senate-bill-no-1954-19th-congress,N/A,"ROAD AT POSNAAN, AGUINALDO, ALFONSO LISTA, IFUGAO AND AURORA, ISABELA INTO A NATIONAL ROAD","MARCOS, IMEE R.","February 3, 2023","ROADS, CONVERSION"
https://ldr.senate.gov.ph/legislative-issuances/senate-bills/bills/senate-bill-no-1710-19th-congress,N/A,EXPANDED BANKING SERVICES ACT,"MARCOS, IMEE R.","January 19, 2023",BANK SERVICES; EXPANDED BANKING SERVICE
https://ldr.senate.gov.ph/legislative-issuances/senate-bills/bills/senate-bill-no-1774-19th-congress,N/A,BENGUET GENERAL HOSPITAL,"MARCOS, IMEE R.","January 25, 2023","HOSPITALS, INCREASE BED CAPACITY"
https://ldr.senate.gov.ph/legislative-issuances/senate-bills/bills/senate-bill-no-2092-19th-congress,N/A,CREATING A DENTAL SERVICE IN EVERY CITY OR MUNICIPAL HEALTH UNIT,"VILLAR, MARK A.","April 25, 2023",DENTAL HEALTH; health care
https://ldr.senate.gov.ph/legislative-issuances/senate-bills/bills/senate-bill-no-2156-19th-congress,"AN ACT PROVIDING FOR THE MODERNIZATION OF THE PHILIPPINE INSTITUTE OF VOLCANOLOGY AND SEISMOLOGY (PHIVOLCS), PROVIDING FUNDS THEREFOR AND FOR OTHER PURPOSES",PHIVOLCS MODERNIZATION ACT OF 2023,"REVILLA JR., RAMON BONG","September 5, 2023",PHILIPPINE INSTITUTE OF  VOLCANOLOGY AND SEISMOLOGY (PHIVOLCS)
https://ldr.senate.gov.ph/legislative-issuances/senate-bills/bills/senate-bill-no-1848-19th-congress,"AN ACT AMENDING SECTIONS 6, 22, 24, 25, 27, 28, 32, 34, 37, 38, 39, 42, 51, 52, 54, 56, 57, 73,108, 109, 112,121, 122,123, 127, 149,174, 176,179, 181, 182,183, 184,185, 186,187,190,195, 198, 199, 204, 222, 237, 237-A, 255, 256, 257, 258, 261, 263, 264, 266, 275; INSERTING NEW SECTION 270-A; AND REPEALING SECTIONS 175,177,178, 180,188,192, AND 193; ALL UNDER REPUBLIC ACT NO. 8424, OTHERWISE KNOWN AS THE NATIONAL INTERNAL REVENUE CODE OF 1997, AS AMENDED",PASSIVE INCOME AND FINANCIAL INTERMEDIARY TAXATION ACT,"TULFO, RAFFY T.","July 2, 2023",PASSIVE INCOME/FINANCIAL INTERMEDIARY TAXATION; NATIONAL INTERNAL REVENUE CODE (NIRC)
https://ldr.senate.gov.ph/legislative-issuances/senate-bills/bills/senate-bill-no-2384-19th-congress,"AN ACT STRENGTHENING THE RULES ON THE CREATION, MODIFICATION, CHANGE AND REGISTRATION OF OFFICIAL SEALS AND OTHER HERALDIC ITEMS AND DEVICES OF GOVERNMENT ENTITIES, AMENDING FOR THE PURPOSE REPUBLIC ACT 8491 OTHERWISE KNOWN AS THE FLAG AND HERALDIC CODE OF THE PHILIPPINES",AMENDING R. A. NO. 8491 (THE FLAG AND HERALDIC CODE OF THE PHILIPPINES),"BINAY, MARIA LOURDES NANCY S.","January 8, 2023",FLAG AND HERALDIC CODE (R.A.NO. 8491); OFFICIAL SEALS
https://ldr.senate.gov.ph/legislative-issuances/senate-bills/bills/senate-bill-no-2165-19th-congress,"AN ACT INSTITUTIONALIZING THE AUTOMATIC INCOME CLASSIFICATION OF PROVINCES, CITIES AND MUNICIPALITIES, AND FOR OTHER PURPOSES",AUTOMATIC INCOME CLASSIFICATION OF LOCAL GOVERNMENT UNITS ACT,"GATCHALIAN, WIN; VILLANUEVA, JOEL; VILLAR, CYNTHIA A.; REVILLA JR., RAMON BONG; EJERCITO, JOSEPH VICTOR G.","September 5, 2023",INCOME CLASSIFICATION; LOCAL GOVERNMENT UNITS (LGUs)
https://ldr.senate.gov.ph/legislative-issuances/senate-bills/bills/senate-bill-no-1859-19th-congress,"AN ACT DESIGNATING THE SIXTEENTH DAY OF MAY OF EVERY YEAR A SPECIAL WORKING HOLIDAY TO BE KNOWN AS THE NATIONAL EDUCATION SUPPORT PERSONNEL DAY, MANDATING THE DEPARTMENT OF EDUCATION TO CONDUCT EVENTS DURING ITS OBSERVANCE, APPROPRIATING FUNDS THEREFOR, AND FOR OTHER PURPOSES",NATIONAL EDUCATION SUPPORT PERSONNEL DAY ACT,"VILLAR, MARK A.","September 2, 2023",NATIONAL EDUCATION SUPPORT PERSONNEL; HOLIDAYS (SPECIAL WORKING)
https://ldr.senate.gov.ph/legislative-issuances/senate-bills/bills/senate-bill-no-2393-19th-congress,"AN ACT MANDATING A MASTERPLAN FOR FLOOD MANAGEMENT, INCREASING PENALTIES FOR VIOLATIONS OF ENVIRONMENTAL LAWS, APPROPRIATING FUNDS THEREFOR, AND FOR OTHER PURPOSES",FLOOD MANAGEMENT ACT OF 2023,"TULFO, RAFFY T.","July 8, 2023",FLOOD MANAGEMENT
https://ldr.senate.gov.ph/legislative-issuances/senate-bills/bills/senate-bill-no-1635-19th-congress,"AN ACT REQUIRING MANDATORY INSURANCE OF ALL BUILDINGS AND OTHER PHYSICAL STRUCTURES OWNED BY LOCAL GOVERNMENT UNITS, AMENDING FOR THIS PURPOSE, REPUBLIC ACT NO. 7160, OTHERWISE KNOWN AS THE LOCAL GOVERNMENT CODE",MANDATORY INSURANCE OF ALL BUILDINGS AND OTHER PHYSICAL STRUCTURES OWNED BY LOCAL GOVERNMENT UNITS,"EJERCITO, JOSEPH VICTOR G.","April 1, 2023",INSURANCE; LOCAL GOVERNMENT UNITS (LGUs); LOCAL GOVERNMENT CODE (R.A.NO. 7160)
https://ldr.senate.gov.ph/legislative-issuances/senate-bills/bills/senate-bill-no-2241-19th-congress,N/A,"DECLARING THE FUYOT SPRINGS NATIONAL PARK, CITY OF ILIGAN, AN ECOTOURISM DESTINATION","REVILLA JR., RAMON BONG","May 24, 2023",ECOTOURISM DESTINATION; PARKS
https://ldr.senate.gov.ph/legislative-issuances/senate-bills/bills/senate-bill-no-2061-19th-congress,"AN ACT FIXING THE HOST CITY SHARE ON THE EARNINGS OF THE PHILIPPINE AMUSEMENT AND GAMING CORPORATION (PAGCOR), AMENDING FOR THIS PURPOSE SECTION 12 OF PRESIDENTIAL DECREE NO. 1869, OTHERWISE KNOWN AS THE CHARTER OF PAGCOR, AS AMENDED","AMENDING SEC. 12 OF P.D. NO. 1869 (CHARTER OF PAGCOR), AS AMENDED","TOLENTINO, FRANCIS ""TOL"" N.","November 4, 2023",PHILIPPINE AMUSEMENT AND GAMING CORPORATION (PAGCOR)
https://ldr.senate.gov.ph/legislative-issuances/senate-bills/bills/senate-bill-no-2135-19th-congress,N/A,BARANGAY GREENING AND FOREST LAND REHABILITATION AND PROTECTION ACT,"LEGARDA, LOREN B.","April 5, 2023",BARANGAYS; CLIMATE CHANGE; FOREST LAND REHABILITATION
https://ldr.senate.gov.ph/legislative-issuances/senate-bills/bills/senate-bill-no-2210-19th-congress,N/A,BANNING THE IMPORTATION OF SOLID WASTE ACT,"VILLAR, CYNTHIA A.","May 17, 2023",SOLID WASTE
https://ldr.senate.gov.ph/legislative-issuances/senate-bills/bills/senate-bill-no-1667-19th-congress,N/A,NATIONAL PARKS OF 2023,"VILLAR, MARK A.","December 1, 2023",PUBLIC PARKS
https://ldr.senate.gov.ph/legislative-issuances/senate-bills/bills/senate-bill-no-2274-19th-congress,AN ACT CREATING A DISTRICT ENGINEERING OFFICE IN THE FIFTH LEGISLATIVE DISTRICT OF THE PROVINCE OF BATANGAS AND APPROPRIATING FUNDS THEREFOR,CREATING A DISTRICT ENGINEERING OFFICE (FIFTH LEGISLATIVE DISTRICT OF THE PROVINCE OF BATANGAS),"TOLENTINO, FRANCIS ""TOL"" N.","July 6, 2023",ENGINEERING DISTRICT OFFICE
https://ldr.senate.gov.ph/legislative-issuances/senate-bills/bills/senate-bill-no-1966-19th-congress,"AN ACT DECLARING JUNE 21ST OF EVERY YEAR A SPECIAL NONWORKING HOLIDAY IN THE CITY OF BAYUGAN, PROVINCE OF AGUSAN DEL SUR IN COMMEMORATION OF ITS CHARTER DAY","CHARTER DAY IN THE CITY OF BAYUGAN, AGUSAN DEL SUR","MARCOS, IMEE R.","July 3, 2023",HOLIDAYS (SPECIAL NON-WORKING)
https://ldr.senate.gov.ph/legislative-issuances/senate-bills/bills/senate-bill-no-1721-19th-congress,N/A,VAT E-BILLING ACT,"MARCOS, IMEE R.","January 23, 2023",VAT E-BILLING; NATIONAL INTERNAL REVENUE CODE (NIRC); TAXES (VALUE-ADDED TAX / VAT)
https://ldr.senate.gov.ph/legislative-issuances/senate-bills/bills/senate-bill-no-2103-19th-congress,N/A,"DECLARING THE CEBU SAFARI AND ADVENTURE PARK , A TOURISM DESTINATION","MARCOS, IMEE R.","April 26, 2023",TOURISM DESTINATION
https://ldr.senate.gov.ph/legislative-issuances/senate-bills/bills/senate-bill-no-2114-19th-congress,AN ACT ESTABLISHING A COMPREHENSIVE FRAMEWORK TO ACCELERATE THE ATTAINMENT OF THE INFRASTRUCTURE FLAGSHIP PROGRAMS AND PROJECTS OF THE NATIONAL GOVERNMENT,INFRASTRUCTURE FLAGSHIP PROGRAMS AND PROJECTS ACT,"GO, CHRISTOPHER LAWRENCE T.","March 5, 2023",INFRASTRUCTURES; Government projects
https://ldr.senate.gov.ph/legislative-issuances/senate-bills/bills/senate-bill-no-2178-19th-congress,"AN ACT ESTABLISHING A TECHNICAL EDUCATION AND SKILLS DEVELOPMENT AUTHORITY (TESDA) TRAINING AND ASSESSMENT CENTER IN THE MUNICIPALITY OF DAPA, SIARGAO ISLAND, PROVINCE OF SURIGAO DEL NORTE, TO BE KNOWN AS THE SIARGAO TESDA TRAINING AND ASSESSMENT CENTER, AND APPROPRIATING FUNDS THEREFOR",SIARGAO TESDA TRAINING AND ASSESSMENT CENTER ACT,"TULFO, RAFFY T.","October 5, 2023",TESDA TRAINING AND ASSESSMENT CENTER; TECHNICAL EDUCATION AND SKILLS DEVELOPMENT AUTHORITY (TESDA)
https://ldr.senate.gov.ph/legislative-issuances/senate-bills/bills/senate-bill-no-1864-19th-congress,AN ACT PROVIDING FOR A MORATORIUM ON THE PAYMENT OF STUDENT LOANS DURING DISASTERS AND OTHER EMERGENCIES,STUDENT LOAN PAYMENT MORATORIUM DURING DISASTERS AND EMERGENCIES ACT,"VILLANUEVA, JOEL; LEGARDA, LOREN B.; VILLAR, CYNTHIA A.; ESCUDERO, FRANCIS G.; REVILLA JR., RAMON BONG; LAPID, MANUEL ""LITO"" M.; GO, CHRISTOPHER LAWRENCE T.; ZUBIRI, JUAN MIGUEL ""MIGZ"" F.","September 2, 2023",STUDENT LOAN PROGRAM; STUDENTS
https://ldr.senate.gov.ph/legislative-issuances/senate-bills/bills/senate-bill-no-1926-19th-congress,N/A,CHARTER OF THE CITY OF LILOAN,"MARCOS, IMEE R.","February 27, 2023","MUNICIPALITY, CONVERSION (CITYHOOD)"
https://ldr.senate.gov.ph/legislative-issuances/senate-bills/bills/senate-bill-no-1647-19th-congress,N/A,MEDICAL RESERVE CORPS ACT,"LEGARDA, LOREN B.","November 1, 2023",MEDICAL RESERVE CORPS
https://ldr.senate.gov.ph/legislative-issuances/senate-bills/bills/senate-bill-no-2008-19th-congress,N/A,GRANTING FULL INSURANCE COVERAGE TO TO ALL QUALIFIED AGRARIAN REFORM BENEFICIARIES OF CARP,"EJERCITO, JOSEPH VICTOR G.","March 14, 2023",COMPREHENSIVE AGRARIAN REFORM PROGRAM; INSURANCE
https://ldr.senate.gov.ph/legislative-issuances/senate-bills/bills/senate-bill-no-1829-19th-congress,N/A,CHARTER OF THE CITY OF LA TRINIDAD,"MARCOS, IMEE R.","January 2, 2023","MUNICIPALITY, CONVERSION (CITYHOOD)"
https://ldr.senate.gov.ph/legislative-issuances/senate-bills/bills/senate-bill-no-2082-19th-congress,N/A,PUBLIC DENTIST SALARY MODIFICATION ACT,"ESCUDERO, FRANCIS G.","April 24, 2023",DENTIST; SALARY GRADE LEVEL; PUBLIC SECTOR
https://ldr.senate.gov.ph/legislative-issuances/senate-bills/bills/senate-bill-no-2146-19th-congress,AN ACT PROMOTING OPEN ACCESS IN DATA TRANSMISSION AND PROVIDING ADDITIONAL POWERS TO THE NATIONAL TELECOMMUNICATIONS COMMISSION,OPEN ACCESS IN DATA TRANSMISSION ACT,"ESTRADA, JINGGOY E.","September 5, 2023",OPEN ACCESS IN DATA TRANSMISSION; OPEN ACCES IN INTERNET SERVICES; National Telecommunications Commission (NTC)
https://ldr.senate.gov.ph/legislative-issuances/senate-bills/bills/senate-bill-no-1838-19th-congress,N/A,GENDER RESPONSIVE AND INCLUSIVE PANDEMIC AND DISASTER MANAGEMENT ACT OF 2023,"REVILLA JR., RAMON BONG","June 2, 2023",GENDER RESPONSIVE AND INCLUSIVE PANDEMIC AND DISASTER MANAGEMENT
https://ldr.senate.gov.ph/legislative-issuances/senate-bills/bills/senate-bill-no-1853-19th-congress,N/A,PENSYON PARA PILIPINONG MAGSASAKA AT MANGINGISDA ACT OF 2023,"REVILLA JR., RAMON BONG","July 2, 2023",FARMERS; FISHERFOLK; PENSION
https://ldr.senate.gov.ph/legislative-issuances/senate-bills/bills/senate-bill-no-1917-19th-congress,N/A,ILIGAN GENERAL HOSPITAL,"MARCOS, IMEE R.","February 22, 2023","HOSPITALS, ESTABLISHMENT"
https://ldr.senate.gov.ph/legislative-issuances/senate-bills/bills/senate-bill-no-2235-19th-congress,N/A,BPO WORKERS'  WELFARE AND PROTECTION ACT OF 2023,"LAPID, MANUEL ""LITO"" M.","May 23, 2023",BUSINESS PROCESS OUTSOURCING (BPO)
https://ldr.senate.gov.ph/legislative-issuances/senate-bills/bills/senate-bill-no-1673-19th-congress,N/A,PHILIPPINE COAST GUARD (PCG) ACADEMY ACT OF 2023,"VILLAR, MARK A.","December 1, 2023",PHILIPPINE COAST GUARD ACADEMY
https://ldr.senate.gov.ph/legislative-issuances/senate-bills/bills/senate-bill-no-2301-19th-congress,"AN ACT EXEMPTING ELECTRICITY SALES FROM VALUE-ADDED TAX, FURTHER AMENDING FOR THE PURPOSE SECTIONS 108 AND 109 OF THE NATIONAL INTERNAL REVENUE CODE, AS AMENDED",EXEMPTING ELECTRICITY SALES FROM VALUE-ADDED TAX,"ESCUDERO, FRANCIS G.","December 7, 2023",Electricity; TAXES (VALUE-ADDED TAX / VAT); NATIONAL INTERNAL REVENUE CODE (NIRC)
https://ldr.senate.gov.ph/legislative-issuances/senate-bills/bills/senate-bill-no-2055-19th-congress,N/A,THE FREE TERTIARY AGRICULTURAL EDUCATION ACT,"PADILLA, ROBINHOOD C.","March 30, 2023",AGRICULTURAL EDUCATION; TERTIARY EDUCATION; indigent children; FARMERS
https://ldr.senate.gov.ph/legislative-issuances/senate-bills/bills/senate-bill-no-1748-19th-congress,N/A,UNIVERSITY OF THE PHILIPPINES TACLOBAN ACT OF 2023,"MARCOS, IMEE R.","January 23, 2023",University of the Philippines (U.P.)
https://ldr.senate.gov.ph/legislative-issuances/senate-bills/bills/senate-bill-no-2374-19th-congress,AN ACT PROHIBITING THE ONLINE PLACING OF BETS FOR ALL LOTTO GAMES AND ALL INSTANT PAPER GAMES,PROHIBITING THE ONLINE PLACING OF BETS FOR ALL LOTTO GAMES AND ALL INSTANT PAPER GAMES,"TULFO, RAFFY T.","January 8, 2023",ONLINE GAMING; LOTTERY
https://ldr.senate.gov.ph/legislative-issuances/senate-bills/bills/senate-bill-no-2439-19th-congress,"AN ACT INSTITUTIONALIZING THE PHILIPPINE ECOSYSTEM AND NATURAL CAPITAL ACCOUNTING SYSTEM, MANDATING ITS USE IN POLICY AND DECISION-MAKING, DESIGNATING THE AGENCIES RESPONSIBLE FOR ITS IMPLEMENTATION, PROVIDING INSTITUTIONAL ARRANGEMENTS AMONG RESPONSIBLE AGENCIES, AND APPROPRIATING FUNDS THEREFOR",PHILIPPINE ECOSYSTEM AND NATURAL CAPITAL ACCOUNTING SYSTEM (PENCAS) ACT,"POE, GRACE; VILLANUEVA, JOEL; HONTIVEROS, RISA; CAYETANO, PIA S.; LEGARDA, LOREN B.; REVILLA JR., RAMON BONG","December 9, 2023",PHILIPPINE ECOSYSTEM AND NATURAL  CAPITAL ACCOUNTING SYSTEM (PENCAS)
https://ldr.senate.gov.ph/legislative-issuances/senate-bills/bills/senate-bill-no-2129-19th-congress,AN ACT DECLARING EVERY 26™ OF JUNE OF EVERY YEAR AS PHILIPPINES-FRANCE FRIENDSHIP DAY,DECLARING EVERY 26TH OF JUNE OF EVERY YEAR AS PHILIPPINES-FRANCE FRIENDSHIP DAY,"TULFO, RAFFY T.","April 5, 2023",HOLIDAY (NATIONAL WORKING)
https://ldr.senate.gov.ph/legislative-issuances/senate-bills/bills/senate-bill-no-2193-19th-congress,N/A,RECOVERY SYSTEM LOSS ACT,"LAPID, MANUEL ""LITO"" M.","May 15, 2023",RECOVERABLE SYSTEM LOSS; ENERGY
https://ldr.senate.gov.ph/legislative-issuances/senate-bills/bills/senate-bill-no-1885-19th-congress,N/A,NATIONAL HEROES COUNCIL ACT,"MARCOS, IMEE R.","February 15, 2023",NATIONAL HEROES COUNCIL; NATIONAL HISTORICAL COMMISSION OF THE PHILIPPINES (NHCP)
https://ldr.senate.gov.ph/legislative-issuances/senate-bills/bills/senate-bill-no-1949-19th-congress,"AN ACT ESTABLISHING A COLLEGE OF MEDICINE IN THE UNIVERSITY OF SCIENCE AND TECHNOLOGY OF SOUTHERN PHILIPPINES-CAGAYAN DE ORO CITY CAMPUS IN THE CAGAYAN DE ORO CITY, PROVINCE OF MISAMIS ORIENTAL, TO BE KNOWN AS THE UNIVERSITY OF SCIENCE AND TECHNOLOGY OF SOUTHERN PHILIPPINES-COLLEGE OF MEDICINE, AND APPROPRIATING FUNDS THEREFOR",UNIVERSITY OF SCIENCE AND TECHNOLOGY OF SOUTHERN PHILIPPINES-COLLEGE OF MEDICINE,"MARCOS, IMEE R.","January 3, 2023","SCHOOLS, ESTABLISHMENT; SCIENCE  AND TECHNOLOGY"
https://ldr.senate.gov.ph/legislative-issuances/senate-bills/bills/senate-bill-no-1641-19th-congress,AN ACT PROHIBITING GAME-FIXING AND PROVIDING PENALTIES FOR VIOLATIONS THEREOF,ANTI GAME-FIXING ACT,"ESTRADA, JINGGOY E.","September 1, 2023",GAME-FIXING
https://ldr.senate.gov.ph/legislative-issuances/senate-bills/bills/senate-bill-no-1705-19th-congress,N/A,"AMENDING LABOR CODE OF THE PHILIPPINES, INCREASING THE SERVICE INCENTIVES LEAVE OF EMPLOYEES","GO, CHRISTOPHER LAWRENCE T.","January 19, 2023",LABOR CODE OF THE PHILIPPINES (P.D.NO. 442); SERVICE INCENTIVE LEAVE
https://ldr.senate.gov.ph/legislative-issuances/senate-bills/bills/senate-bill-no-1959-19th-congress,N/A,TRAFFIC LIGHTS AND PEDESTRIAN LIGHTS TIMER ACT,"VILLAR, MARK A.","February 3, 2023",TRAFFIC; TRAFFIC LIGHTS
https://ldr.senate.gov.ph/legislative-issuances/senate-bills/bills/senate-bill-no-2024-19th-congress,N/A,SULTAN KUDARAT TESDA TRAINING CENTER ACT,"MARCOS, IMEE R.","March 21, 2023",TECHNICAL EDUCATION AND SKILLS DEVELOPMENT AUTHORITY (TESDA); TESDA TRAINING AND ACCREDITATION CENTER
https://ldr.senate.gov.ph/legislative-issuances/senate-bills/bills/senate-bill-no-1715-19th-congress,N/A,EXPANDING THE FUNCTION OF THE LUPONG TAGAPAMAYAPA,"MARCOS, IMEE R.","January 19, 2023",LOCAL GOVERNMENT CODE (R.A.NO. 7160); LUPONG TAGAPAMAYAPA
https://ldr.senate.gov.ph/legislative-issuances/senate-bills/bills/senate-bill-no-1779-19th-congress,N/A,THE NATIONAL GOVERNMENT RIGHTSIZING ACT 0F 2023,"TULFO, RAFFY T.","January 25, 2023",NATIONAL GOVERNMENT OFFICES; RIGHTSIZING
https://ldr.senate.gov.ph/legislative-issuances/senate-bills/bills/senate-bill-no-2097-19th-congress,N/A,"NATIONAL MICRO SMALL, AND MEDIUM-ENTERPRISE (MSME) MONTH ACT","VILLAR, MARK A.","April 25, 2023","MICRO, SMALL AND MEDIUM ENTERPRISES (MSMES)"
https://ldr.senate.gov.ph/legislative-issuances/senate-bills/bills/senate-bill-no-2161-19th-congress,N/A,"NUMBERING THE LEGISLATIVE DISTRICTS IN THE PROVINCE OF CEBU, REPEALING R.A. NO. 9043 & R.A. NO. 9218","REVILLA JR., RAMON BONG","September 5, 2023",LEGISLATIVE DISTRICTS
https://ldr.senate.gov.ph/legislative-issuances/senate-bills/bills/senate-bill-no-1790-19th-congress,N/A,CHARTER OF THE CITY OF BAYAMBANG,"MARCOS, IMEE R.","January 26, 2023","MUNICIPALITY, CONVERSION (CITYHOOD)"
https://ldr.senate.gov.ph/legislative-issuances/senate-bills/bills/senate-bill-no-2108-19th-congress,AN ACT INSTITUTIONALIZING THE PAMBANSANG PABAHAY PARA SA PILIPINO PROGRAM,PAMBANSANG PABAHAY PARA SA PILIPINO PROGRAM ACT OF 2023,"GO, CHRISTOPHER LAWRENCE T.","March 5, 2023",PAMBANSANG PABAHAY PARA SA PILIPINO PROGRAM; DEPARTMENT OF HUMAN SETTLEMENT AND URBAN DEVELOPMENT
https://ldr.senate.gov.ph/legislative-issuances/senate-bills/bills/senate-bill-no-2172-19th-congress,"AN ACT PROMOTING THE DEVELOPMENT OF THE BAMBOO INDUSTRY BY STRENGTHENING THE PHILIPPINE BAMBOO INDUSTRY DEVELOPMENT COUNCIL, CREATING THE BAMBOO INDUSTRY RESEARCH AND DEVELOPMENT CENTER, PROVIDING INCENTIVES FOR BAMBOO PLANTATION DEVELOPMENT, AND APPROPRIATING FUNDS THEREFOR",PHILIPPINE BAMBOO INDUSTRY DEVELOPMENT ACT,"ESTRADA, JINGGOY E.","October 5, 2023",BAMBOO INDUSTRY; PHILIPPINE BAMBOO INDUSTRY DEVELOPMENT COORDINATING COUNCIL (PBIDCC); PHILIPPINE BAMBOO INDUSTRY DEVELOPMENT CENTER (BIDC)
https://ldr.senate.gov.ph/legislative-issuances/senate-bills/bills/senate-bill-no-1865-19th-congress,N/A,MAGNA CARTA FOR TRICYCLE DRIVERS AND OPERATORS ACT OF 2023,"REVILLA JR., RAMON BONG","September 2, 2023",MAGNA CARTA FOR TRICYCLE DRIVERS AND OPERATORS
https://ldr.senate.gov.ph/legislative-issuances/senate-bills/bills/senate-bill-no-1929-19th-congress,N/A,CANCER MEDICINE AND TREATMENT FUND FOR FILIPINOS,"VILLAR, CYNTHIA A.","February 27, 2023",CANCER/CANCER CARE CENTERS; INDIGENT PERSONS; UNDERPRIVILEGED PERSONS
https://ldr.senate.gov.ph/legislative-issuances/senate-bills/bills/senate-bill-no-1684-19th-congress,N/A,HEALTH RATING LABEL ACT,"TULFO, RAFFY T.","January 17, 2023",HEALTH RATING LABEL; FOOD PRODUCTS LABEL
https://ldr.senate.gov.ph/legislative-issuances/senate-bills/bills/senate-bill-no-2003-19th-congress,N/A,SUSTAINABLE CITIES AND COMMUNITIES ACT,"LEGARDA, LOREN B.","March 14, 2023",SUSTAINABLE CITIES AND COMMUNITIES
https://ldr.senate.gov.ph/legislative-issuances/senate-bills/bills/senate-bill-no-2066-19th-congress,AN ACT REQUIRING CRITICAL INFORMATION INFRASTRUCTURE INSTITUTIONS TO ADOPT AND IMPLEMENT ADEQUATE MEASURES TO PROTECT THEIR INFORMATION AND COMMUNICATIONS TECHNOLOGY (ICT) SYSTEMS AND INFRASTRUCTURE,CRITICAL INFORMATION INFRASTRUCTURE PROTECTION ACT OF 2022,"GATCHALIAN, WIN","December 4, 2023",CRITICAL INFORMATION INFRASTRUCTURE INSTITUTIONS; INFORMATION AND COMMUNICATIONS TECHNOLOGY (ICT)
https://ldr.senate.gov.ph/legislative-issuances/senate-bills/bills/senate-bill-no-2375-19th-congress,"AN ACT EXEMPTING MOTORCYCLES FROM THE COVERAGE OF MOTOR VEHICLE ROAD USERS TAX, AMENDING FOR THE PURPOSE, REPUBLIC ACT NO. 8794, ENTITLED AN ACT IMPOSING A MOTOR VEHICLE USERS CHARGE ON OWNERS OF ALL TYPES OF MOTOR VEHICLES AND FOR OTHER PURPOSES, AS AMENDED BY REPUBLIC ACT NO. 11239",EXEMPTING MOTORCYCLES FROM THE COVERAGE OF MOTOR VEHICLE ROAD USER'S TAX,"TULFO, RAFFY T.","January 8, 2023",MOTOR VEHICLES USERS CHARGE (MVUC); MOTORCYCLE; ROAD USERS TAX
https://ldr.senate.gov.ph/legislative-issuances/senate-bills/bills/senate-bill-no-1823-19th-congress,N/A,AMENDING SECS. 6 AND 10 OF R. A. NO. 10000 (THE AGRI-AGRA REFORM CREDIT ACT OF 2009),"MARCOS, IMEE R.","January 31, 2023",AGRI-AGRA REFORM CREDIT (R.A.NO. 10000)
https://ldr.senate.gov.ph/legislative-issuances/senate-bills/bills/senate-bill-no-2076-19th-congress,N/A,DRIVERS SAFETY EDUCATION FOR SENIOR HIGH SCHOOL STUDENTS ACT,"TULFO, RAFFY T.","April 19, 2023",DRIVERS EDUCATION; ROAD SAFETY EDUCATION; SENIOR HIGH SCHOOL; CURRICULUM/CURRICULA
https://ldr.senate.gov.ph/legislative-issuances/senate-bills/bills/senate-bill-no-2140-19th-congress,"AN ACT ESTABLISHING THE STANDARDS FOR A LIVING WAGE, AMENDING FOR THE PURPOSE ARTICLE 124 OF PRESIDENTIAL DECREE NO. 442, AS AMENDED, OTHERWISE KNOWN AS THE LABOR CODE OF THE PHILIPPINES","ESTABLISHING THE STANDARDS FOR A LIVING WAGE, AMENDING PD NO. 442 (LABOR CODE OF THE PHILIPPINES)","VILLANUEVA, JOEL","August 5, 2023",WAGE; PRESIDENTIAL DECREE (P.D.NO. 442); LABOR CODE OF THE PHILIPPINES (P.D.NO. 442)
https://ldr.senate.gov.ph/legislative-issuances/senate-bills/bills/senate-bill-no-1832-19th-congress,"AN ACT LOWERING THE OPTIONAL RETIREMENT AGE OF GOVERNMENT WORKERS FROM SIXTY (60) YEARS TO FIFTY-SIX (56) YEARS, AMENDING FOR THE PURPOSE SECTION 13-A OF REPUBLIC ACT 8291, OTHERWISE KNOWN AS THE GOVERNMENT SERVICE INSURANCE SYSTEM ACT OF 1997",LOWERING THE OPTIONAL RETIREMENT AGE OF GOVERNMENT WORKERS FROM SIXTY (60) YEARS TO FIFTY-SIX (56),"REVILLA JR., RAMON BONG","February 2, 2023",RETIREMENT AGE; GOVERNMENT EMPLOYEES
https://ldr.senate.gov.ph/legislative-issuances/senate-bills/bills/senate-bill-no-1896-19th-congress,N/A,"AMENDING R.A. NO. 3815, REVISED PENAL CODE (REDIFINING ADULTERY)","MARCOS, IMEE R.","February 16, 2023",Adultery; REVISED PENAL CODE (R.A.NO. 3815)
https://ldr.senate.gov.ph/legislative-issuances/senate-bills/bills/senate-bill-no-1653-19th-congress,"AN ACT STRENGTHENING THE LEGAL EDUCATION BOARD, THEREBY AMENDING REPUBLIC ACT NO. 7662, OTHERWISE KNOWN AS THE LEGAL EDUCATION REFORM ACT OF 1993, AND APPROPRIATING FUNDS THEREFOR",REVISED LEGAL EDUCATION REFORM ACT,"TULFO, RAFFY T.","November 1, 2023",LEGAL EDUCATION
https://ldr.senate.gov.ph/legislative-issuances/senate-bills/bills/senate-bill-no-1964-19th-congress,AN ACT INSTITUTIONALIZING THE GRANT OF A TEACHING SUPPLIES ALLOWANCE FOR PUBLIC SCHOOL TEACHERS AND APPROPRIATING FUNDS THEREFOR,KABALIKAT SA PAGTUTURO ACT,"POE, GRACE; ANGARA, SONNY; GATCHALIAN, WIN; VILLAR, MARK A.; VILLANUEVA, JOEL; LEGARDA, LOREN B.; VILLAR, CYNTHIA A.; ESTRADA, JINGGOY E.; PADILLA, ROBINHOOD C.; REVILLA JR., RAMON BONG; DELA ROSA, RONALD ""BATO""; TOLENTINO, FRANCIS ""TOL"" N.; GO, CHRISTOPHER LAWRENCE T.; ZUBIRI, JUAN MIGUEL ""MIGZ"" F.","July 3, 2023",TEACHING SUPPLIES ALLOWANCE
https://ldr.senate.gov.ph/legislative-issuances/senate-bills/bills/senate-bill-no-1726-19th-congress,N/A,INTEGRATING A COMPREHENSIVE STUDY OF PHILIPPINE HISTORY IN THE HIGHER EDUCATION CURRICULUM,"VILLAR, MARK A.","January 23, 2023",PHILIPPINE HISTORY; CURRICULUM/CURRICULA; HIGHER EDUCATION INSTITUTIONS
https://ldr.senate.gov.ph/legislative-issuances/senate-bills/bills/senate-bill-no-1983-19th-congress,N/A,THE TIMOGA ECOTOURISM ZONE,"MARCOS, IMEE R.","August 3, 2023",ECOTOURISM ZONE
https://ldr.senate.gov.ph/legislative-issuances/senate-bills/bills/senate-bill-no-1738-19th-congress,N/A,NORTHERN CORDILLERA REGIONAL MEDICAL CENTER,"MARCOS, IMEE R.","January 23, 2023","HOSPITALS, CONVERSION"
https://ldr.senate.gov.ph/legislative-issuances/senate-bills/bills/senate-bill-no-1801-19th-congress,N/A,DOUBLING INCOME OF FARMERS ACT,"MARCOS, IMEE R.","January 30, 2023",FARMERS
https://ldr.senate.gov.ph/legislative-issuances/senate-bills/bills/senate-bill-no-2119-19th-congress,N/A,SCIENCE FOR CHANGE PROGRAM,"VILLAR, MARK A.","March 5, 2023",SCIENCE FOR CHANGE PROGRAM
https://ldr.senate.gov.ph/legislative-issuances/senate-bills/bills/senate-bill-no-2257-19th-congress,N/A,STRENGTHENING THE ADOPTION OF STRAY AND IMPOUNDED ANIMALS,"VILLAR, MARK A.","May 29, 2023",ADOPTION; ANIMAL WELFARE
https://ldr.senate.gov.ph/legislative-issuances/senate-bills/bills/senate-bill-no-1769-19th-congress,N/A,TANDANG SORA DAY ACT,"LAPID, MANUEL ""LITO"" M.","January 25, 2023",HOLIDAYS (SPECIAL WORKING); TANDANG SORA DAY
https://ldr.senate.gov.ph/legislative-issuances/senate-bills/bills/senate-bill-no-2395-19th-congress,"AN ACT ESTABLISHING THE ARCHIPELAGIC SEA LANES IN THE PHILIPPINE ARCHIPELAGIC WATERS, PRESCRIBING THE RIGHTS AND OBLIGATIONS OF FOREIGN SHIPS AND AIRCRAFT EXERCISING THE RIGHT OF ARCHIPELAGIC SEA LANES PASSAGE",PHILIPPINE ARCHIPELAGIC SEA LANES ACT,"GATCHALIAN, WIN","July 8, 2023",ARCHIPELAGIC SEA LANES
https://ldr.senate.gov.ph/legislative-issuances/senate-bills/bills/senate-bill-no-1843-19th-congress,N/A,AMENDING R A. NO. 11037 (THE MASUSTANSYANG PAGKAIN PARA SA BATANG PILIPINO ACT),"TULFO, RAFFY T.","June 2, 2023",FEEDING PROGRAM; SMALL SCALE FARMERS; MASUSTANSYANG PAGKAIN PARA SA BATANG PILIPINO
https://ldr.senate.gov.ph/legislative-issuances/senate-bills/bills/senate-bill-no-1663-19th-congress,"AN ACT PENALIZING FINTECH CRIME, PROVIDING PENALTIES THEREFOR, AND FOR OTHER PURPOSES",FINTECH CRIME PREVENTION ACT OF 2023,"MARCOS, IMEE R.","December 1, 2023",FINTECH CRIME PREVENTION
https://ldr.senate.gov.ph/legislative-issuances/senate-bills/bills/senate-bill-no-1854-19th-congress,AN ACT DECLARING THE PROVINCE OF SOUTHERN LEYTE A TOURISM ZONE,DECLARING THE PROVINCE OF SOUTHERN LEYTE A TOURISM ZONE,"MARCOS, IMEE R.","August 2, 2023",TOURISM (ECOTOURISM ZONE/ECOTOURISM SITE)
https://ldr.senate.gov.ph/legislative-issuances/senate-bills/bills/senate-bill-no-2236-19th-congress,N/A,EXTENDING THE LIFE OF THE PHILIPPINE AEROSPACE DEVELOPMENT CORPORATION (PADC),"ESTRADA, JINGGOY E.","May 23, 2023",PHILIPPINE AEROSPACE DEVELOPMENT CORPORATION (PADC)
https://ldr.senate.gov.ph/legislative-issuances/senate-bills/bills/senate-bill-no-1674-19th-congress,N/A,FIREFIGHTERS RECOGNITION DAY,"VILLAR, MARK A.","December 1, 2023",FIREFIGHTERS
https://ldr.senate.gov.ph/legislative-issuances/senate-bills/bills/senate-bill-no-2302-19th-congress,AN ACT PROCLAIMING THE FIRST MONDAY OF AUGUST EVERY YEAR AS THE NATIONAL LINE WORKERS APPRECIATION DAY,NATIONAL LINE WORKERS APPRECIATION DAY ACT,"ESCUDERO, FRANCIS G.","December 7, 2023",ELECTRICAL  LINE WORKERS/LINEMEN
https://ldr.senate.gov.ph/legislative-issuances/senate-bills/bills/senate-bill-no-2056-19th-congress,N/A,LOCAL ARTS AND ENTERTAINMENT INDUSTRY PROMOTIONS ACT,"LAPID, MANUEL ""LITO"" M.","March 30, 2023",TAX EXEMPTION; TAXES (AMUSEMENT TAX); FILM/MOVIE INDUSTRY; MUSIC INDUSTRY; TAXES (CORPORATE INCOME TAX RATE)
https://ldr.senate.gov.ph/legislative-issuances/senate-bills/bills/senate-bill-no-1749-19th-congress,N/A,"CREATING BARANGAY MADILAY-DILAY IN TANAY,  RIZAL","MARCOS, IMEE R.","January 23, 2023","BARANGAY, CREATION"
https://ldr.senate.gov.ph/legislative-issuances/senate-bills/bills/senate-bill-no-2376-19th-congress,AN ACT PROVIDING FOR MANDATORY INSURANCE COVERAGE AND BENEFITS FOR ALL LINE WORKERS,LINE WORKERS INSURANCE AND BENEFITS ACT,"TULFO, RAFFY T.","January 8, 2023",LINE WORKERS; INSURANCE; BENEFITS AND INCENTIVES
https://ldr.senate.gov.ph/legislative-issuances/senate-bills/bills/senate-bill-no-2437-19th-congress,AN ACT DECLARING THE MARITIME ZONES UNDER THE JURISDICTION OF THE REPUBLIC OF THE PHILIPPINES,PHILIPPINE MARITIME ZONES ACT,"TULFO, RAFFY T.","December 9, 2023",MARITIME ZONE; ECONOMIC ZONE
https://ldr.senate.gov.ph/legislative-issuances/senate-bills/bills/senate-bill-no-2130-19th-congress,"AN ACT DECLARING CAGAYAN DE ORO RIVER AND ITS IMMEDIATE ENVIRONS LOCATED IN CAGAYAN DE ORO CITY, PROVINCE OF MISAMIS ORIENTAL A CULTURAL HERITAGE ZONE",CAGAYAN DE ORO RIVER CULTURAL HERITAGE ZONE ACT,"LEGARDA, LOREN B.","April 5, 2023",CULTURAL HERITAGE; HERITAGE ZONE
https://ldr.senate.gov.ph/legislative-issuances/senate-bills/bills/senate-bill-no-2194-19th-congress,N/A,NATIONAL MUSEUM OF FILIPINO WOMEN ACT,"LAPID, MANUEL ""LITO"" M.","May 15, 2023",MUSEUM; FILIPINO; WOMEN
https://ldr.senate.gov.ph/legislative-issuances/senate-bills/bills/senate-bill-no-1950-19th-congress,N/A,AGUSAN DEL NORTE GENERAL HOSPITAL AND TRAINING CENTER,"MARCOS, IMEE R.","January 3, 2023","HOSPITALS, CONVERSION"
https://ldr.senate.gov.ph/legislative-issuances/senate-bills/bills/senate-bill-no-1643-19th-congress,"AN ACT REGULATING THE REGISTRATION, LICENSURE, AND PRACTICE OF PHYSICAL THERAPY, AND APPROPRIATING FUNDS THEREFOR",PHILIPPINE PHYSICAL THERAPY LAW,"VILLAR, MARK A.; ESTRADA, JINGGOY E.","September 1, 2023",PHYSICAL THERAPY
https://ldr.senate.gov.ph/legislative-issuances/senate-bills/bills/senate-bill-no-1960-19th-congress,N/A,POVERTY REDUCTION THROUGH SOCIAL ENTREPRENEURSHIP (PRESENT)  ACT,"REVILLA JR., RAMON BONG","June 3, 2023",POVERTY REDUCTION THROUGH SOCIAL ENTREPRENEURSHIP PROGRAM (PRESENT)
https://ldr.senate.gov.ph/legislative-issuances/senate-bills/bills/senate-bill-no-2026-19th-congress,N/A,ESTABLISHING A CENTER FOR AUTISM,"EJERCITO, JOSEPH VICTOR G.","March 21, 2023",AUTISM
https://ldr.senate.gov.ph/legislative-issuances/senate-bills/bills/senate-bill-no-1780-19th-congress,N/A,"ECSCAST-LUPAO CAMPUS, PROVINCE OF IFUGAO","MARCOS, IMEE R.","January 25, 2023",STATE UNIVERSITIES AND COLLEGES (SUCS)
https://ldr.senate.gov.ph/legislative-issuances/senate-bills/bills/senate-bill-no-2098-19th-congress,N/A,DIGITAL LITERACY IN SCHOOLS ACT,"TULFO, RAFFY T.","April 26, 2023",DIGITAL LITERACY; CURRICULUM/CURRICULA; ELEMENTARY EDUCATION/PRIMARY EDUCATION; HIGH SCHOOL
https://ldr.senate.gov.ph/legislative-issuances/senate-bills/bills/senate-bill-no-2162-19th-congress,"AN ACT MANDATING THE FULL REHABILITATION, UPGRADING, AND MAINTENANCE OF ROMAN SUPERHIGHWAY IN THE PROVINCE OF BATAAN","MANDATING THE FULL REHABILITATION, UPGRADING, & MAINTENANCE OF ROMAN SUPERHIGHWAY PROVINCE OF BATAAN","REVILLA JR., RAMON BONG","September 5, 2023","Department of Public Works and Highways (DPWH); ROAD MAINTENANCE; ROAD REPAIR, REHABILITATION, AND IMPROVEMENT"
https://ldr.senate.gov.ph/legislative-issuances/senate-bills/bills/senate-bill-no-2109-19th-congress,N/A,AMENDING R.A. NO. 10361 (BATAS KASAMBAHAY),"GO, CHRISTOPHER LAWRENCE T.","March 5, 2023",BATAS KASAMBAHAY (R.A.NO. 10361); DOMESTIC WORKERS; PRIVATE EMPLOYMENT AGENCIES (PEA)
https://ldr.senate.gov.ph/legislative-issuances/senate-bills/bills/senate-bill-no-2173-19th-congress,N/A,REVISED WAREHOUSE RECEIPTS LAW OF THE PHILIPPINES,"ESTRADA, JINGGOY E.","October 5, 2023",WAREHOUSE RECEIPTS
https://ldr.senate.gov.ph/legislative-issuances/senate-bills/bills/senate-bill-no-1930-19th-congress,N/A,INCLUSION OF ENTREPRENEURSHIP AS A SEPARATE SUBJECT IN THE JUNIOR AND SENIOR HIGH SCHOOL,"VILLAR, CYNTHIA A.","February 27, 2023",ENTREPRENEURSHIP; K12 EDUCATION PROGRAM; CURRICULUM/CURRICULA
https://ldr.senate.gov.ph/legislative-issuances/senate-bills/bills/senate-bill-no-2248-19th-congress,N/A,UPGRADING THE APARRI PROVINCIAL HOSPITAL,"EJERCITO, JOSEPH VICTOR G.","May 25, 2023","HOSPITALS, UPGRADING; DEPARTMENT OF HEALTH (DOH)"
https://ldr.senate.gov.ph/legislative-issuances/senate-bills/bills/senate-bill-no-2004-19th-congress,N/A,PASSIG ISLET AQUA-ECOTOURISM ACT,"MARCOS, IMEE R.","March 14, 2023",ECOLOGICAL TOURISM ZONE/ECOTOURISM SITE
https://ldr.senate.gov.ph/legislative-issuances/senate-bills/bills/senate-bill-no-2067-19th-congress,"AN ACT INSTITUTIONALIZING THE AUTOMATIC INCOME CLASSIFICATION OF PROVINCES, CITIES, AND MUNICIPALITIES, AMENDING FOR THE PURPOSE SECTION 8 OF REPUBLIC ACT NO. 7160, OTHERWISE KNOWN AS THE LOCAL GOVERNMENT CODE OF 1991, AS AMENDED",AUTOMATIC INCOME CLASSIFICATION ACT FOR LOCAL GOVERNMENT UNITS,"GATCHALIAN, WIN","December 4, 2023",INCOME CLASSIFICATION; LOCAL GOVERNMENT UNITS (LGUs); LOCAL GOVERNMENT CODE (R.A.NO. 7160)
https://ldr.senate.gov.ph/legislative-issuances/senate-bills/bills/senate-bill-no-1760-19th-congress,N/A,PUBLIC CREMATORIUM ACT,"TULFO, RAFFY T.","January 25, 2023",CREMATORY/CREMATORIES; PUBLIC CREMATORIUM
https://ldr.senate.gov.ph/legislative-issuances/senate-bills/bills/senate-bill-no-2388-19th-congress,"AN ACT DESIGNATING TWO (2) OF THE EIGHT (8) MEMBERS OF THE NATIONAL LABOR RELATIONS COMMISSION REPRESENTING THE WORKERS ORGANIZATIONS AS REPRESENTATIVES OF LAND-BASED AND SEA-BASED OVERSEAS FILIPINO WORKERS RESPECTIVELY, FURTHER AMENDING FOR THE PURPOSE ARTICLE 213 OF PRESIDENTIAL DECREE NO. 442, AS AMENDED, OTHERWISE KNOWN AS THE LABOR CODE OF THE PHILIPPINES",DESIGNATING TWO (2) MEMBERS OF THE NLRC AS REPRESENTATIVES OF LAND AND SEA-BASED OFWS,"LAPID, MANUEL ""LITO"" M.","July 8, 2023",NATIONAL LABOR RELATIONS COMMISSION (NLRC); OVERSEAS FILIPINO WORKERS (OFW); LABOR CODE OF THE PHILIPPINES (P.D.NO. 442)
https://ldr.senate.gov.ph/legislative-issuances/senate-bills/bills/senate-bill-no-1824-19th-congress,N/A,LAND VALUE CAPTURE ACT,"MARCOS, IMEE R.","January 31, 2023",LAND VALUE CAPTURE
https://ldr.senate.gov.ph/legislative-issuances/senate-bills/bills/senate-bill-no-2141-19th-congress,AN ACT DECLARING AUGUST 9 OF EVERY YEAR AS THE PHILIPPINES-ISRAEL FRIENDSHIP DAY,PHILIPPINE-ISRAEL FRIENDSHIP DAY,"VILLANUEVA, JOEL","August 5, 2023",PHILIPPINE-ISRAEL FRIENDSHIP DAY
https://ldr.senate.gov.ph/legislative-issuances/senate-bills/bills/senate-bill-no-1833-19th-congress,"AN ACT PROVIDING FOR A BILL OF RIGHTS FOR AIR PASSENGERS, PENALIZING VIOLATIONS THEREOF, AND FOR OTHER PURPOSES",AIR PASSENGER BILL OF RIGHTS ACT OF 2023,"REVILLA JR., RAMON BONG","February 2, 2023",AIRLINE PASSENGERS BILL OF RIGHTS
https://ldr.senate.gov.ph/legislative-issuances/senate-bills/bills/senate-bill-no-1897-19th-congress,N/A,AMENDING R.A. NO. 6977 (MAGNA CARTA FOR SMALL ENTEPRISES),"REVILLA JR., RAMON BONG","February 16, 2023","MAGNA CARTA FOR SMALL ENTERPRISES; MAGNA CARTA FOR MICRO, SMALL AND MEDIUM-SCALE ENTERPRISES (R.A.NO. 6977)"
https://ldr.senate.gov.ph/legislative-issuances/senate-bills/bills/senate-bill-no-1654-19th-congress,N/A,AMENDING R.A. NO. 9497 (CIVIL AVIATION AUTHORITY ACT OF 2008),"REVILLA JR., RAMON BONG","December 1, 2023",CIVIL AVIATION AUTHORITY OF THE PHILIPPINES
https://ldr.senate.gov.ph/legislative-issuances/senate-bills/bills/senate-bill-no-1971-19th-congress,N/A,"REVISING AND STRENGTHENING THE DEFINITION OF THE CRIME OF RAPE, AMENDING AND REPEALING ACT NO. 3815","EJERCITO, JOSEPH VICTOR G.","July 3, 2023",rape; REVISED PENAL CODE (R.A.NO. 3815)
https://ldr.senate.gov.ph/legislative-issuances/senate-bills/bills/senate-bill-no-1727-19th-congress,N/A,INTEGRATING NATIONAL BUILDING CODE TO THE ENGINEERING AND ARCHITECTURE CURRICULUM,"VILLAR, MARK A.","January 23, 2023",NATIONAL BUILDING CODE OF THE PHILIPPINES; CURRICULUM/CURRICULA
https://ldr.senate.gov.ph/legislative-issuances/senate-bills/bills/senate-bill-no-1984-19th-congress,"AN ACT SEPARATING THE JOSE ABAD SANTOS NATIONAL HIGH SCHOOL - TABAYON EXTENSION IN BARANGAY TABAYON, MUNICIPALITY OF JOSE ABAD SANTOS, PROVINCE OF DAVAO OCCIDENTAL FROM THE JOSE ABAD SANTOS NATIONAL HIGH SCHOOL, CONVERTING IT INTO AN INDEPENDENT NATIONAL HIGH SCHOOL TO BE KNOWN AS TABAYON NATIONAL HIGH SCHOOL AND APPROPRIATING FUNDS THEREFOR",TABAYON NATIONAL HIGH SCHOOL,"MARCOS, IMEE R.","August 3, 2023","SCHOOLS, CONVERSION"
https://ldr.senate.gov.ph/legislative-issuances/senate-bills/bills/senate-bill-no-2120-19th-congress,N/A,ADVANCED STUDIES DEVELOPMENT PROGRAM FOR EXCEPTIONAL GOVERNMENT EMPLOYEES,"VILLAR, MARK A.","March 5, 2023",ADVANCED STUDIES DEVELOPMENT PROGRAM; GOVERNMENT EMPLOYEES
https://ldr.senate.gov.ph/legislative-issuances/senate-bills/bills/senate-bill-no-2184-19th-congress,N/A,EXTENDING THE LIFE OF THE PHILIPPINE AEROSPACE DEVELOPMENT CORPORATION (PADC),"DELA ROSA, RONALD ""BATO""","May 15, 2023",PHILIPPINE AEROSPACE DEVELOPMENT CORPORATION (PADC)
https://ldr.senate.gov.ph/legislative-issuances/senate-bills/bills/senate-bill-no-1873-19th-congress,N/A,TRAFFIC LIGHT TIMER ACT,"TULFO, RAFFY T.","February 13, 2023",TRAFFIC LIGHTS
https://ldr.senate.gov.ph/legislative-issuances/senate-bills/bills/senate-bill-no-2258-19th-congress,N/A,THE TEACHER MENTAL HEALTH AND WELLNESS ACT OF 2023,"VILLAR, MARK A.","May 29, 2023",TEACHERS; MENTAL HEALTH
https://ldr.senate.gov.ph/legislative-issuances/senate-bills/bills/senate-bill-no-1696-19th-congress,N/A,"MAGNA CARTA FOR BARANGAY OFFICIALS, PERSONNEL AND VOLUNTEER WORKERS","TULFO, RAFFY T.","January 18, 2023",MAGNA CARTA FOR BARANGAY OFFICIALS
https://ldr.senate.gov.ph/legislative-issuances/senate-bills/bills/senate-bill-no-1770-19th-congress,N/A,"BARANGAY IBAYONG, PROVINCE  OF IFUGAO","MARCOS, IMEE R.","January 25, 2023","BARANGAY, CREATION"
https://ldr.senate.gov.ph/legislative-issuances/senate-bills/bills/senate-bill-no-2396-19th-congress,"AN ACT PROHIBITING DISCRIMINATION, MARGINALIZATION, AND VIOLENCE COMMITTED ON THE BASIS OF SEXUAL ORIENTATION OR GENDER IDENTITY OR EXPRESSION (SOGIE) AND PROVIDING PENALTIES THEREFOR",SOGIE-BASED ANTI-DISCRIMINATION ACT,"MARCOS, IMEE R.","August 8, 2023",SOGIESC EQUALITY; ANTI-DISCRIMINATION
https://ldr.senate.gov.ph/legislative-issuances/senate-bills/bills/senate-bill-no-2152-19th-congress,"AN ACT PROVIDING FOR THE MODERNIZATION OF THE PHILIPPINE INSTITUTE OF VOLCANOLOGY AND SEISMOLOGY (PHIVOLCS), PROVIDING FUNDS THEREFOR AND FOR OTHER PURPOSES",PHIVOLCS MODERNIZATION ACT,"ESTRADA, JINGGOY E.","September 5, 2023",PHILIPPINE INSTITUTE OF  VOLCANOLOGY AND SEISMOLOGY (PHIVOLCS)
https://ldr.senate.gov.ph/legislative-issuances/senate-bills/bills/senate-bill-no-1844-19th-congress,N/A,SINGLE-USE PLASTIC BAGS TAX ACT,"TULFO, RAFFY T.","June 2, 2023",SINGLE-USE PLASTIC; TAXES (EXCISE TAX); NATIONAL INTERNAL REVENUE CODE (NIRC)
https://ldr.senate.gov.ph/legislative-issuances/senate-bills/bills/senate-bill-no-2227-19th-congress,N/A,MOUNT APO NATURAL PARK (MANP) WILDLIFE CONSERVATION AND RESCUE CENTER ACT,"VILLAR, CYNTHIA A.","May 23, 2023",PROTECTED AREA/PROTECTED LANDSCAPE; WILDLIFE RESOURCES CONSERVATION AND PROTECTION
https://ldr.senate.gov.ph/legislative-issuances/senate-bills/bills/senate-bill-no-1664-19th-congress,N/A,PENALIZING PERSONS WHO SHALL COMMIT PROHIBITED ACTS DURING A STATE OF PUBLIC HEALTH EMERGENCY,"MARCOS, IMEE R.","December 1, 2023",STATE OF PUBLIC HEALTH EMERGENCY; PANDEMIC
https://ldr.senate.gov.ph/legislative-issuances/senate-bills/bills/senate-bill-no-2292-19th-congress,"AN ACT TO MANDATE ALL COLLEGE INSTITUTIONS TO RECOGNIZE AND GIVE HONORS TO STUDENTS THAT ATTAINED THE REQUIRED GRADE, AND DISALLOWING THE DISQUALIFICATION THEREOF ON THE GROUND OF FAILURE TO OBTAIN THE NECESSARY GRADE FOR A SPECIFIC SUBJECT, PROVIDING FOR A RETROACTIVE EFFECT",RECOGNITION OF HONORS ACHIEVEMENT ACT,"VILLAR, MARK A.","April 7, 2023",RECOGNITION OF HONORS; GRADUATING STUDENTS; SCHOOLS (PUBLIC AND PRIVATE); ACADEMIC EXCELLENCE
https://ldr.senate.gov.ph/legislative-issuances/senate-bills/bills/senate-bill-no-1855-19th-congress,AN ACT PROHIBITING GAME-FIXING AND PROVIDING PENALTIES FOR VIOLATIONS THEREFOR,ANTI GAME-FIXING ACT,"VILLAR, MARK A.","September 2, 2023",GAME-FIXING
https://ldr.senate.gov.ph/legislative-issuances/senate-bills/bills/senate-bill-no-1919-19th-congress,N/A,CHARTER OF THE CITY OF MALAY,"MARCOS, IMEE R.","February 22, 2023","MUNICIPALITY, CONVERSION (CITYHOOD)"
https://ldr.senate.gov.ph/legislative-issuances/senate-bills/bills/senate-bill-no-2237-19th-congress,N/A,"CONVERSION OF SAN SIMON ROAD, DALANDANAN, IN THE CITY OF VALENZUELA, INTO A NATIONAL ROAD","MARCOS, IMEE R.","May 24, 2023","ROADS, CONVERSION"
https://ldr.senate.gov.ph/legislative-issuances/senate-bills/bills/senate-bill-no-1675-19th-congress,"AN ACT ENHANCING ACCESSIBILITY IN THE VOTING OF SENIOR CITIZENS, PERSONS WITH DISABILITIES, PREGNANT WOMEN, AND INDIGENOUS PEOPLES, AMENDING FOR THE PURPOSE REPUBLIC ACT NO. 10366, OTHERWISE KNOWN AS AN ACT AUTHORIZING THE COMMISSION ON ELECTIONS TO ESTABLISH PRECINTS ASSIGNED TO ACCESSIBLE POLLING PLACES EXCLUSIVELY FOR PERSONS WITH DISABILITIES AND SENIOR CITIZENS, PROVIDING FUNDS THEREFOR, AND FOR OTHER PURPOSES","BETTER VOTING ACCESSIBILITY FOR SENIOR, PWDS, PREGNANT WOMEN, AND IPS ACT","VILLAR, MARK A.","December 1, 2023",SENIOR CITIZEN/ELDERLY; PERSONS WITH DISABILITIES (PWDS); INDIGENOUS PEOPLE; COMMISSION ON ELECTION (COMELEC)
https://ldr.senate.gov.ph/legislative-issuances/senate-bills/bills/senate-bill-no-2303-19th-congress,AN ACT PROVIDING MANDATORY INSURANCE COVERAGE AND OTHER BENEFITS FOR ALL LINE WORKERS,LINE WORKERS INSURANCE AND BENEFITS ACT,"ESCUDERO, FRANCIS G.","December 7, 2023",ELECTRICAL  LINE WORKERS/LINEMEN; INSURANCE; BENEFITS AND INCENTIVES
https://ldr.senate.gov.ph/legislative-issuances/senate-bills/bills/senate-bill-no-2057-19th-congress,N/A,"DECLARING BARANGAY KAPATAGAN IN THE CITY OF DIGOS, DAVAO DEL SUR, AN ECOTOURISM SITE","TULFO, RAFFY T.","November 4, 2023",ECOTOURISM SITES
https://ldr.senate.gov.ph/legislative-issuances/senate-bills/bills/senate-bill-no-2377-19th-congress,"N ACT ESTABLISHING A FRAMEWORK FOR BLUE ECONOMY, PROMOTING STEWARDSHIP AND SUSTAINABLE DEVELOPMENT OF COASTAL AND MARINE ECOSYSTEMS AND RESOURCES",BLUE ECONOMY ACT,"ESTRADA, JINGGOY E.","January 8, 2023",COASTAL AND MARINE ECOSYSTEM; BLUE ECONOMY
https://ldr.senate.gov.ph/legislative-issuances/senate-bills/bills/senate-bill-no-1814-19th-congress,N/A,MAHARLIKA INVESTMENT FUND ACT,"TULFO, RAFFY T.","January 31, 2023",MAHARLIKA INVESTMENT FUND
https://ldr.senate.gov.ph/legislative-issuances/senate-bills/bills/senate-bill-no-2143-19th-congress,"AN ACT ESTABLISHING EVACUATION CENTERS IN EVERY CITY AND MUNICIPALITY, AND APPROPRIATING FUNDS THEREFOR",EVACUATION CENTERS ACT,"LEGARDA, LOREN B.; ESTRADA, JINGGOY E.","September 5, 2023",EVACUATION CENTER
https://ldr.senate.gov.ph/legislative-issuances/senate-bills/bills/senate-bill-no-1835-19th-congress,"AN ACT DECLARING AUGUST 11 OF EVERY YEAR A SPECIAL NON-WORKING HOLIDAY IN THE PROVINCE OF SAMAR TO BE KNOWN AS SAMAR DAY, IN COMMEMORATION OF ITS FOUNDATION DAY",ADLAW HAN SAMAR ACT,"LAPID, MANUEL ""LITO"" M.","June 2, 2023",HOLIDAYS (SPECIAL NON-WORKING)
https://ldr.senate.gov.ph/legislative-issuances/senate-bills/bills/senate-bill-no-1899-19th-congress,N/A,PROVINCE OF BENGUET AS THE STRAWBERRY CAPITAL OF THE PHILIPPINES,"MARCOS, IMEE R.","February 20, 2023",STRAWBERRY
https://ldr.senate.gov.ph/legislative-issuances/senate-bills/bills/senate-bill-no-2217-19th-congress,N/A,AMENDING SECTIONS 27 AND 28 OF R.A. NO. 9165  (COMPREHENSIVE DANGEROUS DRUGS ACT),"PADILLA, ROBINHOOD C.","May 18, 2023",COMPREHENSIVE DANGEROUS DRUGS ACT OF 2002 (R.A.NO. 9165); Death penalty; ARMED FORCES OF THE PHILIPPINES (AFP); PHILIPPINE NATIONAL POLICE (PNP); LAW ENFORCEMENT OFFICERS/LAW ENFORCEMENT AGENCY/LAW ENFORCEMENT OPERATIONS
https://ldr.senate.gov.ph/legislative-issuances/senate-bills/bills/senate-bill-no-1656-19th-congress,"AN ACT TO DESIGNATE SEPTEMBER AS PHILIPPINE FILM INDUSTRY MONTH AND MANDATE THE FILM DEVELOPMENT COUNCIL OF THE PHILIPPINES TO CONDUCT EVENTS ON VARIOUS FILM-RELATED DISCIPLINES DURING ITS CELEBRATION, TO APPROPRIATE FUNDS THEREFOR, AND FOR OTHER PURPOSES",PHILIPPINE FILM INDUSTRY MONTH OF 2022,"REVILLA JR., RAMON BONG","December 1, 2023",PHILIPPINE FILM INDUSTRY
https://ldr.senate.gov.ph/legislative-issuances/senate-bills/bills/senate-bill-no-1973-19th-congress,N/A,EMERGENCY MEDICAL SERVICES SYSTEM (EMSS) ACT,"EJERCITO, JOSEPH VICTOR G.","July 3, 2023",EMERGENCY MEDICAL SERVICES SYSTEM (EMSS)
https://ldr.senate.gov.ph/legislative-issuances/senate-bills/bills/senate-bill-no-1793-19th-congress,N/A,FREE PROFESSIONAL EXAMINATION ACT OF 2023,"REVILLA JR., RAMON BONG","January 30, 2023",INDIGENOUS PEOPLE; PROFESSIONAL LICENSURE EXAMINATIONS
https://ldr.senate.gov.ph/legislative-issuances/senate-bills/bills/senate-bill-no-2111-19th-congress,AN ACT DEFINING THE SCOPE AND EXTENT OF THE FISCAL AUTONOMY OF THE JUDICIAL BRANCH OF GOVERNMENT AND FOR OTHER PURPOSES,THE FISCAL AUTONOMY ACT OF JUDICIAL BRANCH OF GOVERNMENT,"GO, CHRISTOPHER LAWRENCE T.","March 5, 2023",FISCAL AUTONOMY; JUDICIARY
https://ldr.senate.gov.ph/legislative-issuances/senate-bills/bills/senate-bill-no-2175-19th-congress,"AN ACT ESTABLISHING A TECHNICAL EDUCATION AND SKILLS DEVELOPMENT AUTHORITY (TESDA) TRAINING AND ASSESSMENT CENTER IN THE CITY OF MAASIN, PROVINCE OF SOUTHERN LEYTE, TO BE KNOWN AS THE MAASIN CITY TESDA TRAINING AND ASSESSMENT CENTER, AND APPROPRIATING FUNDS THEREFOR",MAASIN CITY TESDA TRAINING AND ASSESSMENT CENTER ACT,"TULFO, RAFFY T.","October 5, 2023",TECHNICAL EDUCATION AND SKILLS DEVELOPMENT AUTHORITY (TESDA); TESDA TRAINING AND ASSESSMENT CENTER
https://ldr.senate.gov.ph/legislative-issuances/senate-bills/bills/senate-bill-no-1634-19th-congress,"AN ACT PROVIDING FOR A MORE RESPONSIVE AND COMPREHENSIVE REGULATION FOR THE LICENSING, REGISTRATION, CERTIFICATION AND PRACTICE OF ENVIRONMENTAL AND SANITARY ENGINEERS, ENVIRONMENTAL AND SANITARY ENGINEERING TECHNOLOGISTS AND ENVIRONMENTAL AND SANITARY ENGINEERING TECHNICIANS IN THE PHILIPPINES, FOR THE PURPOSE OF AMENDING REPUBLIC ACT 1364, AND FOR OTHER PURPOSES",ENVIRONMENTAL AND SANITARY ENGINEERING ACT,"EJERCITO, JOSEPH VICTOR G.","April 1, 2023",ENVIRONMENTAL AND SANITARY ENGINEERING
https://ldr.senate.gov.ph/legislative-issuances/senate-bills/bills/senate-bill-no-2262-19th-congress,N/A,CONVERTING THE CIRCUMFERENTIAL ROAD OF 9 ISLAND BARANGAYS OF SURIGAO DEL NORTE INTO A NATIONAL ROAD,"MARCOS, IMEE R.","May 29, 2023","ROADS, CIRCUMFERENTIAL ROAD CONSTRUCTION; ROADS, CONVERSION"
https://ldr.senate.gov.ph/legislative-issuances/senate-bills/bills/senate-bill-no-1698-19th-congress,N/A,BICYCLE ACT OF 2023,"TULFO, RAFFY T.","January 18, 2023",BICYCLE
https://ldr.senate.gov.ph/legislative-issuances/senate-bills/bills/senate-bill-no-1772-19th-congress,N/A,DINAGAT PROVINCIAL TESDA TRAINING AND ASSESSMENT CENTER ACT,"MARCOS, IMEE R.","January 25, 2023",TECHNICAL EDUCATION AND SKILLS DEVELOPMENT AUTHORITY (TESDA)
https://ldr.senate.gov.ph/legislative-issuances/senate-bills/bills/senate-bill-no-2398-19th-congress,"AN ACT FURTHER AMENDING SECTION 32 OF REPUBLIC ACT NO. 8424, OTHERWISE KNOWN AS THE NATIONAL INTERNAL REVENUE CODE OF 1997, AS AMENDED, AND FOR OTHER PURPOSES",AMENDING SEC. 32 OF R.A. NO. 8434 (NATIONAL INTERNAL REVENUE CODE),"GATCHALIAN, WIN","September 8, 2023",Public school teachers; BENEFITS AND INCENTIVES; NATIONAL INTERNAL REVENUE CODE (NIRC); ELECTIONS
https://ldr.senate.gov.ph/legislative-issuances/senate-bills/bills/senate-bill-no-2154-19th-congress,N/A,DECLARING THE IMMEDIATE ENVIRONS OF SAINT MARY MAGDALENE PARISH CHURCH A TOURISM DESTINATION,"REVILLA JR., RAMON BONG","September 5, 2023",TOURISM DESTINATION; CHURCHES
https://ldr.senate.gov.ph/legislative-issuances/senate-bills/bills/senate-bill-no-1846-19th-congress,"AN ACT PROTECTING CONSUMERS AND MERCHANTS ENGAGED IN INTERNET TRANSACTIONS, CREATING FOR THIS PURPOSE THE ELECTRONIC COMMERCE BUREAU, APPROPRIATING FUNDS THEREFOR, AND FOR OTHER PURPOSES",INTERNET TRANSACTIONS ACT OF 2023,"MARCOS, IMEE R.; GATCHALIAN, WIN; VILLAR, MARK A.; VILLANUEVA, JOEL; LEGARDA, LOREN B.; VILLAR, CYNTHIA A.; ESTRADA, JINGGOY E.; PADILLA, ROBINHOOD C.; REVILLA JR., RAMON BONG; GO, CHRISTOPHER LAWRENCE T.; ZUBIRI, JUAN MIGUEL ""MIGZ"" F.","June 2, 2023",INTERNET TRANSACTIONS; E-COMMERCE BUREAU
https://ldr.senate.gov.ph/legislative-issuances/senate-bills/bills/senate-bill-no-1910-19th-congress,N/A,BARANGAY SKILLED WORKERS REGISTRY ACT,"VILLAR, MARK A.","February 21, 2023",BARANGAY SKILLED WORKERS
https://ldr.senate.gov.ph/legislative-issuances/senate-bills/bills/senate-bill-no-1666-19th-congress,"AN ACT STRENGTHENING THE PHILIPPINE CROP INSURANCE CORPORATION (PCIC), REPEALING FOR THE PURPOSE PRESIDENTIAL DECREE NO. 1467, ENTITLED CREATING THE 'PHILIPPINE CROP INSURANCE CORPORATION PRESCRIBING ITS POWERS AND ACTIVITIES, PROVIDING FOR ITS CAPITALIZATION AND FOR THE REQUIRED GOVERNMENT PREMIUM SUBSIDY, AND FOR OTHER PURPOSES, AS AMENDED BY PRESIDENTIAL DECREE NO. 1733 AND REPUBLIC ACT NO. 8175",REVISED CHARTER OF THE PHILIPPINE CROP INSURANCE CORPORATION,"MARCOS, IMEE R.","December 1, 2023",PHILIPPINE CROP INSURANCE CORPORATION
https://ldr.senate.gov.ph/legislative-issuances/senate-bills/bills/senate-bill-no-2294-19th-congress,AN ACT DECLARING THE MARITIME ZONES UNDER THE JURISDICTION OF THE REPUBLIC OF THE PHILIPPINES,PHILIPPINE MARITIME ZONES ACT,"VILLANUEVA, JOEL; TOLENTINO, FRANCIS ""TOL"" N.","December 7, 2023",MARITIME ZONE; ARCHIPELAGIC BASELINES OF THE PHILIPPINES
https://ldr.senate.gov.ph/legislative-issuances/senate-bills/bills/senate-bill-no-1980-19th-congress,N/A,GENDER RESPONSIVE AND INCLUSIVE EMERGENCY MANAGEMENT ACT OF 2023,"HONTIVEROS, RISA","July 3, 2023",GENDER RESPONSIVE AND INCLUSIVE PANDEMIC AND DISASTER MANAGEMENT
https://ldr.senate.gov.ph/legislative-issuances/senate-bills/bills/senate-bill-no-2048-19th-congress,N/A,FILM AND LIVE EVENTS RECOVERY ACT,"PADILLA, ROBINHOOD C.","March 29, 2023",FILM/MOVIE INDUSTRY; MUSIC INDUSTRY; LOCAL GOVERNMENT CODE (R.A.NO. 7160)
https://ldr.senate.gov.ph/legislative-issuances/senate-bills/bills/senate-bill-no-1741-19th-congress,N/A,"MAYOYAO, FUGAO PROVINCE TESDA TRAINING AND ASSESSMENT CENTER ACT","MARCOS, IMEE R.","January 23, 2023",TESDA TRAINING AND ASSESSMENT CENTER
https://ldr.senate.gov.ph/legislative-issuances/senate-bills/bills/senate-bill-no-2122-19th-congress,N/A,WASTE WORKERS' HEALTH AND WELFARE ACT OF 2023,"VILLAR, MARK A.","March 5, 2023",WORKERS HEALTH AND WELLNESS; WASTE (SEWAGE SLUDGE/INDUSTRIAL WASTE)
https://ldr.senate.gov.ph/legislative-issuances/senate-bills/bills/senate-bill-no-2186-19th-congress,N/A,"FRESH GRADUATES PHP 5,000 ONE-TIME CASH GRANT ACT OF 2023","VILLAR, CYNTHIA A.","May 15, 2023",FIRST TIME JOBSEEKERS; CASH ASSISTANCE; FRESH GRADUATES INCENTIVES; TERTIARY EDUCATION
https://ldr.senate.gov.ph/legislative-issuances/senate-bills/bills/senate-bill-no-1874-19th-congress,N/A,"AMENDING SEC. 13, ART. XVI OF R. A. NO. 11054 (ORGANIC LAW FOR THE BARMM)","TULFO, RAFFY T.","February 13, 2023",BANGSAMORO AUTONOMOUS REGION IN MUSLIM MINDANAO
https://ldr.senate.gov.ph/legislative-issuances/senate-bills/bills/senate-bill-no-2133-19th-congress,N/A,DIGNITY FOR WOMEN DEPRIVED OF LIBERTY ACT,"LEGARDA, LOREN B.","April 5, 2023",WOMEN; PERSONS DEPRIVED OF LIBERTY (PDL); JAIL FACILITY/PRISON FACILITY
https://ldr.senate.gov.ph/legislative-issuances/senate-bills/bills/senate-bill-no-2208-19th-congress,N/A,NAMRIA MODERNIZATION ACT,"VILLAR, CYNTHIA A.","May 17, 2023",NATIONAL MAPPING AND RESOURCE INFORMATION AUTHORITY (NAMRIA)
https://ldr.senate.gov.ph/legislative-issuances/senate-bills/bills/senate-bill-no-1646-19th-congress,N/A,CAAP DEVELOPMENT AND MODERNIZATION FUND ACT OF 2023,"REVILLA JR., RAMON BONG","October 1, 2023",CIVIL AVIATION AUTHORITY OF THE PHILIPPINES
https://ldr.senate.gov.ph/legislative-issuances/senate-bills/bills/senate-bill-no-2272-19th-congress,"AN ACT AMENDING SECTIONS 3, 17, AND 43 OF REPUBLIC ACT NO. 9184, OTHERWISE KNOWN AS THE GOVERNMENT PROCUREMENT REFORM ACT, PROVIDING FOR THE REQUIREMENTS OF FULL TRANSPARENCY AND FULL DISCLOSURE IN THE SUPPLY AGREEMENTS OR PURCHASE IN CONTRACTS ENTERED INTO BY THE GOVERNMENT OF THE PHILIPPINES (GOP), AND FOR OTHER PURPOSES","AMENDING SECS. 3, 17, AND 43, OF R.A. NO. 9184, (THE GOVERNMENT PROCUREMENT REFORM ACT)","TOLENTINO, FRANCIS ""TOL"" N.","January 6, 2023",Government procurement; PROCUREMENT LAW
https://ldr.senate.gov.ph/legislative-issuances/senate-bills/bills/senate-bill-no-1963-19th-congress,"AN ACT ESTABLISHING ANTI-AGRICULTURAL SMUGGLING COURT, GRANTING THEM EXCLUSIVE ORIGINAL JURISDICTION OVER CASES INVOLVING AGRICULTURAL PRODUCTS, APPROPRIATING FUNDS THEREFOR AND FOR OTHER PURPOSES",ANTI-AGRICULTURAL SMUGGLING COURTS ACT OF 2023,"VILLAR, CYNTHIA A.; BINAY, MARIA LOURDES NANCY S.","June 3, 2023",ANTI-AGRICULTURAL SMUGGLING
https://ldr.senate.gov.ph/legislative-issuances/senate-bills/bills/senate-bill-no-2021-19th-congress,N/A,INSTITUTIONALIZING THE SHARED SERVICE FACILITIES (SSF) PROJECT FOR MSMES,"ANGARA, SONNY","March 20, 2023","MAGNA CARTA FOR MICRO, SMALL AND MEDIUM-SCALE ENTERPRISES (R.A.NO. 6977); SHARED SERVICE FACILITIES (SSF) PROJECT"
https://ldr.senate.gov.ph/legislative-issuances/senate-bills/bills/senate-bill-no-1719-19th-congress,N/A,SOCIAL BENEFIT CORPORATION ACT OF 2023,"MARCOS, IMEE R.","January 19, 2023",CORPORATION CODE; SOCIAL BENEFIT CORPORATION
https://ldr.senate.gov.ph/legislative-issuances/senate-bills/bills/senate-bill-no-1783-19th-congress,N/A,"CONVERTING THE BESAO, MOUNTAIN PROVINCE - TUBO, ABRA ROAD INTO A NATIONAL ROAD","MARCOS, IMEE R.","January 25, 2023","ROADS, CONVERSION"
https://ldr.senate.gov.ph/legislative-issuances/senate-bills/bills/senate-bill-no-2101-19th-congress,N/A,STUDENT LOAN PAYMENT MORATORIUM DURING DISASTERS AND EMERGENCIES ACT,"TULFO, RAFFY T.","April 26, 2023",STUDENT LOAN PROGRAM; MORATORIUM
https://ldr.senate.gov.ph/legislative-issuances/senate-bills/bills/senate-bill-no-2166-19th-congress,"AN ACT INCREASING THE BED CAPACITY OF THE WAO DISTRICT HOSPITAL, PROVINCE OF LANAO DEL SUR, FROM TWENTY-FIVE (25) TO ONE HUNDRED (100) BEDS, AMENDING FOR THE PURPOSE REPUBLIC ACT NO. 3607, AND APPROPRIATING FUNDS THEREFOR","INCREASING THE BED CAPACITY OF THE WAO DISTRICT HOSPITAL, PROVINCE OF LANAO DEL SUR","MARCOS, IMEE R.","September 5, 2023","BED CAPACITY AND SERVICE CAPABILITY; HOSPITALS, INCREASE BED CAPACITY"
https://ldr.senate.gov.ph/legislative-issuances/senate-bills/bills/senate-bill-no-1857-19th-congress,N/A,GREEN PUBLIC PROCUREMENT ACT,"VILLAR, MARK A.","September 2, 2023",GREEN PUBLIC PROCUREMENT
https://ldr.senate.gov.ph/legislative-issuances/senate-bills/bills/senate-bill-no-1921-19th-congress,N/A,PUBLIC SCHOOL TEACHERS' HOSPITAL BENEFITS ACT OF 2023,"TULFO, RAFFY T.","February 22, 2023",Public school teachers; BENEFITS AND INCENTIVES
https://ldr.senate.gov.ph/legislative-issuances/senate-bills/bills/senate-bill-no-1677-19th-congress,N/A,BAYANING ATLETANG FILIPINO ACT,"VILLAR, MARK A.","December 1, 2023",ATHLETES; ENDOWMENT FUND; BAYANING ATLETANG FILIPINO
https://ldr.senate.gov.ph/legislative-issuances/senate-bills/bills/senate-bill-no-2059-19th-congress,N/A,MAGNA CARTA OF THE OUT-OF-SCHOOL YOUTH,"TULFO, RAFFY T.","November 4, 2023",MAGNA CARTA OF THE OUT-OF-SCHOOL YOUTH
https://ldr.senate.gov.ph/legislative-issuances/senate-bills/bills/senate-bill-no-2379-19th-congress,"AN ACT GIVING SENIOR CITIZENS A TWENTY PERCENT (20%) DISCOUNT ON TRAVEL TAX, FURTHER AMENDING FOR THIS PURPOSE REPUBLIC ACT NO. 7432, OTHERWISE KNOWN AS AN ACT TO MAXIMIZE THE CONTRIBUTION OF SENIOR CITIZENS TO NATION BUILDING, GRANT BENEFITS AND SPECIAL PRIVILEGES AND FOR OTHER PURPOSES",20% TRAVEL TAX DISCOUNT FOR SENIOR CITIZENS,"ESTRADA, JINGGOY E.","January 8, 2023",TRAVEL TAX; DISCOUNT PRIVILEGES; SENIOR CITIZEN/ELDERLY
https://ldr.senate.gov.ph/legislative-issuances/senate-bills/bills/senate-bill-no-1816-19th-congress,N/A,COMBAT INCENTIVES ACT,"TULFO, RAFFY T.","January 31, 2023",COMBAT DUTY PAY; ARMED FORCES OF THE PHILIPPINES (AFP); PHILIPPINE NATIONAL POLICE (PNP); PHILIPPINE COAST GUARD
https://ldr.senate.gov.ph/legislative-issuances/senate-bills/bills/senate-bill-no-1763-19th-congress,N/A,PROMOTING CORPORATIVE FARMING,"TULFO, RAFFY T.","January 25, 2023",CORPORATE FARMING/CORPORATIVE FARMING
https://ldr.senate.gov.ph/legislative-issuances/senate-bills/bills/senate-bill-no-2391-19th-congress,AN ACT DECLARING MAY 8 AS THE PUBLIC LAND TRANSPORTATION WORKERS DAY,PUBLIC LAND TRANSPORTATION WORKERS DAY ACT,"VILLAR, CYNTHIA A.","July 8, 2023",PUBLIC LAND TRANSPORTATION WORKERS
https://ldr.senate.gov.ph/legislative-issuances/senate-bills/bills/senate-bill-no-1827-19th-congress,N/A,EXPANDING THE PROHIBITED ACTS OF DISCRIMINATION AGAINST WOMEN ON ACCOUNT OF SEX,"LAPID, MANUEL ""LITO"" M.","January 2, 2023",WOMEN; LABOR CODE OF THE PHILIPPINES (P.D.NO. 442); ANTI-DISCRIMINATION
https://ldr.senate.gov.ph/legislative-issuances/senate-bills/bills/senate-bill-no-2080-19th-congress,N/A,CREATING THE ISABELA TOURISM COUNCIL,"TULFO, RAFFY T.","April 19, 2023",TOURISM DEVELOPMENT AREA (TDA)
https://ldr.senate.gov.ph/legislative-issuances/senate-bills/bills/senate-bill-no-2144-19th-congress,N/A,AMENDING R.A. NO 7279 (THE URBAN DEVELOPMENT AND HOUSING ACT OF 1992),"ESTRADA, JINGGOY E.","September 5, 2023",URBAN DEVELOPMENT AND HOUSING ACT (R.A.NO. 7279); SOCIAL HOUSING PROGRAM
https://ldr.senate.gov.ph/legislative-issuances/senate-bills/bills/senate-bill-no-1836-19th-congress,"AN ACT DECLARING FEBRUARY 21 OF EVERY YEAR A SPECIAL NON-WORKING HOLIDAY IN THE PROVINCE OF MARINDUQUE TO BE KNOWN AS ARAW NG MARINDUQUE, IN COMMEMORATION OF ITS FOUNDING ANNIVERSARY",ARAW NG MARINDUQUE,"LAPID, MANUEL ""LITO"" M.","June 2, 2023",HOLIDAYS (SPECIAL NON-WORKING)
https://ldr.senate.gov.ph/legislative-issuances/senate-bills/bills/senate-bill-no-1900-19th-congress,N/A,WANGAL INTEGRATED SCHOOL,"MARCOS, IMEE R.","February 20, 2023","SCHOOLS, CONVERSION"
https://ldr.senate.gov.ph/legislative-issuances/senate-bills/bills/senate-bill-no-1657-19th-congress,N/A,PEOPLES PARTICIPATION IN INDUSTRY CLUSTER-BASED PROGRAMS AND PROJECT ACT,"REVILLA JR., RAMON BONG","December 1, 2023",INDUSTRY CLUSTER-BASED PROGRAMS/PROJECTS; PEOPLES PARTICIPATION
https://ldr.senate.gov.ph/legislative-issuances/senate-bills/bills/senate-bill-no-1974-19th-congress,AN ACT PROVIDING FOR THE ENABLING ENVIRONMENT TO FOSTER THE GROWTH OF PUBLIC-PRIVATE PARTNERSHIPS FOR INFRASTRUCTURE AND OTHER DEVELOPMENT PROJECTS,PUBLIC-PRIVATE PARTNERSHIP (PPP) ACT,"EJERCITO, JOSEPH VICTOR G.","July 3, 2023",PUBLIC-PRIVATE PARTNERSHIP (PPP) PROJECTS
https://ldr.senate.gov.ph/legislative-issuances/senate-bills/bills/senate-bill-no-1794-19th-congress,N/A,ZERO FOOD WASTE ACT,"REVILLA JR., RAMON BONG","January 30, 2023",ZERO FOOD WASTE; FOOD RECYCLING
https://ldr.senate.gov.ph/legislative-issuances/senate-bills/bills/senate-bill-no-2112-19th-congress,"AN ACT MODERNIZING THE PHILIPPINE COAST GUARD, CREATING FOR THE PURPOSE THE PHILIPPINE COAST GUARD MODERNIZATION TRUST FUND AND APPROPRIATING FUNDS THEREFOR",PHILIPPINE COAST GUARD MODERNIZATION ACT,"GO, CHRISTOPHER LAWRENCE T.","March 5, 2023",PHILIPPINE COAST GUARD; trust fund
https://ldr.senate.gov.ph/legislative-issuances/senate-bills/bills/senate-bill-no-2176-19th-congress,"AN ACT ESTABLISHING A TECHNICAL EDUCATION AND SKILLS DEVELOPMENT AUTHORITY (TESDA) TRAINING CENTER IN THE MUNICIPALITY OF ISULAN, PROVINCE OF SULTAN KUDARAT, AND APPROPRIATING FUNDS THEREFOR",SULTAN KUDARAT PROVINCIAL TESDA TRAINING CENTER ACT,"TULFO, RAFFY T.","October 5, 2023",TECHNICAL EDUCATION AND SKILLS DEVELOPMENT AUTHORITY (TESDA); TESDA TRAINING AND ACCREDITATION CENTER
https://ldr.senate.gov.ph/legislative-issuances/senate-bills/bills/senate-bill-no-1933-19th-congress,N/A,"BARANGAY KAPATAGAN, DIGOS, DAVAO DEL SUR, AN ECOTOURISM SITE","MARCOS, IMEE R.","February 27, 2023",ECOTOURISM SITES
https://ldr.senate.gov.ph/legislative-issuances/senate-bills/bills/senate-bill-no-1943-19th-congress,N/A,"CONVERTING THE ROAD FROM SITIO BOLIGANAY TO KABALIWAN, SAN AGUSTIN, ROMBLON, INTO A NATIONAL ROAD","MARCOS, IMEE R.","January 3, 2023","ROADS, CONVERSION"
https://ldr.senate.gov.ph/legislative-issuances/senate-bills/bills/senate-bill-no-1635-19th-congress,"AN ACT REQUIRING MANDATORY INSURANCE OF ALL BUILDINGS AND OTHER PHYSICAL STRUCTURES OWNED BY LOCAL GOVERNMENT UNITS, AMENDING FOR THIS PURPOSE, REPUBLIC ACT NO. 7160, OTHERWISE KNOWN AS THE LOCAL GOVERNMENT CODE",MANDATORY INSURANCE OF ALL BUILDINGS AND OTHER PHYSICAL STRUCTURES OWNED BY LOCAL GOVERNMENT UNITS,"EJERCITO, JOSEPH VICTOR G.","April 1, 2023",INSURANCE; LOCAL GOVERNMENT UNITS (LGUs); LOCAL GOVERNMENT CODE (R.A.NO. 7160)
https://ldr.senate.gov.ph/legislative-issuances/senate-bills/bills/senate-bill-no-2261-19th-congress,N/A,"CONVERTING THE JOLO CIRCUMFERENTIAL ROAD,  PROVINCE OF SULU, INTO A NATIONAL ROAD","MARCOS, IMEE R.","May 29, 2023","ROADS, CIRCUMFERENTIAL ROAD CONSTRUCTION; ROADS, CONVERSION"
https://ldr.senate.gov.ph/legislative-issuances/senate-bills/bills/senate-bill-no-1953-19th-congress,N/A,SABLAYAN MEDICAL CENTER (OCCIDENTAL MINDORO),"MARCOS, IMEE R.","February 3, 2023","HOSPITALS, ESTABLISHMENT"
https://ldr.senate.gov.ph/legislative-issuances/senate-bills/bills/senate-bill-no-2017-19th-congress,N/A,NATIONAL EDUCATION COUNCIL ACT,"GATCHALIAN, WIN","March 20, 2023",EDUCATION COUNCIL
https://ldr.senate.gov.ph/legislative-issuances/senate-bills/bills/senate-bill-no-1773-19th-congress,N/A,ANTIPOLO CITY TESDA TRAINING AND ASSESSMENT CENTER ACT,"MARCOS, IMEE R.","January 25, 2023",TESDA TRAINING AND ASSESSMENT CENTER
https://ldr.senate.gov.ph/legislative-issuances/senate-bills/bills/senate-bill-no-2399-19th-congress,"AN ACT TO DESIGNATE THE SEVENTH (7TH) DAY OF APRIL OF EVERY YEAR AS BARANGAY HEALTH AND NUTRITION WORKERS DAY, MANDATING CONCERNED AGENCIES TO CONDUCT EVENTS DURING ITS OBSERVANCE, TO APPROPRIATE FUNDS THEREFOR, AND FOR OTHER PURPOSES",BARANGAY HEALTH AND NUTRITION WORKERS' DAY ACT,"GO, CHRISTOPHER LAWRENCE T.","October 8, 2023",BARANGAY HEALTH WORKER; BARANGAY NUTRITION WORKER
https://ldr.senate.gov.ph/legislative-issuances/senate-bills/bills/senate-bill-no-2091-19th-congress,N/A,EXTENDING THE LIFE OF THE PHILIPPINE AEROSPACE DEVELOPMENT CORPORATION (PADC),"VILLAR, MARK A.","April 25, 2023",PHILIPPINE AEROSPACE DEVELOPMENT CORPORATION (PADC)
https://ldr.senate.gov.ph/legislative-issuances/senate-bills/bills/senate-bill-no-2155-19th-congress,N/A,"DECLARING THE IMMEDIATE ENVIRONS OF SAN ROQUE PARISH CHURCH, A TOURISM DESTINATION","REVILLA JR., RAMON BONG","September 5, 2023",TOURISM DESTINATION; CHURCHES
https://ldr.senate.gov.ph/legislative-issuances/senate-bills/bills/senate-bill-no-1847-19th-congress,"AN ACT STRENGTHENING THE COMMISSION ON ELECTIONS (COMELEC) INCREASING THE MANPOWER COMPLEMENT IN ITS FIELD OFFICES, PROVIDING OFFICE SPACES SEPARATE AND INDEPENDENT FROM LOCAL GOVERNMENT UNITS, AMENDING FOR THE PURPOSE BATAS PAMBANSA BLG. 881, AS AMENDED, OTHERWISE KNOWN AS THE OMNIBUS ELECTION CODE OF THE PHILIPPINES AND APPROPRIATING FUNDS THEREFOR",STRENGTHENING THE COMMISSION ON ELECTIONS,"DELA ROSA, RONALD ""BATO""","July 2, 2023",OMNIBUS ELECTION CODE (BATAS PAMBANSA BLG. 881); COMMISSION ON ELECTION (COMELEC)
https://ldr.senate.gov.ph/legislative-issuances/senate-bills/bills/senate-bill-no-2230-19th-congress,N/A,ANTI-OBESITY ACT OF 2023,"VILLAR, CYNTHIA A.","May 23, 2023",OBESITY; ANTI-OBESITY EDUCATION PROGRAM
https://ldr.senate.gov.ph/legislative-issuances/senate-bills/bills/senate-bill-no-1667-19th-congress,N/A,NATIONAL PARKS OF 2023,"VILLAR, MARK A.","December 1, 2023",PUBLIC PARKS
https://ldr.senate.gov.ph/legislative-issuances/senate-bills/bills/senate-bill-no-2295-19th-congress,"AN ACT STRENGTHENING THE BULACAN STATE UNIVERSITY AS A SYSTEM, PROVIDING FOR ITS POWERS AND FUNCTIONS, AMENDING FOR THE PURPOSE REPUBLIC ACT NO. 7665, OTHERWISE KNOWN AS AN ACT CONVERTING THE BULACAN COLLEGE OF ARTS AND TRADES IN THE PROVINCE OF BULACAN INTO A STATE UNIVERSITY TO BE KNOWN AS THE BULACAN STATE UNIVERSITY, AND APPROPRIATING FUNDS THEREFOR, AND FOR OTHER PURPOSES",REVISED BULACAN STATE UNIVERSITY CHARTER,"GATCHALIAN, WIN","December 7, 2023",STATE UNIVERSITIES AND COLLEGES (SUCS); BULACAN STATE UNIVERSITY SYSTEMS
https://ldr.senate.gov.ph/legislative-issuances/senate-bills/bills/senate-bill-no-1985-19th-congress,N/A,"CREATING BARANGAY PAG-ASA IN THE MUNICIPALITY OF KALAMANSIG, SULTAN KUDARAT","MARCOS, IMEE R.","August 3, 2023","BARANGAY, CREATION"
https://ldr.senate.gov.ph/legislative-issuances/senate-bills/bills/senate-bill-no-2049-19th-congress,N/A,"EXEMPTING MICROINSURANCE POLICIES FROM VAT, LIFE INSURANCE PREMIUMS AND DOCUMENTARY STAMP TAX","TULFO, RAFFY T.","March 30, 2023",TAXES (VALUE-ADDED TAX / VAT); DOCUMENTARY STAMP TAX; MICROINSURANCE; NATIONAL INTERNAL REVENUE CODE (NIRC)
https://ldr.senate.gov.ph/legislative-issuances/senate-bills/bills/senate-bill-no-1742-19th-congress,N/A,"BACARRA, ILOCOS NORTE TESDA TRAINING AND ASSESSMENT CENTER ACT","MARCOS, IMEE R.","January 23, 2023",TESDA TRAINING AND ASSESSMENT CENTER
https://ldr.senate.gov.ph/legislative-issuances/senate-bills/bills/senate-bill-no-1805-19th-congress,N/A,SOILESS AGRICULTURAL PRODUCTION ACT,"MARCOS, IMEE R.","January 30, 2023",AEROPONICS TECHNOLOGY; HYDROPONICS AGRICULTURE; AQUAPONICS
https://ldr.senate.gov.ph/legislative-issuances/senate-bills/bills/senate-bill-no-2123-19th-congress,N/A,ESTABLISHING REGIONAL AND LOCAL CONCERTS AND ARTS FAIRS,"VILLAR, MARK A.","March 5, 2023",REGIONAL AND LOCAL CONCERT AND ARTS FAIRS; MUSIC INDUSTRY
https://ldr.senate.gov.ph/legislative-issuances/senate-bills/bills/senate-bill-no-2187-19th-congress,N/A,FREE DIALYSIS FOR SENIOR CITIZENS ACT OF 2023,"VILLAR, CYNTHIA A.","May 15, 2023",DIALYSIS; SENIOR CITIZEN/ELDERLY; DIALYSIS CENTER; DEPARTMENT OF HEALTH (DOH)
https://ldr.senate.gov.ph/legislative-issuances/senate-bills/bills/senate-bill-no-2134-19th-congress,N/A,ENVIRONMENTAL UNIT IN EVERY BANKING INSTITUTION ACT,"LEGARDA, LOREN B.","April 5, 2023",ENVIRONMENTAL UNITS; LOAN PROGRAMS
https://ldr.senate.gov.ph/legislative-issuances/senate-bills/bills/senate-bill-no-2209-19th-congress,N/A,PLASTIC STRAWS BAN ACT,"VILLAR, CYNTHIA A.","May 17, 2023",PLASTIC/PLASTIC BAGS/PLASTIC PRODUCTS/PLASTIC WASTE
https://ldr.senate.gov.ph/legislative-issuances/senate-bills/bills/senate-bill-no-1647-19th-congress,N/A,MEDICAL RESERVE CORPS ACT,"LEGARDA, LOREN B.","November 1, 2023",MEDICAL RESERVE CORPS
https://ldr.senate.gov.ph/legislative-issuances/senate-bills/bills/senate-bill-no-2273-19th-congress,"AN ACT REQUIRING THE PARTICIPATION OF THE OFFICE OF THE SOLICITOR GENERAL (OSG) IN ALL CONTRACT NEGOTIATIONS WITH FOREIGN GOVERNMENTS, CORPORATIONS, ENTITIES, OR INDIVIDUALS AMENDING FOR THE PURPOSE SECTION 35, CHAPTER 12, TITLE III, BOOK IV OF EXECUTIVE ORDER NO. 292, OTHERWISE KNOWN AS THE ADMINISTRATIVE CODE OF 1987 AND FOR OTHER PURPOSES","PARTICIPATION OF THE OSG IN ALL CONTRACT NEGOTIATIONS WITH FOREIGN GOVERNMENTS, CORPORATIONS","TOLENTINO, FRANCIS ""TOL"" N.","January 6, 2023",OFFICE OF THE SOLICITOR GENERAL; ADMINISTRATIVE CODE OF 1987 (E.O.NO. 292)
https://ldr.senate.gov.ph/legislative-issuances/senate-bills/bills/senate-bill-no-1965-19th-congress,"AN ACT RESTRUCTURING THE PHILIPPINE NATIONAL POLICE, AMENDING FOR THE PURPOSE SECTIONS 25, 26, 29, 30, 31, 35, 36, AND 67 OF REPUBLIC ACT NO. 6975, OTHERWISE KNOWN AS THE DEPARTMENT OF THE INTERIOR AND LOCAL GOVERNMENT ACT OF 1990, AS AMENDED, AND SECTION 32 OF REPUBLIC ACT NO. 8551, OTHERWISE KNOWN AS THE PHILIPPINE NATIONAL POLICE REFORM AND REORGANIZATION ACT OF 1998, AND APPROPRIATING FUNDS THEREFOR",RESTRUCTURING THE PHILIPPINE NATIONAL POLICE,"EJERCITO, JOSEPH VICTOR G.","July 3, 2023",PHILIPPINE NATIONAL POLICE (PNP); PHILIPPINE NATIONAL POLICE REFORM AND REORGANIZATION ACT OF 1998 (R.A.NO. 8551); DEPARTMENT OF THE  INTERIOR AND LOCAL GOVERNMENT (DILG)
https://ldr.senate.gov.ph/legislative-issuances/senate-bills/bills/senate-bill-no-2030-19th-congress,N/A,AMENDING SEC. 6 OF R.A. NO. 6958 (CHARTER OF THE MACTAN INTERNATIONAL AIRPORT AUTHORITY),"ANGARA, SONNY","March 21, 2023",AIRPORT AUTHORITY
https://ldr.senate.gov.ph/legislative-issuances/senate-bills/bills/senate-bill-no-1720-19th-congress,N/A,FERTILIZER AND PESTICIDE TAX IMMUNITY ACT,"MARCOS, IMEE R.","January 19, 2023",FERTILIZER; TAXES/TAXATION; FARMERS
https://ldr.senate.gov.ph/legislative-issuances/senate-bills/bills/senate-bill-no-1784-19th-congress,N/A,FORMER PRESIDENTS BENEFITS ACT OF 2023,"GO, CHRISTOPHER LAWRENCE T.","January 26, 2023",PRESIDENT OF THE PHILIPPINES; BENEFITS AND INCENTIVES
https://ldr.senate.gov.ph/legislative-issuances/senate-bills/bills/senate-bill-no-2102-19th-congress,N/A,THE BARANGAY SKILLED WORKERS REGISTRY ACT OF 2023,"TULFO, RAFFY T.","April 26, 2023",REGISTRY OF PROFESSIONAL/SKILLED WORKERS; BARANGAYS
https://ldr.senate.gov.ph/legislative-issuances/senate-bills/bills/senate-bill-no-2167-19th-congress,"AN ACT ESTABLISHING A TECHNICAL EDUCATION AND SKILLS DEVELOPMENT AUTHORITY (TESDA) TRAINING AND ASSESSMENT CENTER IN THE MUNICIPALITY OF TUBOD, PROVINCE OF LANAO DEL NORTE, TO BE KNOWN AS THE TUBOD TESDA TRAINING AND ASSESSMENT CENTER, AND APPROPRIATING FUNDS THEREFOR",TUBOD TESDA TRAINING AND ASSESSMENT CENTER ACT,"MARCOS, IMEE R.","September 5, 2023",TESDA TRAINING AND ASSESSMENT CENTER
https://ldr.senate.gov.ph/legislative-issuances/senate-bills/bills/senate-bill-no-1858-19th-congress,N/A,COMPREHENSIVE  LUPUS PREVENTION ACT,"VILLAR, MARK A.","September 2, 2023",LUPUS DISEASE; SYSTEMIC LUPUS ERYTHEMATOSUS (SLE)
https://ldr.senate.gov.ph/legislative-issuances/senate-bills/bills/senate-bill-no-1922-19th-congress,N/A,AMENDING REPUBLIC ACT NO. 9433 (MAGNA CARTA FOR PUBLIC SOCIAL WORKERS),"ESTRADA, JINGGOY E.","February 23, 2023",MAGNA CARTA FOR PUBLIC SOCIAL WORKERS
https://ldr.senate.gov.ph/legislative-issuances/senate-bills/bills/senate-bill-no-2240-19th-congress,N/A,AMENDING ART. 320 OF ACT NO. 3815 ON DESTRUCTIVE ARSON (PENAL CODE OF THE PHILIPPINES),"TOLENTINO, FRANCIS ""TOL"" N.","May 24, 2023",REVISED PENAL CODE (R.A.NO. 3815); ARSON
https://ldr.senate.gov.ph/legislative-issuances/senate-bills/bills/senate-bill-no-1678-19th-congress,N/A,AMENDING R.A. NO.8042 (MIGRANT WORKERS AND OVERSEAS FILIPINOS ACT OF 1995),"EJERCITO, JOSEPH VICTOR G.","January 16, 2023",legal assistance; OVERSEAS FILIPINO WORKERS (OFWS)/ MIGRANT WORKERS
https://ldr.senate.gov.ph/legislative-issuances/senate-bills/bills/senate-bill-no-2060-19th-congress,"AN ACT CREATING ANTI-DRUG ABUSE COUNCIL IN ALL PROVINCES, CITIES, MUNICIPALITIES, AND BARANGAYS THROUGHOUT THE COUNTRY AND PROVIDING FUNDS THEREFOR","CREATING ANTI-DRUG ABUSE COUNCIL IN ALL PROVINCES, CITIES, MUNICIPALITIES AND BARANGAYS","TULFO, RAFFY T.","November 4, 2023",ANTI-DRUG ABUSE COUNCILS (ADACS)
https://ldr.senate.gov.ph/legislative-issuances/senate-bills/bills/senate-bill-no-1753-19th-congress,N/A,OGCC CHARTER OF 2023,"ANGARA, SONNY","January 24, 2023",OFFICE OF THE GOVERNMENT CORPORATE COUNSEL
https://ldr.senate.gov.ph/legislative-issuances/senate-bills/bills/senate-bill-no-2380-19th-congress,AN ACT PENALIZING CERTAIN ACTS IN THE IMPOSITION OF EXCESSIVE PLACEMENT FEES AGAINST OVERSEAS FILIPINO WORKERS,FAIR PLACEMENT FEES FOR OFWS ACT,"LAPID, MANUEL ""LITO"" M.","January 8, 2023",OVERSEAS FILIPINO WORKERS (OFW); FEES AND CHARGES
https://ldr.senate.gov.ph/legislative-issuances/senate-bills/bills/senate-bill-no-1817-19th-congress,N/A,MENTAL HEALTH PROMOTION AND LEAVE ACT FOR EMPLOYEES,"TULFO, RAFFY T.","January 31, 2023",MENTAL HEALTH; leave; EMPLOYEES
https://ldr.senate.gov.ph/legislative-issuances/senate-bills/bills/senate-bill-no-2071-19th-congress,N/A,MODERNIZED NATIONAL MEASUREMENT SYSTEM ACT,"ESTRADA, JINGGOY E.","April 17, 2023",NATIONAL MEASUREMENT SYSTEM
https://ldr.senate.gov.ph/legislative-issuances/senate-bills/bills/senate-bill-no-1828-19th-congress,"AN ACT TO DESIGNATE THE FOURTH (4TH) DAY OF APRIL OF EVERY YEAR A SPECIAL NON-WORKING HOLIDAY IN THE CITY OF ANTIPOLO, PROVINCE OF RIZAL, TO BE KNOWN AS ARAW NG ANTIPOLO, IN COMMEMORATION OF ITS CITYHOOD ANNIVERSARY",ARAW NG ANTIPOLO ACT,"LAPID, MANUEL ""LITO"" M.","January 2, 2023",HOLIDAYS (SPECIAL NON-WORKING)
https://ldr.senate.gov.ph/legislative-issuances/senate-bills/bills/senate-bill-no-2081-19th-congress,N/A,AMENDING R.A. NO. 8479 (THE DOWNSTREAM OIL INDUSTRY DEREGULATION ACT),"GATCHALIAN, WIN","April 19, 2023",DOWNSTREAM OIL INDUSTRY DEREGULATION ACT (R.A.NO. 8479)
https://ldr.senate.gov.ph/legislative-issuances/senate-bills/bills/senate-bill-no-2145-19th-congress,N/A,INFORMER'S REWARD FOR THE DISCOVERY OF VIOLATIONS OF THE NATIONAL INTERNAL REVENUE CODE,"ESTRADA, JINGGOY E.","September 5, 2023",INFORMERS; NATIONAL INTERNAL REVENUE CODE (NIRC)
https://ldr.senate.gov.ph/legislative-issuances/senate-bills/bills/senate-bill-no-1837-19th-congress,N/A,CHARTER OF THE SCIENCE CITY OF UBAY,"ANGARA, SONNY","June 2, 2023","MUNICIPALITY, CONVERSION (CITYHOOD); CITY CHARTER, REVISION/AMENDMENTS"
https://ldr.senate.gov.ph/legislative-issuances/senate-bills/bills/senate-bill-no-1901-19th-congress,N/A,TAWANG INTEGRATED SCHOOL,"MARCOS, IMEE R.","February 20, 2023","SCHOOLS, CONVERSION"
https://ldr.senate.gov.ph/legislative-issuances/senate-bills/bills/senate-bill-no-2220-19th-congress,N/A,MABINI-MOSANGOT BRIDGE,"MARCOS, IMEE R.","May 22, 2023",BRIDGES
https://ldr.senate.gov.ph/legislative-issuances/senate-bills/bills/senate-bill-no-1658-19th-congress,N/A,TANODBATA ACT,"REVILLA JR., RAMON BONG","December 1, 2023",TANODBATA
https://ldr.senate.gov.ph/legislative-issuances/senate-bills/bills/senate-bill-no-1975-19th-congress,"AN ACT EXTENDING THE CORPORATE LIFE AND STRENGTHENING THE POWERS OF POWER SECTOR ASSETS AND LIABILITIES MANAGEMENT CORPORATION FOR ANOTHER THIRTY (30) YEARS, AMENDING FOR THE PURPOSE SECTIONS 47, 49, 51, 55, 63, AND 70 OF REPUBLIC ACT NO. 9136, OTHERWISE KNOWN AS THE, ELECTRIC POWER INDUSTRY REFORM ACT OF 2001, AND FOR OTHER PURPOSES",EXTENDING THE CORPORATE LIFE AND POWERS OF POWER SECTOR ASSETS AND LIABILITIES MANAGEMENT CORP.,"EJERCITO, JOSEPH VICTOR G.","July 3, 2023",POWER SECTOR ASSETS AND LIABILITIES MANAGEMENT CORPORATION (PSALM CORP.); ELECTRIC POWER INDUSTRY REFORM ACT /EPIRA (R.A.NO. 9136)
https://ldr.senate.gov.ph/legislative-issuances/senate-bills/bills/senate-bill-no-2238-19th-congress,N/A,"DECLARING THE ENVIRONS OF THE NATIONAL SHRINE OF OUR MOTHER OF PERPETUAL HELP,  A HERITAGE SITE","MARCOS, IMEE R.","May 24, 2023",HERITAGE SITES/CULTURAL PROPERTY; TOURISM DESTINATION; TOURISTS
https://ldr.senate.gov.ph/legislative-issuances/senate-bills/bills/senate-bill-no-2304-19th-congress,"AN ACT PROVIDING FOR THE NATIONAL POLICY AND FRAMEWORK FOR ENERGY ADVOCACY, CREATING THE ENERGY ADVOCACY COUNSEL OFFICE AND APPROPRIATING FUNDS THEREFOR",ENERGY ADVOCACY COUNSEL ACT,"ESCUDERO, FRANCIS G.","December 7, 2023",ENERGY; ENERGY ADVOCATE OFFICE; ELECTRIC POWER INDUSTRY REFORM ACT /EPIRA (R.A.NO. 9136)
https://ldr.senate.gov.ph/legislative-issuances/senate-bills/bills/senate-bill-no-2386-19th-congress,"AN ACT INSTITUTING REFORMS IN REAL PROPERTY VALUATION AND ASSESSMENT IN THE PHILIPPINES, REORGANIZING THE BUREAU OF LOCAL GOVERNMENT FINANCE, AND APPROPRIATING FUNDS THEREFOR",REAL PROPERTY VALUATION AND ASSESSMENT REFORM ACT,"GATCHALIAN, WIN; VILLANUEVA, JOEL; CAYETANO, PIA S.; ESTRADA, JINGGOY E.; PADILLA, ROBINHOOD C.; REVILLA JR., RAMON BONG; ZUBIRI, JUAN MIGUEL ""MIGZ"" F.","February 8, 2023",REAL PROPERTY VALUATION AND ASSESSMENT; BUREAU OF LOCAL GOVERNMENT FINANCE
https://ldr.senate.gov.ph/legislative-issuances/senate-bills/bills/senate-bill-no-1653-19th-congress,"AN ACT STRENGTHENING THE LEGAL EDUCATION BOARD, THEREBY AMENDING REPUBLIC ACT NO. 7662, OTHERWISE KNOWN AS THE LEGAL EDUCATION REFORM ACT OF 1993, AND APPROPRIATING FUNDS THEREFOR",REVISED LEGAL EDUCATION REFORM ACT,"TULFO, RAFFY T.","November 1, 2023",LEGAL EDUCATION
https://ldr.senate.gov.ph/legislative-issuances/senate-bills/bills/senate-bill-no-1960-19th-congress,N/A,POVERTY REDUCTION THROUGH SOCIAL ENTREPRENEURSHIP (PRESENT)  ACT,"REVILLA JR., RAMON BONG","June 3, 2023",POVERTY REDUCTION THROUGH SOCIAL ENTREPRENEURSHIP PROGRAM (PRESENT)
https://ldr.senate.gov.ph/legislative-issuances/senate-bills/bills/senate-bill-no-2026-19th-congress,N/A,ESTABLISHING A CENTER FOR AUTISM,"EJERCITO, JOSEPH VICTOR G.","March 21, 2023",AUTISM
https://ldr.senate.gov.ph/legislative-issuances/senate-bills/bills/senate-bill-no-1862-19th-congress,N/A,AMENDING R.A. NO. 10121 (THE PHILIPPINE DISASTER RISK REDUCTION AND MANAGEMENT ACT OF 2010),"EJERCITO, JOSEPH VICTOR G.","September 2, 2023",PHILIPPINE DISASTER RISK REDUCTION AND MANAGEMENT ACT OF 2010 (R.A.NO. 10121)
https://ldr.senate.gov.ph/legislative-issuances/senate-bills/bills/senate-bill-no-1927-19th-congress,N/A,THE SAN MARIANO-PALANAN ECOTOURISM CORRIDOR,"VILLAR, CYNTHIA A.","February 27, 2023",ECOTOURISM ZONE
https://ldr.senate.gov.ph/legislative-issuances/senate-bills/bills/senate-bill-no-2132-19th-congress,N/A,ENTERPRISE PRODUCTIVITY ACT,"LEGARDA, LOREN B.","April 5, 2023",ENTERPRISE PRODUCTIVITY (R.A. 6971); PRODUCTIVITY INCENTIVES
https://ldr.senate.gov.ph/legislative-issuances/senate-bills/bills/senate-bill-no-1755-19th-congress,N/A,"CREATION OF BARANGAY DENGAO, IFUGAO","MARCOS, IMEE R.","January 24, 2023","BARANGAY, CREATION"
https://ldr.senate.gov.ph/legislative-issuances/senate-bills/bills/senate-bill-no-1684-19th-congress,N/A,HEALTH RATING LABEL ACT,"TULFO, RAFFY T.","January 17, 2023",HEALTH RATING LABEL; FOOD PRODUCTS LABEL
https://ldr.senate.gov.ph/legislative-issuances/senate-bills/bills/senate-bill-no-2056-19th-congress,N/A,LOCAL ARTS AND ENTERTAINMENT INDUSTRY PROMOTIONS ACT,"LAPID, MANUEL ""LITO"" M.","March 30, 2023",TAX EXEMPTION; TAXES (AMUSEMENT TAX); FILM/MOVIE INDUSTRY; MUSIC INDUSTRY; TAXES (CORPORATE INCOME TAX RATE)
https://ldr.senate.gov.ph/legislative-issuances/senate-bills/bills/senate-bill-no-1894-19th-congress,N/A,GRANTING PHILIPPINE CITIZENSHIP TO TIANQI WILLIAM YUAN,"DELA ROSA, RONALD ""BATO""","February 16, 2023",Philippine citizenship
https://ldr.senate.gov.ph/legislative-issuances/senate-bills/bills/senate-bill-no-2067-19th-congress,"AN ACT INSTITUTIONALIZING THE AUTOMATIC INCOME CLASSIFICATION OF PROVINCES, CITIES, AND MUNICIPALITIES, AMENDING FOR THE PURPOSE SECTION 8 OF REPUBLIC ACT NO. 7160, OTHERWISE KNOWN AS THE LOCAL GOVERNMENT CODE OF 1991, AS AMENDED",AUTOMATIC INCOME CLASSIFICATION ACT FOR LOCAL GOVERNMENT UNITS,"GATCHALIAN, WIN","December 4, 2023",INCOME CLASSIFICATION; LOCAL GOVERNMENT UNITS (LGUs); LOCAL GOVERNMENT CODE (R.A.NO. 7160)
https://ldr.senate.gov.ph/legislative-issuances/senate-bills/bills/senate-bill-no-1841-19th-congress,"AN ACT STRENGTHENING THE CONSERVATION AND PROTECTION OF PHILIPPINE CULTURAL HERITAGE THROUGH CULTURAL MAPPING, AMENDING FOR THE PURPOSE REPUBLIC ACT NO. 10066, OTHERWISE KNOWN AS THE NATIONAL CULTURAL HERITAGE ACT OF 2009",AMENDING RA 10066 (NATIONAL CULTURAL HERITAGE ACT OF 2009),"LEGARDA, LOREN B.; VILLAR, CYNTHIA A.; PADILLA, ROBINHOOD C.; REVILLA JR., RAMON BONG; EJERCITO, JOSEPH VICTOR G.; GO, CHRISTOPHER LAWRENCE T.; BINAY, MARIA LOURDES NANCY S.","June 2, 2023",CULTURAL HERITAGE
https://ldr.senate.gov.ph/legislative-issuances/senate-bills/bills/senate-bill-no-2111-19th-congress,AN ACT DEFINING THE SCOPE AND EXTENT OF THE FISCAL AUTONOMY OF THE JUDICIAL BRANCH OF GOVERNMENT AND FOR OTHER PURPOSES,THE FISCAL AUTONOMY ACT OF JUDICIAL BRANCH OF GOVERNMENT,"GO, CHRISTOPHER LAWRENCE T.","March 5, 2023",FISCAL AUTONOMY; JUDICIARY
https://ldr.senate.gov.ph/legislative-issuances/senate-bills/bills/senate-bill-no-2175-19th-congress,"AN ACT ESTABLISHING A TECHNICAL EDUCATION AND SKILLS DEVELOPMENT AUTHORITY (TESDA) TRAINING AND ASSESSMENT CENTER IN THE CITY OF MAASIN, PROVINCE OF SOUTHERN LEYTE, TO BE KNOWN AS THE MAASIN CITY TESDA TRAINING AND ASSESSMENT CENTER, AND APPROPRIATING FUNDS THEREFOR",MAASIN CITY TESDA TRAINING AND ASSESSMENT CENTER ACT,"TULFO, RAFFY T.","October 5, 2023",TECHNICAL EDUCATION AND SKILLS DEVELOPMENT AUTHORITY (TESDA); TESDA TRAINING AND ASSESSMENT CENTER
https://ldr.senate.gov.ph/legislative-issuances/senate-bills/bills/senate-bill-no-1734-19th-congress,N/A,AMENDING R.A. NO. 8293 (INTELLECTUAL PROPERTY CODE OF THE PHILIPPINES),"MARCOS, IMEE R.","January 23, 2023",INTELLECTUAL PROPERTY CODE
https://ldr.senate.gov.ph/legislative-issuances/senate-bills/bills/senate-bill-no-2401-19th-congress,AN ACT INSTITUTIONALIZING THE ESTABLISHMENT OF WOMEN AND CHILDREN PROTECTION UNITS (WCPU) IN ALL GOVERNMENT HOSPITALS,WOMEN AND CHILDREN PROTECTION UNITS ACT OF 2023,"LEGARDA, LOREN B.","October 8, 2023",WOMEN AND CHILDREN PROTECTION UNITS (WCPU); HOSPITALS (GOVERNMENT HOSPITALS)
https://ldr.senate.gov.ph/legislative-issuances/senate-bills/bills/senate-bill-no-1663-19th-congress,"AN ACT PENALIZING FINTECH CRIME, PROVIDING PENALTIES THEREFOR, AND FOR OTHER PURPOSES",FINTECH CRIME PREVENTION ACT OF 2023,"MARCOS, IMEE R.","December 1, 2023",FINTECH CRIME PREVENTION
https://ldr.senate.gov.ph/legislative-issuances/senate-bills/bills/senate-bill-no-1971-19th-congress,N/A,"REVISING AND STRENGTHENING THE DEFINITION OF THE CRIME OF RAPE, AMENDING AND REPEALING ACT NO. 3815","EJERCITO, JOSEPH VICTOR G.","July 3, 2023",rape; REVISED PENAL CODE (R.A.NO. 3815)
https://ldr.senate.gov.ph/legislative-issuances/senate-bills/bills/senate-bill-no-1937-19th-congress,N/A,CONVERTING THE ASIPULO-LAMUT-LAGAWE-AGUINALDO PROVINCIAL ROAD IN IFUGAO INTO A NATIONAL ROAD,"MARCOS, IMEE R.","February 28, 2023","ROADS, CONVERSION"
https://ldr.senate.gov.ph/legislative-issuances/senate-bills/bills/senate-bill-no-2143-19th-congress,"AN ACT ESTABLISHING EVACUATION CENTERS IN EVERY CITY AND MUNICIPALITY, AND APPROPRIATING FUNDS THEREFOR",EVACUATION CENTERS ACT,"LEGARDA, LOREN B.; ESTRADA, JINGGOY E.","September 5, 2023",EVACUATION CENTER
https://ldr.senate.gov.ph/legislative-issuances/senate-bills/bills/senate-bill-no-1733-19th-congress,N/A,FREE ANNUAL MEDICAL CHECK-UP ACT OF 2023,"VILLAR, MARK A.","January 23, 2023",FREE ANNUAL MEDICAL CHECK-UP
https://ldr.senate.gov.ph/legislative-issuances/senate-bills/bills/senate-bill-no-2217-19th-congress,N/A,AMENDING SECTIONS 27 AND 28 OF R.A. NO. 9165  (COMPREHENSIVE DANGEROUS DRUGS ACT),"PADILLA, ROBINHOOD C.","May 18, 2023",COMPREHENSIVE DANGEROUS DRUGS ACT OF 2002 (R.A.NO. 9165); Death penalty; ARMED FORCES OF THE PHILIPPINES (AFP); PHILIPPINE NATIONAL POLICE (PNP); LAW ENFORCEMENT OFFICERS/LAW ENFORCEMENT AGENCY/LAW ENFORCEMENT OPERATIONS
https://ldr.senate.gov.ph/legislative-issuances/senate-bills/bills/senate-bill-no-2433-19th-congress,"AN ACT ESTABLISHING A LEVEL III GENERAL HOSPITAL IN THE MUNICIPALITY OF BAY, PROVINCE OF LAGUNA, TO BE KNOWN AS THE LAGUNA REGIONAL HOSPITAL, UNDER THE DIRECT CONTROL AND SUPERVISION OF THE DEPARTMENT OF HEALTH, AND APPROPRIATING FUNDS THEREFOR","ESTABLISHING A LEVEL III GENERAL HOSPITAL IN BAY, LAGUNA (THE LAGUNA REGIONAL HOSPITAL)","LEGARDA, LOREN B.; REVILLA JR., RAMON BONG","May 9, 2023","HOSPITALS, ESTABLISHMENT; DEPARTMENT OF HEALTH (DOH)"
https://ldr.senate.gov.ph/legislative-issuances/senate-bills/bills/senate-bill-no-2004-19th-congress,N/A,PASSIG ISLET AQUA-ECOTOURISM ACT,"MARCOS, IMEE R.","March 14, 2023",ECOLOGICAL TOURISM ZONE/ECOTOURISM SITE
https://ldr.senate.gov.ph/legislative-issuances/senate-bills/bills/senate-bill-no-1776-19th-congress,N/A,GOVERNMENT EMPLOYEE HEALTH MAINTENANCE ORGANIZATION (HMO) BENEFITS ACT OF 2023,"TULFO, RAFFY T.","January 25, 2023",GOVERNMENT EMPLOYEES; HEALTH MAINTENANCE ORGANIZATIONS (HMO)
https://ldr.senate.gov.ph/legislative-issuances/senate-bills/bills/senate-bill-no-2294-19th-congress,AN ACT DECLARING THE MARITIME ZONES UNDER THE JURISDICTION OF THE REPUBLIC OF THE PHILIPPINES,PHILIPPINE MARITIME ZONES ACT,"VILLANUEVA, JOEL; TOLENTINO, FRANCIS ""TOL"" N.","December 7, 2023",MARITIME ZONE; ARCHIPELAGIC BASELINES OF THE PHILIPPINES
https://ldr.senate.gov.ph/legislative-issuances/senate-bills/bills/senate-bill-no-2382-19th-congress,AN ACT PROVIDING DISCOUNT FOR INDIGENT JOB APPLICANTS IN THE PAYMENT OF FEES AND CHARGES FOR CERTAIN CERTIFICATES AND CLEARANCES ISSUED BY GOVERNMENT AGENCIES FOR EMPLOYMENT APPLICATION,INDIGENT JOB APPLICANTS DISCOUNT ACT,"LAPID, MANUEL ""LITO"" M.","January 8, 2023",DISCOUNT PRIVILEGES; INDIGENT PERSONS; JOB APPLICANTS; FEES AND CHARGES
https://ldr.senate.gov.ph/legislative-issuances/senate-bills/bills/senate-bill-no-1643-19th-congress,"AN ACT REGULATING THE REGISTRATION, LICENSURE, AND PRACTICE OF PHYSICAL THERAPY, AND APPROPRIATING FUNDS THEREFOR",PHILIPPINE PHYSICAL THERAPY LAW,"VILLAR, MARK A.; ESTRADA, JINGGOY E.","September 1, 2023",PHYSICAL THERAPY
https://ldr.senate.gov.ph/legislative-issuances/senate-bills/bills/senate-bill-no-1852-19th-congress,N/A,AMENDING R.A. NO. 11321 (THE SAGIP SAKA ACT),"REVILLA JR., RAMON BONG","July 2, 2023",SAGIP SAKA ACT; FARMERS; FISHERFOLK; TAX INCENTIVES
https://ldr.senate.gov.ph/legislative-issuances/senate-bills/bills/senate-bill-no-1916-19th-congress,N/A,"AMENDING SECS.73 & 76 OF R.A. NO. 6975 (ESTABLISHING THE PNP UNDER A REORGANIZED DILG) , AS AMENDED","DELA ROSA, RONALD ""BATO""","February 22, 2023",PHILIPPINE NATIONAL POLICE (PNP); DEPARTMENT OF THE  INTERIOR AND LOCAL GOVERNMENT (DILG)
https://ldr.senate.gov.ph/legislative-issuances/senate-bills/bills/senate-bill-no-2122-19th-congress,N/A,WASTE WORKERS' HEALTH AND WELFARE ACT OF 2023,"VILLAR, MARK A.","March 5, 2023",WORKERS HEALTH AND WELLNESS; WASTE (SEWAGE SLUDGE/INDUSTRIAL WASTE)
https://ldr.senate.gov.ph/legislative-issuances/senate-bills/bills/senate-bill-no-2186-19th-congress,N/A,"FRESH GRADUATES PHP 5,000 ONE-TIME CASH GRANT ACT OF 2023","VILLAR, CYNTHIA A.","May 15, 2023",FIRST TIME JOBSEEKERS; CASH ASSISTANCE; FRESH GRADUATES INCENTIVES; TERTIARY EDUCATION
https://ldr.senate.gov.ph/legislative-issuances/senate-bills/bills/senate-bill-no-1745-19th-congress,N/A,"FINANCIAL, HEALTH, AND FOOD ASSISTANCE IN TIMES OF EPIDEMIC AND PANDEMIC CRISIS ACT","MARCOS, IMEE R.","January 23, 2023",FINANCIAL ASSISTANCE; NATIONAL INTERNAL REVENUE CODE (NIRC)
https://ldr.senate.gov.ph/legislative-issuances/senate-bills/bills/senate-bill-no-2262-19th-congress,N/A,CONVERTING THE CIRCUMFERENTIAL ROAD OF 9 ISLAND BARANGAYS OF SURIGAO DEL NORTE INTO A NATIONAL ROAD,"MARCOS, IMEE R.","May 29, 2023","ROADS, CIRCUMFERENTIAL ROAD CONSTRUCTION; ROADS, CONVERSION"
https://ldr.senate.gov.ph/legislative-issuances/senate-bills/bills/senate-bill-no-1674-19th-congress,N/A,FIREFIGHTERS RECOGNITION DAY,"VILLAR, MARK A.","December 1, 2023",FIREFIGHTERS
https://ldr.senate.gov.ph/legislative-issuances/senate-bills/bills/senate-bill-no-1984-19th-congress,"AN ACT SEPARATING THE JOSE ABAD SANTOS NATIONAL HIGH SCHOOL - TABAYON EXTENSION IN BARANGAY TABAYON, MUNICIPALITY OF JOSE ABAD SANTOS, PROVINCE OF DAVAO OCCIDENTAL FROM THE JOSE ABAD SANTOS NATIONAL HIGH SCHOOL, CONVERTING IT INTO AN INDEPENDENT NATIONAL HIGH SCHOOL TO BE KNOWN AS TABAYON NATIONAL HIGH SCHOOL AND APPROPRIATING FUNDS THEREFOR",TABAYON NATIONAL HIGH SCHOOL,"MARCOS, IMEE R.","August 3, 2023","SCHOOLS, CONVERSION"
https://ldr.senate.gov.ph/legislative-issuances/senate-bills/bills/senate-bill-no-1884-19th-congress,N/A,ACCESSIBLE PEDESTRIAN SIGNALS ACT,"TULFO, RAFFY T.","February 14, 2023",PEDESTRIAN; TRAFFIC SIGNS/ROAD SIGNS/WARNING DEVICES
https://ldr.senate.gov.ph/legislative-issuances/senate-bills/bills/senate-bill-no-1948-19th-congress,N/A,"SIARGAO, SURIGAO DEL NORTE TESDA TRAINING AND ASSESSMENT CENTER ACT","MARCOS, IMEE R.","January 3, 2023",TESDA TRAINING AND ASSESSMENT CENTER
https://ldr.senate.gov.ph/legislative-issuances/senate-bills/bills/senate-bill-no-2154-19th-congress,N/A,DECLARING THE IMMEDIATE ENVIRONS OF SAINT MARY MAGDALENE PARISH CHURCH A TOURISM DESTINATION,"REVILLA JR., RAMON BONG","September 5, 2023",TOURISM DESTINATION; CHURCHES
https://ldr.senate.gov.ph/legislative-issuances/senate-bills/bills/senate-bill-no-1712-19th-congress,N/A,STRENGTHENING THE  PHILIPPINE RETIREMENT AUTHORITY ACT,"MARCOS, IMEE R.","January 19, 2023",PHILIPPINE RETIREMENT AUTHORITY ACT
https://ldr.senate.gov.ph/legislative-issuances/senate-bills/bills/senate-bill-no-2166-19th-congress,"AN ACT INCREASING THE BED CAPACITY OF THE WAO DISTRICT HOSPITAL, PROVINCE OF LANAO DEL SUR, FROM TWENTY-FIVE (25) TO ONE HUNDRED (100) BEDS, AMENDING FOR THE PURPOSE REPUBLIC ACT NO. 3607, AND APPROPRIATING FUNDS THEREFOR","INCREASING THE BED CAPACITY OF THE WAO DISTRICT HOSPITAL, PROVINCE OF LANAO DEL SUR","MARCOS, IMEE R.","September 5, 2023","BED CAPACITY AND SERVICE CAPABILITY; HOSPITALS, INCREASE BED CAPACITY"
https://ldr.senate.gov.ph/legislative-issuances/senate-bills/bills/senate-bill-no-1723-19th-congress,N/A,UMBLICAL CORD BLOOD DONATION ACT,"MARCOS, IMEE R.","January 23, 2023",UMBILICAL CORD BLOOD; BLOOD DONATION
https://ldr.senate.gov.ph/legislative-issuances/senate-bills/bills/senate-bill-no-1787-19th-congress,N/A,EHEALTH SYSTEM AND SERVICES ACT,"MARCOS, IMEE R.","January 26, 2023",ELECTRONIC HEALTH/EHEALTH SYSTEM
https://ldr.senate.gov.ph/legislative-issuances/senate-bills/bills/senate-bill-no-2387-19th-congress,"AN ACT PROVIDING FOR THE PROTECTION OF GEOGRAPHICAL INDICATIONS FOR AGRICULTURAL OR NATURAL (UNPROCESSED OR WILD) PRODUCTS, PROCESSED PRODUCTS, WINES AND SPIRITS, OR ANY PRODUCTS OF HANDICRAFT OR INDUSTRY",PROTECTED GEOGRAPHICAL INDICATIONS ACT,"ANGARA, SONNY; GATCHALIAN, WIN; VILLAR, MARK A.; TULFO, RAFFY T.; VILLANUEVA, JOEL; LEGARDA, LOREN B.; PADILLA, ROBINHOOD C.; REVILLA JR., RAMON BONG; DELA ROSA, RONALD ""BATO""; ZUBIRI, JUAN MIGUEL ""MIGZ"" F.","March 8, 2023",GEOGRAPHICAL INDICATIONS; AGRICULTURAL PRODUCTS
https://ldr.senate.gov.ph/legislative-issuances/senate-bills/bills/senate-bill-no-1654-19th-congress,N/A,AMENDING R.A. NO. 9497 (CIVIL AVIATION AUTHORITY ACT OF 2008),"REVILLA JR., RAMON BONG","December 1, 2023",CIVIL AVIATION AUTHORITY OF THE PHILIPPINES
https://ldr.senate.gov.ph/legislative-issuances/senate-bills/bills/senate-bill-no-1961-19th-congress,N/A,EMERGENCY MEDICAL SERVICES SYSTEM (EMSS) ACT OF 2023,"REVILLA JR., RAMON BONG","June 3, 2023",EMERGENCY MEDICAL SERVICES SYSTEM (EMSS)
https://ldr.senate.gov.ph/legislative-issuances/senate-bills/bills/senate-bill-no-2027-19th-congress,N/A,CLIMATE CHANGE EMERGENCY DECLARATION ACT,"EJERCITO, JOSEPH VICTOR G.","March 21, 2023",CLIMATE CHANGE
https://ldr.senate.gov.ph/legislative-issuances/senate-bills/bills/senate-bill-no-1863-19th-congress,N/A,AMENDING REPUBLIC ACT NO. 7160 (THE LOCAL GOVERNMENT CODE OF 1991),"EJERCITO, JOSEPH VICTOR G.","September 2, 2023",LOCAL GOVERNMENT CODE (R.A.NO. 7160); TAXES/TAXATION
https://ldr.senate.gov.ph/legislative-issuances/senate-bills/bills/senate-bill-no-2133-19th-congress,N/A,DIGNITY FOR WOMEN DEPRIVED OF LIBERTY ACT,"LEGARDA, LOREN B.","April 5, 2023",WOMEN; PERSONS DEPRIVED OF LIBERTY (PDL); JAIL FACILITY/PRISON FACILITY
https://ldr.senate.gov.ph/legislative-issuances/senate-bills/bills/senate-bill-no-1756-19th-congress,N/A,"CALASIAO DISTRICT HOSPITAL, PANGASINAN","MARCOS, IMEE R.","January 24, 2023","HOSPITALS, ESTABLISHMENT"
https://ldr.senate.gov.ph/legislative-issuances/senate-bills/bills/senate-bill-no-2208-19th-congress,N/A,NAMRIA MODERNIZATION ACT,"VILLAR, CYNTHIA A.","May 17, 2023",NATIONAL MAPPING AND RESOURCE INFORMATION AUTHORITY (NAMRIA)
https://ldr.senate.gov.ph/legislative-issuances/senate-bills/bills/senate-bill-no-1820-19th-congress,N/A,20% TRAVEL TAX DISCOUNT FOR SENIOR CITIZENS,"TULFO, RAFFY T.","January 31, 2023",SENIOR CITIZEN/ELDERLY; TRAVEL TAX
https://ldr.senate.gov.ph/legislative-issuances/senate-bills/bills/senate-bill-no-2272-19th-congress,"AN ACT AMENDING SECTIONS 3, 17, AND 43 OF REPUBLIC ACT NO. 9184, OTHERWISE KNOWN AS THE GOVERNMENT PROCUREMENT REFORM ACT, PROVIDING FOR THE REQUIREMENTS OF FULL TRANSPARENCY AND FULL DISCLOSURE IN THE SUPPLY AGREEMENTS OR PURCHASE IN CONTRACTS ENTERED INTO BY THE GOVERNMENT OF THE PHILIPPINES (GOP), AND FOR OTHER PURPOSES","AMENDING SECS. 3, 17, AND 43, OF R.A. NO. 9184, (THE GOVERNMENT PROCUREMENT REFORM ACT)","TOLENTINO, FRANCIS ""TOL"" N.","January 6, 2023",Government procurement; PROCUREMENT LAW
https://ldr.senate.gov.ph/legislative-issuances/senate-bills/bills/senate-bill-no-2057-19th-congress,N/A,"DECLARING BARANGAY KAPATAGAN IN THE CITY OF DIGOS, DAVAO DEL SUR, AN ECOTOURISM SITE","TULFO, RAFFY T.","November 4, 2023",ECOTOURISM SITES
https://ldr.senate.gov.ph/legislative-issuances/senate-bills/bills/senate-bill-no-1831-19th-congress,AN ACT INSTITUTIONALIZING THE GRANT OF A TEACHING SUPPLIES ALLOWANCE FOR PUBLIC SCHOOL TEACHERS AND APPROPRIATING FUNDS THEREFOR,TEACHING SUPPLIES ALLOWANCE ACT OF 2022,"DELA ROSA, RONALD ""BATO""","January 2, 2023",TEACHING SUPPLIES ALLOWANCE; Public school teachers
https://ldr.senate.gov.ph/legislative-issuances/senate-bills/bills/senate-bill-no-1895-19th-congress,N/A,"AMENDING  ART. 344 AND REPEALING ART.266-C OF ACT NO. 3815 (REVISED PENAL CODE), AS AMENDED","MARCOS, IMEE R.","February 16, 2023",REVISED PENAL CODE (R.A.NO. 3815); rape
https://ldr.senate.gov.ph/legislative-issuances/senate-bills/bills/senate-bill-no-2101-19th-congress,N/A,STUDENT LOAN PAYMENT MORATORIUM DURING DISASTERS AND EMERGENCIES ACT,"TULFO, RAFFY T.","April 26, 2023",STUDENT LOAN PROGRAM; MORATORIUM
https://ldr.senate.gov.ph/legislative-issuances/senate-bills/bills/senate-bill-no-2068-19th-congress,AN ACT AUTHORIZING PUBLIC-PRIVATE PARTNERSHIPS AND APPROPRIATING FUNDS THEREFOR,PUBLIC -PRIVATE PARTNERSHIP ACT,"GATCHALIAN, WIN","December 4, 2023",PUBLIC-PRIVATE PARTNERSHIP (PPP) PROJECTS
https://ldr.senate.gov.ph/legislative-issuances/senate-bills/bills/senate-bill-no-1842-19th-congress,N/A,AMENDING R.A.NO. 6768 (EXPANDED BALIKBAYAN PROGRAM),"TULFO, RAFFY T.","June 2, 2023",BALIKBAYAN
https://ldr.senate.gov.ph/legislative-issuances/senate-bills/bills/senate-bill-no-2112-19th-congress,"AN ACT MODERNIZING THE PHILIPPINE COAST GUARD, CREATING FOR THE PURPOSE THE PHILIPPINE COAST GUARD MODERNIZATION TRUST FUND AND APPROPRIATING FUNDS THEREFOR",PHILIPPINE COAST GUARD MODERNIZATION ACT,"GO, CHRISTOPHER LAWRENCE T.","March 5, 2023",PHILIPPINE COAST GUARD; trust fund
https://ldr.senate.gov.ph/legislative-issuances/senate-bills/bills/senate-bill-no-2176-19th-congress,"AN ACT ESTABLISHING A TECHNICAL EDUCATION AND SKILLS DEVELOPMENT AUTHORITY (TESDA) TRAINING CENTER IN THE MUNICIPALITY OF ISULAN, PROVINCE OF SULTAN KUDARAT, AND APPROPRIATING FUNDS THEREFOR",SULTAN KUDARAT PROVINCIAL TESDA TRAINING CENTER ACT,"TULFO, RAFFY T.","October 5, 2023",TECHNICAL EDUCATION AND SKILLS DEVELOPMENT AUTHORITY (TESDA); TESDA TRAINING AND ACCREDITATION CENTER
https://ldr.senate.gov.ph/legislative-issuances/senate-bills/bills/senate-bill-no-1735-19th-congress,N/A,KAWAYAN TESDA TRAINING AND ASSESSMENT CENTER ACT,"MARCOS, IMEE R.","January 23, 2023",TESDA TRAINING AND ASSESSMENT CENTER
https://ldr.senate.gov.ph/legislative-issuances/senate-bills/bills/senate-bill-no-1798-19th-congress,N/A,ESG ACT OF 2022,"TOLENTINO, FRANCIS ""TOL"" N.","January 30, 2023","ENVIRONMENTAL, SOCIAL AND GOVERNANCE (ESG)"
https://ldr.senate.gov.ph/legislative-issuances/senate-bills/bills/senate-bill-no-2402-19th-congress,"AN ACT INSTITUTIONALIZING THE PREFERENTIAL TREATMENT IN THE PROCUREMENT OF MATERIALS AND SUPPLIES PRODUCED, MADE, AND MANUFACTURED IN THE PHILIPPINES AMENDING SECTIONS 4 AND 43 OF REPUBLIC ACT NO. 9184 ENTITLED AN ACT PROVIDING FOR THE MODERNIZATION, STANDARDIZATION AND REGULATION OF THE PROCUREMENT ACTIVITIES OF THE GOVERNMENT AND FOR OTHER PURPOSES",BUY LOCAL ACT,"LEGARDA, LOREN B.","October 8, 2023",BUY LOCAL; PROCUREMENT LAW; LOCAL PRODUCTS
https://ldr.senate.gov.ph/legislative-issuances/senate-bills/bills/senate-bill-no-1664-19th-congress,N/A,PENALIZING PERSONS WHO SHALL COMMIT PROHIBITED ACTS DURING A STATE OF PUBLIC HEALTH EMERGENCY,"MARCOS, IMEE R.","December 1, 2023",STATE OF PUBLIC HEALTH EMERGENCY; PANDEMIC
https://ldr.senate.gov.ph/legislative-issuances/senate-bills/bills/senate-bill-no-1972-19th-congress,N/A,RESILIENT HOUSING AND HUMAN SETTLEMENTS ACT,"EJERCITO, JOSEPH VICTOR G.","July 3, 2023",RESILIENT HOUSING AND HUMAN SETTLEMENTS
https://ldr.senate.gov.ph/legislative-issuances/senate-bills/bills/senate-bill-no-2036-19th-congress,N/A,POSITIVE PARENTING OF CHILDRENS ACT,"HONTIVEROS, RISA","March 22, 2023",parents; CHILDREN/CHILD CARE
https://ldr.senate.gov.ph/legislative-issuances/senate-bills/bills/senate-bill-no-1877-19th-congress,N/A,GREEN PUBLIC PROCUREMENT ACT,"LAPID, MANUEL ""LITO"" M.","February 14, 2023",GREEN PUBLIC PROCUREMENT
https://ldr.senate.gov.ph/legislative-issuances/senate-bills/bills/senate-bill-no-1938-19th-congress,N/A,"ENVIRONS OF THE IMMACULATE CONCEPTION PARISH CHURCH, NAMPICUAN, NUEVA ECIJA, A TOURIST DESTINATION","MARCOS, IMEE R.","February 28, 2023",TOURISM DESTINATION
https://ldr.senate.gov.ph/legislative-issuances/senate-bills/bills/senate-bill-no-2080-19th-congress,N/A,CREATING THE ISABELA TOURISM COUNCIL,"TULFO, RAFFY T.","April 19, 2023",TOURISM DEVELOPMENT AREA (TDA)
https://ldr.senate.gov.ph/legislative-issuances/senate-bills/bills/senate-bill-no-2144-19th-congress,N/A,AMENDING R.A. NO 7279 (THE URBAN DEVELOPMENT AND HOUSING ACT OF 1992),"ESTRADA, JINGGOY E.","September 5, 2023",URBAN DEVELOPMENT AND HOUSING ACT (R.A.NO. 7279); SOCIAL HOUSING PROGRAM
https://ldr.senate.gov.ph/legislative-issuances/senate-bills/bills/senate-bill-no-1766-19th-congress,N/A,"AMENDING REPUBLIC ACT NO. 6657, AS AMENDED BY R. A. NO. NO. 9700, COMPREHENSIVE AGRARIAN REFORM LAW","LAPID, MANUEL ""LITO"" M.","January 25, 2023",COMPREHENSIVE AGRARIAN REFORM LAW (CARL; R.A.NO. 6657)
https://ldr.senate.gov.ph/legislative-issuances/senate-bills/bills/senate-bill-no-1830-19th-congress,N/A,JCOC ON DANGEROUS DRUGS EXTENSION ACT,"DELA ROSA, RONALD ""BATO""","January 2, 2023",CONGRESSIONAL OVERSIGHT COMMITTEE ON DANGEROUS DRUGS; COMPREHENSIVE DANGEROUS DRUGS ACT OF 2002 (R.A.NO. 9165)
https://ldr.senate.gov.ph/legislative-issuances/senate-bills/bills/senate-bill-no-2371-19th-congress,"AN ACT DESIGNATING THE SECOND SUNDAY OF SEPTEMBER AS THE NATIONAL GRANDPARENTS DAY, AND FOR OTHER PURPOSES",NATIONAL GRANDPARENTS DAY ACT,"MARCOS, IMEE R.","January 8, 2023",GRANDPARENTS DAY
https://ldr.senate.gov.ph/legislative-issuances/senate-bills/bills/senate-bill-no-2434-19th-congress,"AN ACT CREATING A SUSTAINABLE FRAMEWORK FOR THE PENSION SYSTEM OF THE ARMED FORCES OF THE PHILIPPINES, APPROPRIATING FUNDS THEREFOR, AND FOR OTHER PURPOSES",ARMED FORCES OF THE PHILIPPINES (AFP) PENSION SYSTEM ACT,"MARCOS, IMEE R.","July 9, 2023",PENSION; ARMED FORCES OF THE PHILIPPINES (AFP)
https://ldr.senate.gov.ph/legislative-issuances/senate-bills/bills/senate-bill-no-1696-19th-congress,N/A,"MAGNA CARTA FOR BARANGAY OFFICIALS, PERSONNEL AND VOLUNTEER WORKERS","TULFO, RAFFY T.","January 18, 2023",MAGNA CARTA FOR BARANGAY OFFICIALS
https://ldr.senate.gov.ph/legislative-issuances/senate-bills/bills/senate-bill-no-2230-19th-congress,N/A,ANTI-OBESITY ACT OF 2023,"VILLAR, CYNTHIA A.","May 23, 2023",OBESITY; ANTI-OBESITY EDUCATION PROGRAM
https://ldr.senate.gov.ph/legislative-issuances/senate-bills/bills/senate-bill-no-2295-19th-congress,"AN ACT STRENGTHENING THE BULACAN STATE UNIVERSITY AS A SYSTEM, PROVIDING FOR ITS POWERS AND FUNCTIONS, AMENDING FOR THE PURPOSE REPUBLIC ACT NO. 7665, OTHERWISE KNOWN AS AN ACT CONVERTING THE BULACAN COLLEGE OF ARTS AND TRADES IN THE PROVINCE OF BULACAN INTO A STATE UNIVERSITY TO BE KNOWN AS THE BULACAN STATE UNIVERSITY, AND APPROPRIATING FUNDS THEREFOR, AND FOR OTHER PURPOSES",REVISED BULACAN STATE UNIVERSITY CHARTER,"GATCHALIAN, WIN","December 7, 2023",STATE UNIVERSITIES AND COLLEGES (SUCS); BULACAN STATE UNIVERSITY SYSTEMS
https://ldr.senate.gov.ph/legislative-issuances/senate-bills/bills/senate-bill-no-2383-19th-congress,AN ACT PROVIDING FOR PROTECTION OF THE REMITTANCES OF OVERSEAS FILIPINO WORKERS,OVERSEAS FILIPINO WORKERS (OFWS) REMITTANCE PROTECTION ACT,"LAPID, MANUEL ""LITO"" M.","January 8, 2023",OVERSEAS FILIPINO WORKERS (OFW); REMITTANCE
https://ldr.senate.gov.ph/legislative-issuances/senate-bills/bills/senate-bill-no-1644-19th-congress,N/A,FOOD SURPLUS REDUCTION ACT,"ESTRADA, JINGGOY E.","September 1, 2023",FOOD WASTE; FOOD RECYCLING; FOOD SURPLUS
https://ldr.senate.gov.ph/legislative-issuances/senate-bills/bills/senate-bill-no-1707-19th-congress,N/A,COMPETITIVE REMUNERATION AND COMPENSATION PACKAGES FOR SOCIAL WORKERS ACT OF 2023,"GO, CHRISTOPHER LAWRENCE T.","January 19, 2023",SOCIAL WORKERS
https://ldr.senate.gov.ph/legislative-issuances/senate-bills/bills/senate-bill-no-2015-19th-congress,N/A,KAPARKAN FALLS  AN ECOTOURISM SITE (ABRA),"ESTRADA, JINGGOY E.","March 16, 2023",ECOTOURISM SITES
https://ldr.senate.gov.ph/legislative-issuances/senate-bills/bills/senate-bill-no-1853-19th-congress,N/A,PENSYON PARA PILIPINONG MAGSASAKA AT MANGINGISDA ACT OF 2023,"REVILLA JR., RAMON BONG","July 2, 2023",FARMERS; FISHERFOLK; PENSION
https://ldr.senate.gov.ph/legislative-issuances/senate-bills/bills/senate-bill-no-1917-19th-congress,N/A,ILIGAN GENERAL HOSPITAL,"MARCOS, IMEE R.","February 22, 2023","HOSPITALS, ESTABLISHMENT"
https://ldr.senate.gov.ph/legislative-issuances/senate-bills/bills/senate-bill-no-2123-19th-congress,N/A,ESTABLISHING REGIONAL AND LOCAL CONCERTS AND ARTS FAIRS,"VILLAR, MARK A.","March 5, 2023",REGIONAL AND LOCAL CONCERT AND ARTS FAIRS; MUSIC INDUSTRY
https://ldr.senate.gov.ph/legislative-issuances/senate-bills/bills/senate-bill-no-2187-19th-congress,N/A,FREE DIALYSIS FOR SENIOR CITIZENS ACT OF 2023,"VILLAR, CYNTHIA A.","May 15, 2023",DIALYSIS; SENIOR CITIZEN/ELDERLY; DIALYSIS CENTER; DEPARTMENT OF HEALTH (DOH)
https://ldr.senate.gov.ph/legislative-issuances/senate-bills/bills/senate-bill-no-2261-19th-congress,N/A,"CONVERTING THE JOLO CIRCUMFERENTIAL ROAD,  PROVINCE OF SULU, INTO A NATIONAL ROAD","MARCOS, IMEE R.","May 29, 2023","ROADS, CIRCUMFERENTIAL ROAD CONSTRUCTION; ROADS, CONVERSION"
https://ldr.senate.gov.ph/legislative-issuances/senate-bills/bills/senate-bill-no-1675-19th-congress,"AN ACT ENHANCING ACCESSIBILITY IN THE VOTING OF SENIOR CITIZENS, PERSONS WITH DISABILITIES, PREGNANT WOMEN, AND INDIGENOUS PEOPLES, AMENDING FOR THE PURPOSE REPUBLIC ACT NO. 10366, OTHERWISE KNOWN AS AN ACT AUTHORIZING THE COMMISSION ON ELECTIONS TO ESTABLISH PRECINTS ASSIGNED TO ACCESSIBLE POLLING PLACES EXCLUSIVELY FOR PERSONS WITH DISABILITIES AND SENIOR CITIZENS, PROVIDING FUNDS THEREFOR, AND FOR OTHER PURPOSES","BETTER VOTING ACCESSIBILITY FOR SENIOR, PWDS, PREGNANT WOMEN, AND IPS ACT","VILLAR, MARK A.","December 1, 2023",SENIOR CITIZEN/ELDERLY; PERSONS WITH DISABILITIES (PWDS); INDIGENOUS PEOPLE; COMMISSION ON ELECTION (COMELEC)
https://ldr.senate.gov.ph/legislative-issuances/senate-bills/bills/senate-bill-no-1979-19th-congress,"AN ACT PROVIDING FOR A NATIONAL POLICY IN PREVENTING ADOLESCENT PREGNANCIES, INSTITUTIONALIZING SOCIAL PROTECTION FOR ADOLESCENT PARENTS, AND PROVIDING FUNDS THEREFOR",PREVENTION OF ADOLESCENT PREGNANCY ACT OF 2023,"ANGARA, SONNY; MARCOS, IMEE R.; TULFO, RAFFY T.; HONTIVEROS, RISA; REVILLA JR., RAMON BONG","July 3, 2023",TEENAGE PREGNANCY; ADOLESCENT PREGNANCIES
https://ldr.senate.gov.ph/legislative-issuances/senate-bills/bills/senate-bill-no-1885-19th-congress,N/A,NATIONAL HEROES COUNCIL ACT,"MARCOS, IMEE R.","February 15, 2023",NATIONAL HEROES COUNCIL; NATIONAL HISTORICAL COMMISSION OF THE PHILIPPINES (NHCP)
https://ldr.senate.gov.ph/legislative-issuances/senate-bills/bills/senate-bill-no-1949-19th-congress,"AN ACT ESTABLISHING A COLLEGE OF MEDICINE IN THE UNIVERSITY OF SCIENCE AND TECHNOLOGY OF SOUTHERN PHILIPPINES-CAGAYAN DE ORO CITY CAMPUS IN THE CAGAYAN DE ORO CITY, PROVINCE OF MISAMIS ORIENTAL, TO BE KNOWN AS THE UNIVERSITY OF SCIENCE AND TECHNOLOGY OF SOUTHERN PHILIPPINES-COLLEGE OF MEDICINE, AND APPROPRIATING FUNDS THEREFOR",UNIVERSITY OF SCIENCE AND TECHNOLOGY OF SOUTHERN PHILIPPINES-COLLEGE OF MEDICINE,"MARCOS, IMEE R.","January 3, 2023","SCHOOLS, ESTABLISHMENT; SCIENCE  AND TECHNOLOGY"
https://ldr.senate.gov.ph/legislative-issuances/senate-bills/bills/senate-bill-no-2091-19th-congress,N/A,EXTENDING THE LIFE OF THE PHILIPPINE AEROSPACE DEVELOPMENT CORPORATION (PADC),"VILLAR, MARK A.","April 25, 2023",PHILIPPINE AEROSPACE DEVELOPMENT CORPORATION (PADC)
https://ldr.senate.gov.ph/legislative-issuances/senate-bills/bills/senate-bill-no-2155-19th-congress,N/A,"DECLARING THE IMMEDIATE ENVIRONS OF SAN ROQUE PARISH CHURCH, A TOURISM DESTINATION","REVILLA JR., RAMON BONG","September 5, 2023",TOURISM DESTINATION; CHURCHES
https://ldr.senate.gov.ph/legislative-issuances/senate-bills/bills/senate-bill-no-162-19th-congress,N/A,HEALTH WORKERS SALARY UPGRADING ACT OF 2022,"EJERCITO, JOSEPH VICTOR G.","July 7, 2022",HEALTHCARE WORKERS; SALARY
https://ldr.senate.gov.ph/legislative-issuances/senate-bills/bills/senate-bill-no-1028-19th-congress,N/A,UPHOLDING THE RIGHT OF ACQUISITION BY QUALIFIED BENEFICIARIES OF GOVERNMENT-OWNED LANDS,"ESTRADA, JINGGOY E.","April 8, 2022",RIGHT OF ACQUISITION; URBAN DEVELOPMENT AND HOUSING ACT (R.A.NO. 7279)
https://ldr.senate.gov.ph/legislative-issuances/senate-bills/bills/senate-bill-no-1104-19th-congress,AN ACT INSTITUTING THE MAGNA CARTA OF FILIPINO SEAFARERS,MAGNA CARTA OF FILIPINO SEAFARERS OF 2022,"REVILLA JR., RAMON BONG","August 8, 2022",MAGNA CARTA OF FILIPINO SEAFARERS
https://ldr.senate.gov.ph/legislative-issuances/senate-bills/bills/senate-bill-no-226-19th-congress,N/A,SMALL AND MEDIUM ENTERPRISES STOCK EXCHANGE ACT OF 2022,"VILLAR, MARK A.","July 7, 2022",SMALL AND MEDIUM ENTERPRISES STOCK EXCHANGE (SMEX)
https://ldr.senate.gov.ph/legislative-issuances/senate-bills/bills/senate-bill-no-1096-19th-congress,"AN ACT AMENDING CERTAIN SECTIONS OF REPUBLIC ACT NO. 9173, OTHERWISE KNOWN AS THE ‘PHILIPPINE NURSING ACT OF 2002’, PROVIDING FOR AN ADVANCED NURSING EDUCATION PROGRAM, AND FOR OTHER PURPOSES",ADVANCED NURSING EDUCATION ACT OF 2022,"REVILLA JR., RAMON BONG","August 8, 2022",ADVANCED NURSING EDUCATION PROGRAM; PHILIPPINE NURSING ACT
https://ldr.senate.gov.ph/legislative-issuances/senate-bills/bills/senate-bill-no-252-19th-congress,N/A,TAX-FREE IMPORTATION OF MEDICAL DEVICES AND EQUIPMENT ACT,"CAYETANO, PIA S.","November 7, 2022",TAX EXEMPTION; MEDICAL DEVICES; TAXES (VALUE-ADDED TAX / VAT)
https://ldr.senate.gov.ph/legislative-issuances/senate-bills/bills/senate-bill-no-320-19th-congress,N/A,AMENDING R.A. NO. 7305 (MAGNA CARTA OF PUBLIC HEALTH WORKERS),"ANGARA, SONNY","December 7, 2022",Magna Carta of Public Health Workers; HEALTHCARE WORKERS
https://ldr.senate.gov.ph/legislative-issuances/senate-bills/bills/senate-bill-no-1106-19th-congress,"AN ACT PROTECTING CONSUMERS AND USERS AGAINST FORCED E-BILLING, ADDING FOR THIS PURPOSE A NEW PROVISION AND AMENDING CERTAIN PROVISIONS OF REPUBLIC ACT NO. 7394, OTHERWISE KNOWN AS THE CONSUMER ACT OF THE PHILIPPINES, AND PROVIDING PENALTIES FOR VIOLATIONS THEREOF",PROTECTING CONSUMERS AND USERS AGAINST FORCED E-BILLING,"REVILLA JR., RAMON BONG","August 8, 2022",E-BILLING; CONSUMER PROTECTION; CONSUMER ACT (R.A.NO. 7394)
https://ldr.senate.gov.ph/legislative-issuances/senate-bills/bills/senate-bill-no-8-19th-congress,N/A,PANGKABUHAYAN ACT OF 2022,"LEGARDA, LOREN B.","April 7, 2022","MICRO, SMALL AND MEDIUM ENTERPRISES (MSMES); PANGKABUHAYAN ACT"
https://ldr.senate.gov.ph/legislative-issuances/senate-bills/bills/senate-bill-no-1217-19th-congress,N/A,STRENGTHENING THE LABOR CODE OF THE PHILIPPINES (P.D. 442),"REVILLA JR., RAMON BONG","August 18, 2022",LABOR CODE OF THE PHILIPPINES (P.D.NO. 442)
https://ldr.senate.gov.ph/legislative-issuances/senate-bills/bills/senate-bill-no-72-19th-congress,N/A,PHILIPPINE ORTHOPEDIC CENTER MODERNIZATION ACT,"PIMENTEL, AQUILINO ""KOKO"" III","July 7, 2022",PHILIPPINE ORTHOPEDIC CENTER
https://ldr.senate.gov.ph/legislative-issuances/senate-bills/bills/senate-bill-no-416-19th-congress,N/A,AMENDING SEC. 5 OF R.A. NO. 4726 (THE CONDOMINIUM ACT),"MARCOS, IMEE R.","December 7, 2022",CONDOMINIUM/CONDOMINIUM LAW (R.A.NO. 4726)
https://ldr.senate.gov.ph/legislative-issuances/senate-bills/bills/senate-bill-no-480-19th-congress,N/A,"MABCA NATIONAL HIGH SCHOOL (SAGÑAY, CAMARINES SUR)","GATCHALIAN, WIN","July 13, 2022","SCHOOLS, ESTABLISHMENT"
https://ldr.senate.gov.ph/legislative-issuances/senate-bills/bills/senate-bill-no-1488-19th-congress,N/A,GREEN PUBLIC PROCUREMENT ACT,"REVILLA JR., RAMON BONG","September 11, 2022",GREEN PUBLIC PROCUREMENT; GOVERNMENT AGENCIES
https://ldr.senate.gov.ph/legislative-issuances/senate-bills/bills/senate-bill-no-932-19th-congress,N/A,BAYANING ATLETANG FILIPINO ACT,"VILLANUEVA, JOEL","July 28, 2022",ATHLETES
https://ldr.senate.gov.ph/legislative-issuances/senate-bills/bills/senate-bill-no-1197-19th-congress,N/A,BARANGAY BENEFITS ACT OF 2022,"MARCOS, IMEE R.","August 16, 2022",BARANGAY OFFICIALS; BENEFITS AND INCENTIVES
https://ldr.senate.gov.ph/legislative-issuances/senate-bills/bills/senate-bill-no-1309-19th-congress,N/A,THE TAXPAYERS BILL OF RIGHTS ACT,"REVILLA JR., RAMON BONG","September 13, 2022",TAXPAYER BILL OF RIGHTS
https://ldr.senate.gov.ph/legislative-issuances/senate-bills/bills/senate-bill-no-182-19th-congress,N/A,CITIZEN SERVICE PROGRAM ACT,"MARCOS, IMEE R.","July 7, 2022",NATIONAL SERVICE TRAINING PROGRAM (NSTP); CITIZEN SERVICE TRAINING COURSE
https://ldr.senate.gov.ph/legislative-issuances/senate-bills/bills/senate-bill-no-1000-19th-congress,N/A,AMENDING SECS. 3 AND 7 OF R.A. NO. 9512 (NATIONAL ENVIRONMENTAL AWARENESS AND EDUCATION ACT),"ANGARA, SONNY","March 8, 2022",NATIONAL ENVIRONMENTAL AWARENESS AND EDUCATION ACT OF 2008
https://ldr.senate.gov.ph/legislative-issuances/senate-bills/bills/senate-bill-no-1064-19th-congress,N/A,STRENGTHENING THE FORFEITURE POWERS OF THE STATE,"POE, GRACE","August 8, 2022","FORFEITURE LAW (R.A.NO. 1379, AMENDMENTS)"
https://ldr.senate.gov.ph/legislative-issuances/senate-bills/bills/senate-bill-no-1383-19th-congress,AN ACT PROMOTING OPEN ACCESS IN INTERNET SERVICES AND FOR OTHER PURPOSES,OPEN ACCESS IN INTERNET SERVICES ACT,"ZUBIRI, JUAN MIGUEL ""MIGZ"" F.","December 10, 2022",OPEN ACCES IN INTERNET SERVICES; INTERNET ACCESS
https://ldr.senate.gov.ph/legislative-issuances/senate-bills/bills/senate-bill-no-288-19th-congress,N/A,POSTPONING THE DECEMBER 2022 BARANGAY AND SANGGUNIANG KABATAAN ELECTIONS,"ESCUDERO, FRANCIS G.","November 7, 2022",BARANGAY ELECTIONS/SK ELECTIONS
https://ldr.senate.gov.ph/legislative-issuances/senate-bills/bills/senate-bill-no-1446-19th-congress,N/A,ATM VISUALLY IMPAIRED FRIENDLY ACT,"VILLAR, MARK A.","February 11, 2022",AUTOMATED  TELLER MACHINE  (ATM) VISUALLY IMPAIRED
https://ldr.senate.gov.ph/legislative-issuances/senate-bills/bills/senate-bill-no-352-19th-congress,N/A,"NATIONAL FARMERS, FISHERFOLKS AND AGRI-WORKERS' DAY'","VILLAR, CYNTHIA A.","December 7, 2022",HOLIDAYS (SPECIAL WORKING); FARMERS
https://ldr.senate.gov.ph/legislative-issuances/senate-bills/bills/senate-bill-no-1138-19th-congress,N/A,SAFE PATHWAYS ACT,"VILLANUEVA, JOEL","November 8, 2022",SAFE PATHWAYS; EMERGENCY PATHWAYS
https://ldr.senate.gov.ph/legislative-issuances/senate-bills/bills/senate-bill-no-40-19th-congress,"AN ACT REDEFINING THE CRIME OF GAME-FIXING AND PRESCRIBING HIGHER PENALTIES THEREFOR, AMENDING FOR THIS PURPOSE PRESIDENTIAL DECREE NO. 483",ANTI-GAME FIXING ACT OF 2022,"LAPID, MANUEL ""LITO"" M.","June 7, 2022",GAME-FIXING
https://ldr.senate.gov.ph/legislative-issuances/senate-bills/bills/senate-bill-no-1180-19th-congress,N/A,MEDICAL RESERVE CORPS ACT OF 2022,"GO, CHRISTOPHER LAWRENCE T.","August 16, 2022",MEDICAL RESERVE CORPS
https://ldr.senate.gov.ph/legislative-issuances/senate-bills/bills/senate-bill-no-384-19th-congress,N/A,PANTAWID PASADA ACT,"GATCHALIAN, WIN","December 7, 2022",PANTAWID PASADA; ENERGY
https://ldr.senate.gov.ph/legislative-issuances/senate-bills/bills/senate-bill-no-104-19th-congress,"AN ACT ALLOWING AND REGULATING THE USE OF MOTORCYCLES AS PUBLIC UTILITY VEHICLES, AMENDING FOR THIS PURPOSE REPUBLIC ACT NO. 4136, OTERWISE KNOWN AS THE LAND TRANSPORTATION AND TRAFFIC CODE, AND FOR OTHER PURPOSES",THE MOTORCYCLES-FOR-HIRE ACT OF 2022,"POE, GRACE; DELA ROSA, RONALD ""BATO""","July 7, 2022",MOTORCYCLES-FOR-HIRE; MOTORCYCLE; PUBLIC UTILITY VEHICLES; LAND TRANSPORTATION AND TRAFFIC CODE (R.A.NO. 4136)
https://ldr.senate.gov.ph/legislative-issuances/senate-bills/bills/senate-bill-no-448-19th-congress,AN ACT TO ESTABLISH A NURSING HOME FOR SENIOR CITIZENS AND APPROPRIATING FUNDS THEREFOR,NURSING HOME FOR SENIOR CITIZENS (NHSC) ACT,"PADILLA, ROBINHOOD C.","December 7, 2022",NURSING HOME FOR SENIOR CITIZENS (NHSC); SENIOR CITIZEN/ELDERLY
https://ldr.senate.gov.ph/legislative-issuances/senate-bills/bills/senate-bill-no-959-19th-congress,N/A,FALSE BOMB THREAT PROHIBITION ACT OF 2022,"POE, GRACE","January 8, 2022","BOMBS, EXPLOSIVES AND OTHER INCENDIARY DEVICES; FALSE BOMB THREAT"
https://ldr.senate.gov.ph/legislative-issuances/senate-bills/bills/senate-bill-no-1586-19th-congress,"AN ACT PROVIDING FOR A PROPORTIONATE SCHOOL ADMISSION AND ACCEPTANCE SHARE IN THE PHILIPPINE MILITARY ACADEMY AND THE PHILIPPINE NATIONAL POLICE ACADEMY FOR MEMBERS OF THE INDIGENOUS CULTURAL COMMUNITIES/ INDIGENOUS PEOPLES, AND FOR SUCH OTHER PURPOSES",KATUTUBONG TAGAPAGTANGGOL ACT OF 2022,"TOLENTINO, FRANCIS ""TOL"" N.","May 12, 2022",PHILIPPINE MILITARY ACADEMY (PMA); PHILIPPINE NATIONAL POLICE (PNP); INDIGENOUS CULTURAL COMMUNITIES; INDIGENOUS PEOPLE
https://ldr.senate.gov.ph/legislative-issuances/senate-bills/bills/senate-bill-no-1275-19th-congress,AN ACT PROVIDING FOR WORK BENEFITS AND SOCIAL PROTECTION TO ALL DELIVERY PLATFORM RIDERS WORKING IN THE GIG ECONOMY,DELIVERY PLATFORM RIDERS PROTECTION ACT OF 2022,"TOLENTINO, FRANCIS ""TOL"" N.","May 9, 2022",DELIVERY RIDERS PROTECTION; BENEFITS AND INCENTIVES
https://ldr.senate.gov.ph/legislative-issuances/senate-bills/bills/senate-bill-no-1467-19th-congress,N/A,PHILIPPINE BUILDING ACT OF 2022,"REVILLA JR., RAMON BONG","March 11, 2022",BUILDINGS/STRUCTURES; BUILDING CODE OF THE PHILIPPINES (R.A.NO. 6541)
https://ldr.senate.gov.ph/legislative-issuances/senate-bills/bills/senate-bill-no-970-19th-congress,N/A,AMENDING SEC. 95 (B) OF P.D. NO. 856 (CODE ON SANITATION OF THE PHILIPPINES),"POE, GRACE","January 8, 2022",CODE ON SANITATION OF THE PHILIPPINES (P.D.NO. 856)
https://ldr.senate.gov.ph/legislative-issuances/senate-bills/bills/senate-bill-no-1286-19th-congress,N/A,TRANS-FAT FREE PHILIPPINES ACT,"VILLANUEVA, JOEL","June 9, 2022",TRANS-FATTY ACIDS
https://ldr.senate.gov.ph/legislative-issuances/senate-bills/bills/senate-bill-no-161-19th-congress,AN ACT ESTABLISHING SPECIALTY CENTER IN EVERY REGION AND APPROPRIATING FUNDS THEREFOR,REGIONAL SPECIALTY CARE ACT OF 2022,"ESCUDERO, FRANCIS G.; EJERCITO, JOSEPH VICTOR G.","July 7, 2022","HOSPITALS (SPECIALIZED HOSPITALS, PHCA, LCP, NKFP, LNK, TGH); Health services; DEPARTMENT OF HEALTH (DOH)"
https://ldr.senate.gov.ph/legislative-issuances/senate-bills/bills/senate-bill-no-1600-19th-congress,N/A,SOGIESC EQUALITY ACT,"HONTIVEROS, RISA","June 12, 2022",SEXUAL ORIENTATION (LESBIANS/GAYS/SOGIE); SOGIESC EQUALITY
https://ldr.senate.gov.ph/legislative-issuances/senate-bills/bills/senate-bill-no-225-19th-congress,"AN ACT FURTHER PROTECTING THE INTEGRITY OF ELECTRONIC TRANSACTIONS, DEFINING FOR THE PURPOSE THE CRIME OF INTERNET AND TELECOMMUNICATIONS PHISHING, PROVIDING PENALTIES THEREFOR",ANTI-PHISHING LAW,"VILLAR, MARK A.","July 7, 2022",ANTI-PHISHING; ELECTRONIC TECHNOLOGY; INTERNET TRANSACTIONS
https://ldr.senate.gov.ph/legislative-issuances/senate-bills/bills/senate-bill-no-990-19th-congress,"AN ACT MANDATING THE ESTABLISHMENT, MANAGEMENT, MAINTENANCE, AND REGULATION OF A RAINWATER HARVESTING FACILITY IN ALL NEW INSTITUTIONAL, COMMERCIAL, INDUSTRIAL, AND RESIDENTIAL DEVELOPMENT PROJECTS IN METRO MANILA",RAINWATER HARVESTING FACILITY ACT OF 2022,"REVILLA JR., RAMON BONG","February 8, 2022",RAINWATER HARVESTING FACILITY
https://ldr.senate.gov.ph/legislative-issuances/senate-bills/bills/senate-bill-no-497-19th-congress,N/A,RIGHT TO ADEQUATE FOOD ACT,"LEGARDA, LOREN B.","July 13, 2022",RIGHT TO ADEQUATE FOOD; FOOD SECURITY
https://ldr.senate.gov.ph/legislative-issuances/senate-bills/bills/senate-bill-no-1043-19th-congress,"AN ACT PROTECTING THE RIGHT OF THE PEOPLE TO FREEDOM OF RELIGION IN THE PHILIPPINES GUARANTEED UNDER SECTION 5, ARTICLE III OF THE 1987 CONSTITUTION AND FOR OTHER PURPOSES",MAGNA CARTA ON RELIGIOUS FREEDOM ACT,"VILLANUEVA, JOEL","April 8, 2022",FREEDOM OF RELIGION; MAGNA CARTA ON RELIGIOUS FREEDOM
https://ldr.senate.gov.ph/legislative-issuances/senate-bills/bills/senate-bill-no-561-19th-congress,N/A,RESERVIST EMPLOYMENT RIGHTS ACT,"VILLANUEVA, JOEL","July 14, 2022",RESERVIST EMPLOYMENT; ARMED FORCES OF THE PHILIPPINES RESERVIST; ARMED FORCES OF THE PHILIPPINES (AFP)
https://ldr.senate.gov.ph/legislative-issuances/senate-bills/bills/senate-bill-no-1361-19th-congress,"AN ACT CREATING A REGIONAL HEART CENTER IN EACH OF THE ADMINISTRATIVE REGIONS, PROVIDING FUNDS THEREFOR, AND FOR OTHER PURPOSES",REGIONAL HEART CENTERS ACT,"PADILLA, ROBINHOOD C.","April 10, 2022",HEART CENTER
https://ldr.senate.gov.ph/legislative-issuances/senate-bills/bills/senate-bill-no-263-19th-congress,N/A,BPO WORKERS HEALTH AND SAFETY ACT OF 2022,"REVILLA JR., RAMON BONG","November 7, 2022",BUSINESS PROCESS OUTSOURCING (BPO); OCCUPATIONAL SAFETY; health care
https://ldr.senate.gov.ph/legislative-issuances/senate-bills/bills/senate-bill-no-1425-19th-congress,N/A,LEYTE ECOLOGICAL INDUSTRIAL ZONE ACT,"REVILLA JR., RAMON BONG","October 27, 2022",ECOLOGICAL INDUSTRIAL ZONE
https://ldr.senate.gov.ph/legislative-issuances/senate-bills/bills/senate-bill-no-332-19th-congress,N/A,CNSP BIRTH REGISTRATION ACT,"POE, GRACE","December 7, 2022",BIRTH REGISTRATION; CHILDREN IN NEED OF SPECIAL PROTECTION (CSNP); CHILDBIRTH SERVICES
https://ldr.senate.gov.ph/legislative-issuances/senate-bills/bills/senate-bill-no-1117-19th-congress,"AN ACT ESTABLISHING THE NATIONAL COASTAL GREENBELT ZONES AND THE NATIONAL COASTAL GREENBELT MANAGEMENT ACTION PLAN, PROVIDING FUNDS THEREFOR AND FOR OTHER PURPOSES",NATIONAL COASTAL GREENBELT ACT OF 2022,"LEGARDA, LOREN B.","September 8, 2022",NATIONAL COASTAL GREENBELT
https://ldr.senate.gov.ph/legislative-issuances/senate-bills/bills/senate-bill-no-19-19th-congress,N/A,SAFE PATHWAYS NETWORK  ACT,"CAYETANO, PIA S.","May 7, 2022",BICYCLE LANES; SAFE PATHWAYS
https://ldr.senate.gov.ph/legislative-issuances/senate-bills/bills/senate-bill-no-1163-19th-congress,N/A,CENTER FOR DISEASE CONTROL AND PREVENTION ACT,"EJERCITO, JOSEPH VICTOR G.","August 15, 2022",PHILIPPINE CENTER FOR DISEASE CONTROL AND PREVENTION
https://ldr.senate.gov.ph/legislative-issuances/senate-bills/bills/senate-bill-no-83-19th-congress,N/A,BASIC EDUCATION TEACHERS PAY INCREASE ACT,"ZUBIRI, JUAN MIGUEL ""MIGZ"" F.","July 7, 2022",BASIC EDUCATION/BASIC EDUCATION INSTITUTIONS; TEACHERS; SALARY
https://ldr.senate.gov.ph/legislative-issuances/senate-bills/bills/senate-bill-no-427-19th-congress,"AN ACT MANDATING THE APPOINTMENT OF BARANGAY HEALTH WORKERS IN BARANGAYS, PROVIDING FOR THEIR DUTIES AND RESPONSIBILITIES, COMPENSATION AND BENEFITS, AND FOR OTHER PURPOSES",BARANGAY HEALTH WORKERS ACT OF 2022,"GO, CHRISTOPHER LAWRENCE T.","December 7, 2022",BARANGAY HEALTH WORKER; BENEFITS AND INCENTIVES
https://ldr.senate.gov.ph/legislative-issuances/senate-bills/bills/senate-bill-no-1507-19th-congress,N/A,PHILIPPINE MICROBIOLOGY ACT,"ESTRADA, JINGGOY E.","November 14, 2022",MICROBIOLOGY
https://ldr.senate.gov.ph/legislative-issuances/senate-bills/bills/senate-bill-no-938-19th-congress,N/A,CONTINUING PROFESSIONAL DEVELOPMENT OF FILIPINO WORKERS AND PROFESSIONALS,"VILLANUEVA, JOEL","July 28, 2022",CONTINUING PROFESSIONAL DEVELOPMENT (R.A.NO. 10912)
https://ldr.senate.gov.ph/legislative-issuances/senate-bills/bills/senate-bill-no-1319-19th-congress,N/A,NATIONAL AUTISM CARE PLAN ACT,"HONTIVEROS, RISA","September 14, 2022",AUTISM SPECTRUM DISORDER (ASD)
https://ldr.senate.gov.ph/legislative-issuances/senate-bills/bills/senate-bill-no-129-19th-congress,"AN ACT INSTITUTIONALIZING AND EXPANDING THE NATIONAL EMPLOYMENT RECOVERY STRATEGY (NERS) TO A NATIONAL EMPLOYMENT ACTION PLAN, APPROPRIATING FUNDS THEREFOR AND FOR OTHER PURPOSES",TRABAHO PARA SA LAHAT NG PILIPINO ACT,"GATCHALIAN, WIN; VILLANUEVA, JOEL","July 7, 2022",NATIONAL EMPLOYMENT RECOVERY STRATEGY (NERS)
https://ldr.senate.gov.ph/legislative-issuances/senate-bills/bills/senate-bill-no-193-19th-congress,"AN ACT ESTABLISHING A MANDATORY EVACUATION CENTER IN ALL CITIES, PROVINCES AND MUNICIPALITIES, APPROPRIATING FUNDS THEREFOR",MANDATORY EVACUATION CENTER ACT OF 2022,"GO, CHRISTOPHER LAWRENCE T.","July 7, 2022",EVACUATION CENTER; DISASTER PREPAREDNESS/DISASTER INFORMATION
https://ldr.senate.gov.ph/legislative-issuances/senate-bills/bills/senate-bill-no-1621-19th-congress,N/A,13TH MONTH PAY LAW FOR CONTRACTUAL AND JOB ORDER PERSONNEL,"REVILLA JR., RAMON BONG","December 14, 2022",13TH MONTH PAY; GOVERNMENT EMPLOYEES (CASUAL/CONTRACTUAL)
https://ldr.senate.gov.ph/legislative-issuances/senate-bills/bills/senate-bill-no-1011-19th-congress,N/A,ENHANCING INTER-LGU COOPERATION,"ANGARA, SONNY","March 8, 2022",LOCAL GOVERNMENT UNITS (LGUs); LOCAL GOVERNMENT CODE (R.A.NO. 7160)
https://ldr.senate.gov.ph/legislative-issuances/senate-bills/bills/senate-bill-no-529-19th-congress,N/A,TREE GROWING AGREEMENT ACT,"VILLAR, CYNTHIA A.","July 13, 2022",WOOD PRODUCTION; REFORESTATION
https://ldr.senate.gov.ph/legislative-issuances/senate-bills/bills/senate-bill-no-1075-19th-congress,N/A,EXPANDING THE BENEFITS OF THE SOCIAL SECURITY SYSTEM,"POE, GRACE","August 8, 2022",SOCIAL SECURITY SYSTEM (SSS)
https://ldr.senate.gov.ph/legislative-issuances/senate-bills/bills/senate-bill-no-1394-19th-congress,N/A,MODERNIZED NATIONAL MEASUREMENT SYSTEM ACT OF 2022,"REVILLA JR., RAMON BONG","October 17, 2022",NATIONAL MEASUREMENT SYSTEM
https://ldr.senate.gov.ph/legislative-issuances/senate-bills/bills/senate-bill-no-299-19th-congress,N/A,ENHANCED BATAS KASAMBAHAY ACT,"CAYETANO, ALAN PETER S.","December 7, 2022",BATAS KASAMBAHAY (R.A.NO. 10361); DOMESTIC WORKERS
https://ldr.senate.gov.ph/legislative-issuances/senate-bills/bills/senate-bill-no-1457-19th-congress,N/A,CREATING THE POSITION OF BARANGAY NUTRITION WORKER,"REVILLA JR., RAMON BONG","March 11, 2022",BARANGAY NUTRITION WORKER
https://ldr.senate.gov.ph/legislative-issuances/senate-bills/bills/senate-bill-no-363-19th-congress,"AN ACT STRENGTHENING TECHNICAL VOCATIONAL EDUCATION AND TRAINING (TVET) IN THE PHILIPINES BY INCORPORATING APPRENTICESHIP AND DUAL TRAINING SYSTEM, PROVIDING FOR CONTINUOUS TRAINING OF THE UNEMPLOYED, AND EXPANDING THE PROVISION OF ENTERPRISE - BASED EDUCATION AND TRAINING, AND FOR OTHER PURPOSES",ENTERPRISE-BASED EDUCATION AND TRAINING TO EMPLOYMENT ACT,"TULFO, RAFFY T.; VILLANUEVA, JOEL","December 7, 2022",TECHNICAL VOCATIONAL EDUCATION AND TRAINING (TVET); ENTERPRISE-BASED EDUCATION AND TRAINING (EBET) PROGRAM; ENTERPRISE-BASED EDUCATION AND TRAINING TO EMPLOYMENT
https://ldr.senate.gov.ph/legislative-issuances/senate-bills/bills/senate-bill-no-1146-19th-congress,N/A,BILLBOARD REGULATION ACT,"GATCHALIAN, WIN","August 15, 2022",BILLBOARDS
https://ldr.senate.gov.ph/legislative-issuances/senate-bills/bills/senate-bill-no-51-19th-congress,N/A,NATIONAL TAX ALLOTMENT AND REVENUES OF LOCAL GOVERNMENT UNITS,"ESCUDERO, FRANCIS G.","July 7, 2022",LOCAL GOVERNMENT UNITS (LGUs); NATIONAL TAX ALLOTMENT; GOVERNMENT AGENCIES
https://ldr.senate.gov.ph/legislative-issuances/senate-bills/bills/senate-bill-no-395-19th-congress,N/A,BARANGAY FOOD SECURITY ACT,"EJERCITO, JOSEPH VICTOR G.","December 7, 2022",VEGETABLE GARDENS; INDIGENT PERSONS; FOOD SECURITY; URBAN FARMING/CITY GARDEN
https://ldr.senate.gov.ph/legislative-issuances/senate-bills/bills/senate-bill-no-115-19th-congress,"AN ACT STRENGTHENING THE PHILIPPINE CROP INSURANCE CORPORATION, REPEALING FOR THE PURPOSE PRESIDENTIAL DECREE NO. 1467, AS AMENDED, ENTITLED CREATING THE PHILIPPINE CROP INSURANCE CORPORATION PRESCRIBING ITS POWERS AND ACTIVITIES, PROVIDING FOR ITS CAPITALIZATION AND FOR THE REQUIRED GOVERNMENT PREMIUM SUBSIDY, AND FOR OTHER PURPOSES",PHILIPPINE CROP INSURANCE CORPORATION ACT,"VILLANUEVA, JOEL; BINAY, MARIA LOURDES NANCY S.","July 7, 2022",PHILIPPINE CROP INSURANCE CORPORATION
https://ldr.senate.gov.ph/legislative-issuances/senate-bills/bills/senate-bill-no-310-19th-congress,N/A,CONSTRUCTION OF A POTABLE WATER SUPPLY SYSTEM IN EVERY BARANGAY,"ZUBIRI, JUAN MIGUEL ""MIGZ"" F.","December 7, 2022",POTABLE WATER SUPPLY SYSTEM; BARANGAYS; health care
https://ldr.senate.gov.ph/legislative-issuances/senate-bills/bills/senate-bill-no-1209-19th-congress,N/A,PREVENTION OF  ADOLESCENT PREGNANCY ACT OF 2022,"REVILLA JR., RAMON BONG","August 18, 2022",ADOLESCENT PREGNANCIES; TEENAGE PREGNANCY
https://ldr.senate.gov.ph/legislative-issuances/senate-bills/bills/senate-bill-no-62-19th-congress,N/A,SAMPUNG LIBONG PAGASA LAW,"CAYETANO, ALAN PETER S.","July 7, 2022",CASH ASSISTANCE; CORONA VIRUS 2019; PANDEMIC
https://ldr.senate.gov.ph/legislative-issuances/senate-bills/bills/senate-bill-no-406-19th-congress,N/A,TAX INCENTIVES TO PHARMACEUTICAL COMPANIES MANUFACTURING PEDIATRIC VACCINES/MEDICINES,"TOLENTINO, FRANCIS ""TOL"" N.","December 7, 2022",VACCINE; MEDICINES/DRUGS; PHARMACEUTICAL MANUFACTURERS/MEDICAL DEVICE MANUFACTURERS; TAXES (VALUE-ADDED TAX / VAT)
https://ldr.senate.gov.ph/legislative-issuances/senate-bills/bills/senate-bill-no-470-19th-congress,N/A,ANTI-DRUG ABUSE COUNCILS (ADAC) LAW,"ESTRADA, JINGGOY E.","July 13, 2022",ANTI-DRUG ABUSE COUNCILS (ADACS)
https://ldr.senate.gov.ph/legislative-issuances/senate-bills/bills/senate-bill-no-1478-19th-congress,"AN ACT PROTECTING CONSUMERS AND MERCHANTS ENGAGED IN INTERNET TRANSACTIONS, CREATING FOR THIS PURPOSE THE E- COMMERCE BUREAU, APPROPRIATING FUNDS THEREFOR, AND FOR OTHER PURPOSES",INTERNET TRANSACTIONS ACT,"VILLANUEVA, JOEL","August 11, 2022",INTERNET TRANSACTIONS
https://ldr.senate.gov.ph/legislative-issuances/senate-bills/bills/senate-bill-no-1298-19th-congress,AN ACT RECOGNIZING THE CIVIL EFFECTS OF CHURCH DECREED ANNULMENT,CHURCH DECREED ANNULMENT ACT,"ZUBIRI, JUAN MIGUEL ""MIGZ"" F.","December 9, 2022",ANNULMENT (CHURCH); MARRIAGE
https://ldr.senate.gov.ph/legislative-issuances/senate-bills/bills/senate-bill-no-172-19th-congress,"AN ACT ALLOWING VOTER REGISTRATION AND VOTING BY MAIL OR OTHER ELECTRONIC MEANS, AND VOTING BY OVERSEAS FILIPINO WORKERS AND SEAFARERS, FURTHER AMENDING REPUBLIC ACT NO. 9189, OTHERWISE KNOWN AS THE ‘OVERSEAS ABSENTEE VOTING ACT OF 2003,’ AS AMENDED BY REPUBLIC ACT NO. 10590, OR THE ‘OVERSEAS VOTING ACT OF 2013,’ APPROPRIATING FUNDS THEREFOR, AND FOR OTHER PURPOSES",OVERSEAS VOTING ACT OF 2022,"TOLENTINO, FRANCIS ""TOL"" N.","July 7, 2022",Overseas Voting; VOTERS REGISTRATION; ABSENTEE VOTING
https://ldr.senate.gov.ph/legislative-issuances/senate-bills/bills/senate-bill-no-1601-19th-congress,N/A,STRENGTHENING PROFFESIONALISM IN THE ARMED FORCES OF THE PHILIPPINES,"ESTRADA, JINGGOY E.","June 12, 2022",ARMED FORCES OF THE PHILIPPINES (AFP)
https://ldr.senate.gov.ph/legislative-issuances/senate-bills/bills/senate-bill-no-232-19th-congress,AN ACT PROVIDING FOR THE MAGNA CARTA OF BARANGAY HEALTH WORKERS,THE MAGNA CARTA OF BARANGAY HEALTH WORKERS,"PADILLA, ROBINHOOD C.","July 7, 2022",MAGNA CARTA OF BARANGAY HEALTH WORKERS
https://ldr.senate.gov.ph/legislative-issuances/senate-bills/bills/senate-bill-no-989-19th-congress,AN ACT ESTABLISHING A NATIONAL ENERGY POLICY AND REGULATORY FRAMEWORK FOR FACILITIES UTILIZING WASTE-TO-ENERGY TECHNOLOGIES,WASTE-TO-ENERGY ACT OF 2022,"REVILLA JR., RAMON BONG","February 8, 2022",WASTE-TO-ENERGY TECHNOLOGIES
https://ldr.senate.gov.ph/legislative-issuances/senate-bills/bills/senate-bill-no-508-19th-congress,N/A,NISMED ACT OF 2022,"REVILLA JR., RAMON BONG","July 13, 2022",NATIONAL INSTITUTE FOR SCIENCE AND MATHEMATHICS EDUCATION DEVELOPMENT (NISMED)
https://ldr.senate.gov.ph/legislative-issuances/senate-bills/bills/senate-bill-no-1054-19th-congress,N/A,BIRTHING CENTERS IN COMMUNITIES ACT,"GATCHALIAN, WIN","August 8, 2022",BIRTHING CENTERS; CHILDBIRTH SERVICES
https://ldr.senate.gov.ph/legislative-issuances/senate-bills/bills/senate-bill-no-1372-19th-congress,N/A,NORTH CEBU MEDICAL CENTER,"MARCOS, IMEE R.","May 10, 2022","HOSPITALS, UPGRADING"
https://ldr.senate.gov.ph/legislative-issuances/senate-bills/bills/senate-bill-no-274-19th-congress,N/A,COLLEGE LIVING EXPENSES FINANCING (CLEF) ACT,"LAPID, MANUEL ""LITO"" M.","November 7, 2022",COLLEGE LIVING EXPENSES FINANCING (CLEF); DEVELOPMENT BANK OF THE PHILIPPINES (DBP); LAND BANK OF THE PHILIPPINES (LBP)
https://ldr.senate.gov.ph/legislative-issuances/senate-bills/bills/senate-bill-no-1436-19th-congress,N/A,ONLINE DEATH VERIFICATION SYSTEM ACT,"ESTRADA, JINGGOY E.","February 11, 2022",ONLINE DEATH VERIFICATION (ODV) SYSTEM
https://ldr.senate.gov.ph/legislative-issuances/senate-bills/bills/senate-bill-no-342-19th-congress,AN ACT INSTITUTIONALIZING RAINWATER HARVESTING SYSTEM IN METRO MANILA AND MAJOR CITIES IN THE PHILIPPINES AND FOR OTHER PURPOSES,RAINWATER HARVESTING FACILITY ACT,"BINAY, MARIA LOURDES NANCY S.","December 7, 2022",RAINWATER HARVESTING FACILITY; RAINWATER
https://ldr.senate.gov.ph/legislative-issuances/senate-bills/bills/senate-bill-no-1128-19th-congress,N/A,USE OF DIGITAL PAYMENTS ACT,"VILLAR, MARK A.","November 8, 2022",DIGITAL PAYMENTS
https://ldr.senate.gov.ph/legislative-issuances/senate-bills/bills/senate-bill-no-30-19th-congress,N/A,KABALIKAT SA AGRIKULTURA AT PAGKAIN ACT,"REVILLA JR., RAMON BONG","May 7, 2022",RIGHT TO ADEQUATE FOOD
https://ldr.senate.gov.ph/legislative-issuances/senate-bills/bills/senate-bill-no-1173-19th-congress,N/A,ANTI-UNTRACEABLE FIREARMS ACT,"MARCOS, IMEE R.","August 15, 2022",FIREARMS
https://ldr.senate.gov.ph/legislative-issuances/senate-bills/bills/senate-bill-no-374-19th-congress,N/A,NATIONAL LAND USE AND MANAGEMENT ACT OF THE PHILIPPINES,"HONTIVEROS, RISA","December 7, 2022",NATIONAL LAND USE AND MANAGEMENT
https://ldr.senate.gov.ph/legislative-issuances/senate-bills/bills/senate-bill-no-94-19th-congress,N/A,TEACHING SUPPLIES ALLOWANCE ACT OF 2022,"ANGARA, SONNY","July 7, 2022",TEACHING SUPPLIES ALLOWANCE; Public school teachers
https://ldr.senate.gov.ph/legislative-issuances/senate-bills/bills/senate-bill-no-438-19th-congress,N/A,DISASTER RESILIENCE ACT OF 2022,"DELA ROSA, RONALD ""BATO""","December 7, 2022",DEPARTMENT OF DISASTER RESILIENCE; DISASTER RESILIENCE
https://ldr.senate.gov.ph/legislative-issuances/senate-bills/bills/senate-bill-no-949-19th-congress,N/A,"NATIONAL MICRO-, SMALL-, AND MEDIUM-ENTRPRISE (MSME) WEEK ACT","GATCHALIAN, WIN","January 8, 2022","MICRO, SMALL AND MEDIUM ENTERPRISES (MSMES)"
https://ldr.senate.gov.ph/legislative-issuances/senate-bills/bills/senate-bill-no-1265-19th-congress,N/A,DECLARING PINSAL FALLS A TOURISM DESTINATION,"MARCOS, IMEE R.","January 9, 2022",TOURISM DESTINATION
https://ldr.senate.gov.ph/legislative-issuances/senate-bills/bills/senate-bill-no-1331-19th-congress,N/A,PHILIPPINE CITIZENSHIP TO BRIAN TO,"MARCOS, IMEE R.","September 19, 2022",CITIZENSHIP
https://ldr.senate.gov.ph/legislative-issuances/senate-bills/bills/senate-bill-no-140-19th-congress,N/A,INCREASING THE PENALTIES FOR THE DETENTION OF PATIENTS AND CADAVERS IN HOSPITALS AND MEDICAL CLINICS,"HONTIVEROS, RISA","July 7, 2022",PATIENTS; CADAVERS/DECEASED PERSONS; HOSPITALS
https://ldr.senate.gov.ph/legislative-issuances/senate-bills/bills/senate-bill-no-204-19th-congress,N/A,PHILIPPINE NATIONAL POLICE REVITALIZATION AND CAPABILITY ENHANCEMENT ACT,"DELA ROSA, RONALD ""BATO""","July 7, 2022",PHILIPPINE NATIONAL POLICE (PNP)
https://ldr.senate.gov.ph/legislative-issuances/senate-bills/bills/senate-bill-no-1022-19th-congress,"AN ACT STRENGTHENING PUBLIC-PRIVATE PARTNERSHIPS, APPROPRIATING FUNDS THEREFOR, AND FOR OTHER PURPOSES",PUBLIC-PRIVATE PARTNERSHIPS (PPP) ACT,"ESTRADA, JINGGOY E.","April 8, 2022",PUBLIC-PRIVATE PARTNERSHIP (PPP) PROJECTS
https://ldr.senate.gov.ph/legislative-issuances/senate-bills/bills/senate-bill-no-540-19th-congress,N/A,TEACHER PROTECTION ACT,"POE, GRACE","July 13, 2022",TEACHER PROTECTION; STUDENT DISCIPLINE
https://ldr.senate.gov.ph/legislative-issuances/senate-bills/bills/senate-bill-no-1086-19th-congress,AN ACT PROVIDING FOR A MAGNA CARTA FOR CHILD DEVELOPMENT WORKERS,MAGNA CARTA FOR CHILD DEVELOPMENT WORKERS,"ESTRADA, JINGGOY E.","August 8, 2022",MAGNA CARTA FOR CHILD DEVELOPMENT WORKERS
https://ldr.senate.gov.ph/legislative-issuances/senate-bills/bills/senate-bill-no-242-19th-congress,N/A,CULTURAL EDUCATION PROGRAM ACT OF 2022,"LEGARDA, LOREN B.","November 7, 2022",CULTURAL EDUCATION PROGRAM; EDUCATION
https://ldr.senate.gov.ph/legislative-issuances/senate-bills/bills/senate-bill-no-151-19th-congress,AN ACT ESTABLISHING A NATIONAL ENERGY POLICY AND REGULATORY FRAMEWORK FOR FACILITIES UTILIZING WASTE-TO-ENERGY TECHNOLOGIES,WASTE-TO-ENERGY ACT,"GATCHALIAN, WIN","July 7, 2022",WASTE-TO-ENERGY TECHNOLOGIES
https://ldr.senate.gov.ph/legislative-issuances/senate-bills/bills/senate-bill-no-215-19th-congress,N/A,REDEFINING THE CRIME OF ILLEGAL RECRUITMENT COMMITTED BY A SYNDICATE,"TULFO, RAFFY T.","July 7, 2022",ILLEGAL RECRUITMENT; LABOR CODE OF THE PHILIPPINES (P.D.NO. 442)
https://ldr.senate.gov.ph/legislative-issuances/senate-bills/bills/senate-bill-no-1033-19th-congress,AN ACT CREATING THE NATIONAL FILM ARCHIVE OF THE PHILIPPINES AND APPROPRIATING FUNDS THEREFOR,NATIONAL FILM ARCHIVE ACT,"ESTRADA, JINGGOY E.","April 8, 2022",NATIONAL FILM ARCHIVE
https://ldr.senate.gov.ph/legislative-issuances/senate-bills/bills/senate-bill-no-257-19th-congress,N/A,SUSTAINABLE FOREST MANAGEMENT ACT,"CAYETANO, PIA S.","November 7, 2022",SUSTAINABLE FOREST MANAGEMENT
https://ldr.senate.gov.ph/legislative-issuances/senate-bills/bills/senate-bill-no-1264-19th-congress,"AN ACT PROHIBITING DISCRIMINATION ON THE BASIS OF AGE, INDIGENOUS, RACIAL OR ETHNIC ORIGIN, RELIGIOUS BELIEF OR ACTIVITY, POLITICAL INCLINATION OR CONVICTION, SOCIAL CLASS, SEX, GENDER, SEXUAL ORIENTATION, SEX CHARACTERISTICS, GENDER IDENTITY, GENDER EXPRESSION, MARITAL OR RELATIONSHIP STATUS, DISABILITY, HIV STATUS, PROFESSION OR OCCUPATION, HEALTH STATUS OR MEDICAL HISTORY, LANGUAGE, PHYSICAL FEATURES, AND OTHER STATUS, AND PROVIDING PENALTIES THERFOR",COMPREHENSIVE ANTI-DISCRIMINATION ACT,"MARCOS, IMEE R.; LEGARDA, LOREN B.","January 9, 2022",ANTI-DISCRIMINATION
https://ldr.senate.gov.ph/legislative-issuances/senate-bills/bills/senate-bill-no-53-19th-congress,N/A,"TAX RELIEF TO SINGLE PROPRIETORSHIPS, COOPERATIVES, PARTNERSHIPS OR CORPORATIONS CLASSIFIED AS MSME","ESCUDERO, FRANCIS G.","July 7, 2022","MICRO, SMALL AND MEDIUM ENTERPRISES (MSMES); TAX RELIEF; COOPERATIVES"
https://ldr.senate.gov.ph/legislative-issuances/senate-bills/bills/senate-bill-no-326-19th-congress,N/A,EXPANDING THE INCENTIVES GRANTED TO NATIONAL ATHLETES AND COACHES,"ANGARA, SONNY","December 7, 2022",BENEFITS AND INCENTIVES; NATIONAL ATHLETES AND COACHES BENEFITS AND INCENTIVES ACT (R.A. NO. 10699)
https://ldr.senate.gov.ph/legislative-issuances/senate-bills/bills/senate-bill-no-1330-19th-congress,N/A,PHILIPPINE RISE RESOURCE DEVELOPMENT AUTHORITY ACT,"MARCOS, IMEE R.","September 19, 2022",PHILIPPINE RISE; PHILIPPINE RISE DEVELOPMENT AUTHORITY
https://ldr.senate.gov.ph/legislative-issuances/senate-bills/bills/senate-bill-no-117-19th-congress,"AN ACT STRENGTHENING THE CONSERVATION AND PROTECTION OF OUR NATIONAL CULTURAL HERITAGE, THROUGH AN ENHANCED CULTURAL POLICY, HERITAGE EDUCATION, AND CULTURAL MAPPING PROGRAM, AMENDING FOR THE PURPOSE REPUBLIC ACT NO. 10066 OR THE NATIONAL CULTURE HERITAGE ACT OF 2009",AMENDING R.A. NO. 10066 (THE NATIONAL CULTURE HERITAGE ACT OF 2009),"BINAY, MARIA LOURDES NANCY S.","July 7, 2022",CULTURAL HERITAGE
https://ldr.senate.gov.ph/legislative-issuances/senate-bills/bills/senate-bill-no-395-19th-congress,N/A,BARANGAY FOOD SECURITY ACT,"EJERCITO, JOSEPH VICTOR G.","December 7, 2022",VEGETABLE GARDENS; INDIGENT PERSONS; FOOD SECURITY; URBAN FARMING/CITY GARDEN
https://ldr.senate.gov.ph/legislative-issuances/senate-bills/bills/senate-bill-no-1021-19th-congress,"AN ACT ESTABLISHING THE NATIONAL FRAMEWORK FOR WATER RESOURCE MANAGEMENT AND CREATING THE DEPARTMENT OF WATER RESOURCES AND THE WATER REGULATORY COMMISSION, DEFINING THEIR MANDATES, POWERS AND FUNCTIONS, AND APPROPRIATING FUNDS THEREFOR",NATIONAL WATER ACT,"ESTRADA, JINGGOY E.","April 8, 2022",WATER RESOURCES MANAGEMENT; WATER REGULATORY COMMISSION
https://ldr.senate.gov.ph/legislative-issuances/senate-bills/bills/senate-bill-no-1085-19th-congress,"AN ACT MODERNIZING THE BUREAU OF IMMIGRATION BY DEFINING ITS POWERS AND FUNCTIONS, EXPANDING, RATIONALIZING AND FURTHER PROFESSIONALIZING ITS ORGANIZATION, UPGRADING THE COMPENSATION AND BENEFITS OF ITS OFFICIALS AND EMPLOYEES, AND APPROPRIATING FUNDS THEREFOR, AND FOR OTHER PURPOSES",BUREAU OF IMMIGRATION MODERNIZATION ACT,"ESTRADA, JINGGOY E.","August 8, 2022",BUREAU OF IMMIGRATION
https://ldr.senate.gov.ph/legislative-issuances/senate-bills/bills/senate-bill-no-165-19th-congress,N/A,AGRI-FOOD TERMINAL AND TRADING CENTERS ACT,"EJERCITO, JOSEPH VICTOR G.","July 7, 2022",AGRI-FOOD TERMINAL AND TRADING CENTERS
https://ldr.senate.gov.ph/legislative-issuances/senate-bills/bills/senate-bill-no-279-19th-congress,N/A,EXPANDING THE COVERAGE OF THE TERTIARY EDUCATION SUBSIDY,"ESTRADA, JINGGOY E.","November 7, 2022",TERTIARY EDUCATION; UNIVERSAL ACCESS TO QUALITY TERTIARY EDUCATION
https://ldr.senate.gov.ph/legislative-issuances/senate-bills/bills/senate-bill-no-1208-19th-congress,N/A,CREMATORIES REGULATION ACT,"REVILLA JR., RAMON BONG","August 18, 2022",CREMATORY/CREMATORIES
https://ldr.senate.gov.ph/legislative-issuances/senate-bills/bills/senate-bill-no-1477-19th-congress,N/A,PHILIPPINE CENTER FOR DISEASE CONTROL AND PREVENTION (CDC) ACT,"VILLANUEVA, JOEL","August 11, 2022",PHILIPPINE CENTER FOR DISEASE CONTROL AND PREVENTION
https://ldr.senate.gov.ph/legislative-issuances/senate-bills/bills/senate-bill-no-1541-19th-congress,N/A,USE OF DIGITAL PAYMENTS ACT,"REVILLA JR., RAMON BONG","November 23, 2022",DIGITAL PAYMENTS
https://ldr.senate.gov.ph/legislative-issuances/senate-bills/bills/senate-bill-no-21-19th-congress,"AN ACT AMENDING SECTION 2 OF REPUBLIC ACT NO. 10868, OTHERWISE KNOWN AS THE CENTENARIANS ACT OF 2016 AND FOR OTHER PURPOSES",AMENDING SEC. 2 OF R. A. NO. 10868 (THE CENTENARIANS ACT OF 2016),"LEGARDA, LOREN B.; REVILLA JR., RAMON BONG; GO, CHRISTOPHER LAWRENCE T.","May 7, 2022",CENTENARIANS
https://ldr.senate.gov.ph/legislative-issuances/senate-bills/bills/senate-bill-no-293-19th-congress,N/A,"AMENDING SEC. 220, CHA II, TITLE VIII OF R.A. NO. 8424 ( NATIONAL INTERNAL REVENUE CODE) AS AMENDED","ESCUDERO, FRANCIS G.","November 7, 2022",NATIONAL INTERNAL REVENUE CODE (NIRC)
https://ldr.senate.gov.ph/legislative-issuances/senate-bills/bills/senate-bill-no-1297-19th-congress,N/A,MANDATORY SIM CARD REGISTRATION,"REVILLA JR., RAMON BONG","August 9, 2022",SIM CARD REGISTRATION
https://ldr.senate.gov.ph/legislative-issuances/senate-bills/bills/senate-bill-no-85-19th-congress,N/A,MAGNA CARTA FOR BARANGAYS,"ZUBIRI, JUAN MIGUEL ""MIGZ"" F.","July 7, 2022",MAGNA CARTA FOR BARANGAYS
https://ldr.senate.gov.ph/legislative-issuances/senate-bills/bills/senate-bill-no-357-19th-congress,N/A,"BUY PINOY, BUILD PINOY MONTH","VILLAR, CYNTHIA A.","December 7, 2022","BUY PINOY/TATAK PINOY; BUY PINOY, BUILD PINOY MONTH"
https://ldr.senate.gov.ph/legislative-issuances/senate-bills/bills/senate-bill-no-988-19th-congress,N/A,SUSTAINABLE FOREST MANAGEMENT ACT,"REVILLA JR., RAMON BONG","February 8, 2022",SUSTAINABLE FOREST MANAGEMENT; FOREST LAND/FOREST LIMITS
https://ldr.senate.gov.ph/legislative-issuances/senate-bills/bills/senate-bill-no-427-19th-congress,"AN ACT MANDATING THE APPOINTMENT OF BARANGAY HEALTH WORKERS IN BARANGAYS, PROVIDING FOR THEIR DUTIES AND RESPONSIBILITIES, COMPENSATION AND BENEFITS, AND FOR OTHER PURPOSES",BARANGAY HEALTH WORKERS ACT OF 2022,"GO, CHRISTOPHER LAWRENCE T.","December 7, 2022",BARANGAY HEALTH WORKER; BENEFITS AND INCENTIVES
https://ldr.senate.gov.ph/legislative-issuances/senate-bills/bills/senate-bill-no-1053-19th-congress,N/A,REVISED WAREHOUSE RECEIPTS LAW OF THE PHILIPPINES,"GATCHALIAN, WIN","August 8, 2022",WAREHOUSE RECEIPTS
https://ldr.senate.gov.ph/legislative-issuances/senate-bills/bills/senate-bill-no-133-19th-congress,N/A,EXPANDED UNEMPLOYMENT INSURANCE ACT OF 2022,"VILLANUEVA, JOEL","July 7, 2022",UNEMPLOYMENT; INSURANCE; SOCIAL SECURITY ACT OF 2018 (R.A. NO. 11199)
https://ldr.senate.gov.ph/legislative-issuances/senate-bills/bills/senate-bill-no-1371-19th-congress,N/A,BATAAN CROP RESEARCH AND DEVELOPMENT CENTER ACT,"MARCOS, IMEE R.","May 10, 2022",BATAAN CROP RESEARCH AND DEVELOPMENT CENTER
https://ldr.senate.gov.ph/legislative-issuances/senate-bills/bills/senate-bill-no-197-19th-congress,N/A,MAGNA CARTA FOR BARANGAY ACT OF 2022,"GO, CHRISTOPHER LAWRENCE T.","July 7, 2022",MAGNA CARTA FOR BARANGAYS
https://ldr.senate.gov.ph/legislative-issuances/senate-bills/bills/senate-bill-no-1435-19th-congress,N/A,EXEMPTING MICROINSURANCE POLICIES FROM VALUE-ADDED TAX,"REVILLA JR., RAMON BONG","October 27, 2022",MICROINSURANCE; TAXES (VALUE-ADDED TAX / VAT); TAXES (TAX EXEMPTION: MEDICAL INSURANCE PREMIUMS/FRINGE BENEFITS); NATIONAL INTERNAL REVENUE CODE (NIRC)
https://ldr.senate.gov.ph/legislative-issuances/senate-bills/bills/senate-bill-no-1127-19th-congress,N/A,PHILIPPINE ACCREDITATION ACT OF 2022,"VILLAR, MARK A.","November 8, 2022",NATIONAL ACCREDITATION POLICY; LOCAL PRODUCTS; CONSUMER PROTECTION
https://ldr.senate.gov.ph/legislative-issuances/senate-bills/bills/senate-bill-no-565-19th-congress,N/A,ADDITIONAL ALLOWANCES FOR SUC AND TVI PERSONNEL ACT,"VILLANUEVA, JOEL","July 14, 2022",STATE UNIVERSITIES AND COLLEGES (SUCS); TECHNICAL AND VOCATIONAL INSTITUTIONS; BENEFITS AND INCENTIVES; TEACHERS
https://ldr.senate.gov.ph/legislative-issuances/senate-bills/bills/senate-bill-no-512-19th-congress,N/A,SCIENCE AND TECHNOLOGY PARKS ACT,"REVILLA JR., RAMON BONG","July 13, 2022",SCIENCE AND TECHNOLOGY PARKS (STP)
https://ldr.senate.gov.ph/legislative-issuances/senate-bills/bills/senate-bill-no-1138-19th-congress,N/A,SAFE PATHWAYS ACT,"VILLANUEVA, JOEL","November 8, 2022",SAFE PATHWAYS; EMERGENCY PATHWAYS
https://ldr.senate.gov.ph/legislative-issuances/senate-bills/bills/senate-bill-no-1180-19th-congress,N/A,MEDICAL RESERVE CORPS ACT OF 2022,"GO, CHRISTOPHER LAWRENCE T.","August 16, 2022",MEDICAL RESERVE CORPS
https://ldr.senate.gov.ph/legislative-issuances/senate-bills/bills/senate-bill-no-959-19th-congress,N/A,FALSE BOMB THREAT PROHIBITION ACT OF 2022,"POE, GRACE","January 8, 2022","BOMBS, EXPLOSIVES AND OTHER INCENDIARY DEVICES; FALSE BOMB THREAT"
https://ldr.senate.gov.ph/legislative-issuances/senate-bills/bills/senate-bill-no-1586-19th-congress,"AN ACT PROVIDING FOR A PROPORTIONATE SCHOOL ADMISSION AND ACCEPTANCE SHARE IN THE PHILIPPINE MILITARY ACADEMY AND THE PHILIPPINE NATIONAL POLICE ACADEMY FOR MEMBERS OF THE INDIGENOUS CULTURAL COMMUNITIES/ INDIGENOUS PEOPLES, AND FOR SUCH OTHER PURPOSES",KATUTUBONG TAGAPAGTANGGOL ACT OF 2022,"TOLENTINO, FRANCIS ""TOL"" N.","May 12, 2022",PHILIPPINE MILITARY ACADEMY (PMA); PHILIPPINE NATIONAL POLICE (PNP); INDIGENOUS CULTURAL COMMUNITIES; INDIGENOUS PEOPLE
https://ldr.senate.gov.ph/legislative-issuances/senate-bills/bills/senate-bill-no-268-19th-congress,AN ACT PROVIDING FOR A COMPREHENSIVE WATER RESOURCES MANAGEMENT AND FOR OTHER PURPOSES,WATER RESOURCES MANAGEMENT ACT,"LAPID, MANUEL ""LITO"" M.","November 7, 2022",WATER RESOURCES MANAGEMENT
https://ldr.senate.gov.ph/legislative-issuances/senate-bills/bills/senate-bill-no-1275-19th-congress,AN ACT PROVIDING FOR WORK BENEFITS AND SOCIAL PROTECTION TO ALL DELIVERY PLATFORM RIDERS WORKING IN THE GIG ECONOMY,DELIVERY PLATFORM RIDERS PROTECTION ACT OF 2022,"TOLENTINO, FRANCIS ""TOL"" N.","May 9, 2022",DELIVERY RIDERS PROTECTION; BENEFITS AND INCENTIVES
https://ldr.senate.gov.ph/legislative-issuances/senate-bills/bills/senate-bill-no-64-19th-congress,N/A,MERCHANT LOAN PROGRAM ACT,"CAYETANO, ALAN PETER S.","July 7, 2022",MERCHANT LOAN PROGRAM
https://ldr.senate.gov.ph/legislative-issuances/senate-bills/bills/senate-bill-no-337-19th-congress,N/A,RIGHT TO ADEQUATE FOOD ACT OF 2022,"POE, GRACE","December 7, 2022",RIGHT TO ADEQUATE FOOD; FOOD SECURITY
https://ldr.senate.gov.ph/legislative-issuances/senate-bills/bills/senate-bill-no-406-19th-congress,N/A,TAX INCENTIVES TO PHARMACEUTICAL COMPANIES MANUFACTURING PEDIATRIC VACCINES/MEDICINES,"TOLENTINO, FRANCIS ""TOL"" N.","December 7, 2022",VACCINE; MEDICINES/DRUGS; PHARMACEUTICAL MANUFACTURERS/MEDICAL DEVICE MANUFACTURERS; TAXES (VALUE-ADDED TAX / VAT)
https://ldr.senate.gov.ph/legislative-issuances/senate-bills/bills/senate-bill-no-1578-19th-congress,N/A,MANDATORY NATIONWIDE SIMULTANEOUS EARTHQUAKE AND EMERGENCY PREPAREDNESS DRILL ACT,"REVILLA JR., RAMON BONG","May 12, 2022",EARTHQUAKE AND EMERGENCY PREPAREDNESS DRILL; educational institutions; BUSINESS ESTABLISHMENT
https://ldr.senate.gov.ph/legislative-issuances/senate-bills/bills/senate-bill-no-1032-19th-congress,"AN ACT PROMOTING THE PRODUCTION OF OUTSTANDING AND WORLD-CLASS FILIPINO MOTION PICTURES, PROVIDING INCENTIVES TO FILMMAKERS AND ACTORS CLAIMING HONORS IN INTERNATIONAL FILM COMPETITIONS AND FOR OTHER PURPOSES",WORLD-CLASS FILMMAKERS' INCENTIVES ACT,"ESTRADA, JINGGOY E.","April 8, 2022",FILMMAKERS; FILM/MOVIE INDUSTRY
https://ldr.senate.gov.ph/legislative-issuances/senate-bills/bills/senate-bill-no-470-19th-congress,N/A,ANTI-DRUG ABUSE COUNCILS (ADAC) LAW,"ESTRADA, JINGGOY E.","July 13, 2022",ANTI-DRUG ABUSE COUNCILS (ADACS)
https://ldr.senate.gov.ph/legislative-issuances/senate-bills/bills/senate-bill-no-1096-19th-congress,"AN ACT AMENDING CERTAIN SECTIONS OF REPUBLIC ACT NO. 9173, OTHERWISE KNOWN AS THE ‘PHILIPPINE NURSING ACT OF 2002’, PROVIDING FOR AN ADVANCED NURSING EDUCATION PROGRAM, AND FOR OTHER PURPOSES",ADVANCED NURSING EDUCATION ACT OF 2022,"REVILLA JR., RAMON BONG","August 8, 2022",ADVANCED NURSING EDUCATION PROGRAM; PHILIPPINE NURSING ACT
https://ldr.senate.gov.ph/legislative-issuances/senate-bills/bills/senate-bill-no-176-19th-congress,"AN ACT INSTITUTIONALIZING THE FILIPINO FIRST POLICY IN THE GOVERNMENT PROCUREMENT SYSTEM, AMENDING FOR THE PURPOSE REPUBLIC ACT NO. 9184, OTHERWISE KNOWN AS THE ‘GOVERNMENT PROCUREMENT REFORM ACT,’ AND FOR OTHER PURPOSES","GAWANG PILPINO, PARA SA PILPINO ACT OF 2022","TOLENTINO, FRANCIS ""TOL"" N.","July 7, 2022",Government procurement
https://ldr.senate.gov.ph/legislative-issuances/senate-bills/bills/senate-bill-no-236-19th-congress,N/A,MANDATORY RESERVE OFFICERS' TRAINING CORPS ACT,"PADILLA, ROBINHOOD C.","July 7, 2022",RESERVE OFFICERS TRAINING CORPS (ROTC); TERTIARY EDUCATION; SCHOOLS (PUBLIC AND PRIVATE)
https://ldr.senate.gov.ph/legislative-issuances/senate-bills/bills/senate-bill-no-1106-19th-congress,"AN ACT PROTECTING CONSUMERS AND USERS AGAINST FORCED E-BILLING, ADDING FOR THIS PURPOSE A NEW PROVISION AND AMENDING CERTAIN PROVISIONS OF REPUBLIC ACT NO. 7394, OTHERWISE KNOWN AS THE CONSUMER ACT OF THE PHILIPPINES, AND PROVIDING PENALTIES FOR VIOLATIONS THEREOF",PROTECTING CONSUMERS AND USERS AGAINST FORCED E-BILLING,"REVILLA JR., RAMON BONG","August 8, 2022",E-BILLING; CONSUMER PROTECTION; CONSUMER ACT (R.A.NO. 7394)
https://ldr.senate.gov.ph/legislative-issuances/senate-bills/bills/senate-bill-no-544-19th-congress,N/A,PANDEMIC PREPAREDNESS AND RESPONSE ACT,"POE, GRACE","July 13, 2022",DISEASE CONTROL; PANDEMIC PREPAREDNESS AND RESPONSE; PUBLIC HEALTH EMERGENCY RESPONSE; EMERGENCY (PUBLIC HEALTH EMERGENCY)
https://ldr.senate.gov.ph/legislative-issuances/senate-bills/bills/senate-bill-no-1217-19th-congress,N/A,STRENGTHENING THE LABOR CODE OF THE PHILIPPINES (P.D. 442),"REVILLA JR., RAMON BONG","August 18, 2022",LABOR CODE OF THE PHILIPPINES (P.D.NO. 442)
https://ldr.senate.gov.ph/legislative-issuances/senate-bills/bills/senate-bill-no-1488-19th-congress,N/A,GREEN PUBLIC PROCUREMENT ACT,"REVILLA JR., RAMON BONG","September 11, 2022",GREEN PUBLIC PROCUREMENT; GOVERNMENT AGENCIES
https://ldr.senate.gov.ph/legislative-issuances/senate-bills/bills/senate-bill-no-932-19th-congress,N/A,BAYANING ATLETANG FILIPINO ACT,"VILLANUEVA, JOEL","July 28, 2022",ATHLETES
https://ldr.senate.gov.ph/legislative-issuances/senate-bills/bills/senate-bill-no-1197-19th-congress,N/A,BARANGAY BENEFITS ACT OF 2022,"MARCOS, IMEE R.","August 16, 2022",BARANGAY OFFICIALS; BENEFITS AND INCENTIVES
https://ldr.senate.gov.ph/legislative-issuances/senate-bills/bills/senate-bill-no-32-19th-congress,N/A,FREE PROFESSIONAL EXAMINATIONS ACT,"LAPID, MANUEL ""LITO"" M.","May 7, 2022",INDIGENT PERSONS; FREE PROFESSIONAL EXAMINATION
https://ldr.senate.gov.ph/legislative-issuances/senate-bills/bills/senate-bill-no-304-19th-congress,N/A,SUPER HEALTH CENTERS IN ALL  CITIES AND MUNICIPALITIES ACT,"CAYETANO, ALAN PETER S.","December 7, 2022",health centers
https://ldr.senate.gov.ph/legislative-issuances/senate-bills/bills/senate-bill-no-1309-19th-congress,N/A,THE TAXPAYERS BILL OF RIGHTS ACT,"REVILLA JR., RAMON BONG","September 13, 2022",TAXPAYER BILL OF RIGHTS
https://ldr.senate.gov.ph/legislative-issuances/senate-bills/bills/senate-bill-no-96-19th-congress,N/A,MAGNA CARTA OF WORKERS IN THE INFORMAL ECONOMY,"ANGARA, SONNY","July 7, 2022",MAGNA CARTA OF WORKERS IN THE INFORMAL ECONOMY
https://ldr.senate.gov.ph/legislative-issuances/senate-bills/bills/senate-bill-no-374-19th-congress,N/A,NATIONAL LAND USE AND MANAGEMENT ACT OF THE PHILIPPINES,"HONTIVEROS, RISA","December 7, 2022",NATIONAL LAND USE AND MANAGEMENT
https://ldr.senate.gov.ph/legislative-issuances/senate-bills/bills/senate-bill-no-1000-19th-congress,N/A,AMENDING SECS. 3 AND 7 OF R.A. NO. 9512 (NATIONAL ENVIRONMENTAL AWARENESS AND EDUCATION ACT),"ANGARA, SONNY","March 8, 2022",NATIONAL ENVIRONMENTAL AWARENESS AND EDUCATION ACT OF 2008
https://ldr.senate.gov.ph/legislative-issuances/senate-bills/bills/senate-bill-no-438-19th-congress,N/A,DISASTER RESILIENCE ACT OF 2022,"DELA ROSA, RONALD ""BATO""","December 7, 2022",DEPARTMENT OF DISASTER RESILIENCE; DISASTER RESILIENCE
https://ldr.senate.gov.ph/legislative-issuances/senate-bills/bills/senate-bill-no-1626-19th-congress,N/A,PSA ONLINE DEATH VERIFICATION SYSTEM ACT,"REVILLA JR., RAMON BONG","December 20, 2022",PHILIPPINE STATISTICS AUTHORITY
https://ldr.senate.gov.ph/legislative-issuances/senate-bills/bills/senate-bill-no-1064-19th-congress,N/A,STRENGTHENING THE FORFEITURE POWERS OF THE STATE,"POE, GRACE","August 8, 2022","FORFEITURE LAW (R.A.NO. 1379, AMENDMENTS)"
https://ldr.senate.gov.ph/legislative-issuances/senate-bills/bills/senate-bill-no-144-19th-congress,N/A,FREE DIALYSIS FOR SENIOR CITIZENS ACT OF 2022,"HONTIVEROS, RISA","July 7, 2022",SENIOR CITIZEN/ELDERLY; DIALYSIS TREATMENT
https://ldr.senate.gov.ph/legislative-issuances/senate-bills/bills/senate-bill-no-1383-19th-congress,AN ACT PROMOTING OPEN ACCESS IN INTERNET SERVICES AND FOR OTHER PURPOSES,OPEN ACCESS IN INTERNET SERVICES ACT,"ZUBIRI, JUAN MIGUEL ""MIGZ"" F.","December 10, 2022",OPEN ACCES IN INTERNET SERVICES; INTERNET ACCESS
https://ldr.senate.gov.ph/legislative-issuances/senate-bills/bills/senate-bill-no-208-19th-congress,N/A,WAGE THEFT PREVENTION ACT,"TULFO, RAFFY T.","July 7, 2022",WAGE THEFT; LABOR CODE OF THE PHILIPPINES (P.D.NO. 442); EMPLOYEES
https://ldr.senate.gov.ph/legislative-issuances/senate-bills/bills/senate-bill-no-1446-19th-congress,N/A,ATM VISUALLY IMPAIRED FRIENDLY ACT,"VILLAR, MARK A.","February 11, 2022",AUTOMATED  TELLER MACHINE  (ATM) VISUALLY IMPAIRED
https://ldr.senate.gov.ph/legislative-issuances/senate-bills/bills/senate-bill-no-385-19th-congress,N/A,RECOVERABLE SYSTEM LOSS ACT,"GATCHALIAN, WIN","December 7, 2022",RECOVERABLE SYSTEM LOSS; ENERGY
https://ldr.senate.gov.ph/legislative-issuances/senate-bills/bills/senate-bill-no-1011-19th-congress,N/A,ENHANCING INTER-LGU COOPERATION,"ANGARA, SONNY","March 8, 2022",LOCAL GOVERNMENT UNITS (LGUs); LOCAL GOVERNMENT CODE (R.A.NO. 7160)
https://ldr.senate.gov.ph/legislative-issuances/senate-bills/bills/senate-bill-no-449-19th-congress,N/A,CIVIL UNIONS ACT,"PADILLA, ROBINHOOD C.","December 7, 2022",SAME SEX PARTNERS; CIVIL UNIONS
https://ldr.senate.gov.ph/legislative-issuances/senate-bills/bills/senate-bill-no-1075-19th-congress,N/A,EXPANDING THE BENEFITS OF THE SOCIAL SECURITY SYSTEM,"POE, GRACE","August 8, 2022",SOCIAL SECURITY SYSTEM (SSS)
https://ldr.senate.gov.ph/legislative-issuances/senate-bills/bills/senate-bill-no-155-19th-congress,"AN ACT FURTHERNING LOCAL LEADERSHIP AND ACCOUNTABILITY IN BASIC EDUCATION GOVERNANCE TO ACHIEVE QUALITY INCLUSIVE EDUCATION THROUGH THE 21ST CENTURY SCHOOL BOARDS AND SCHOOL GOVERNING COUNCILS, AND FOR OTHER PURPOSE",21ST CENTURY SCHOOL BOARDS ACT,"GATCHALIAN, WIN; LEGARDA, LOREN B.","July 7, 2022",SCHOOL BOARDS; INCLUSIVE EDUCATION; LOCAL GOVERNMENT CODE (R.A.NO. 7160); BASIC EDUCATION/BASIC EDUCATION INSTITUTIONS
https://ldr.senate.gov.ph/legislative-issuances/senate-bills/bills/senate-bill-no-1394-19th-congress,N/A,MODERNIZED NATIONAL MEASUREMENT SYSTEM ACT OF 2022,"REVILLA JR., RAMON BONG","October 17, 2022",NATIONAL MEASUREMENT SYSTEM
https://ldr.senate.gov.ph/legislative-issuances/senate-bills/bills/senate-bill-no-219-19th-congress,N/A,CANCER MEDICINE AND TREATMENT FUND FOR FILIPINOS OF 2022,"VILLAR, MARK A.","July 7, 2022",CANCER/CANCER CARE CENTERS; INDIGENT PERSONS; UNDERPRIVILEGED PERSONS
https://ldr.senate.gov.ph/legislative-issuances/senate-bills/bills/senate-bill-no-1457-19th-congress,N/A,CREATING THE POSITION OF BARANGAY NUTRITION WORKER,"REVILLA JR., RAMON BONG","March 11, 2022",BARANGAY NUTRITION WORKER
https://ldr.senate.gov.ph/legislative-issuances/senate-bills/bills/senate-bill-no-523-19th-congress,N/A,NATIONAL PEATLAND AND PEATLAND RESOURCES ACT OF 2022,"VILLAR, CYNTHIA A.","July 13, 2022",PEATLAND; CONSERVATION
https://ldr.senate.gov.ph/legislative-issuances/senate-bills/bills/senate-bill-no-1146-19th-congress,N/A,BILLBOARD REGULATION ACT,"GATCHALIAN, WIN","August 15, 2022",BILLBOARDS
https://ldr.senate.gov.ph/legislative-issuances/senate-bills/bills/senate-bill-no-1467-19th-congress,N/A,PHILIPPINE BUILDING ACT OF 2022,"REVILLA JR., RAMON BONG","March 11, 2022",BUILDINGS/STRUCTURES; BUILDING CODE OF THE PHILIPPINES (R.A.NO. 6541)
https://ldr.senate.gov.ph/legislative-issuances/senate-bills/bills/senate-bill-no-970-19th-congress,N/A,AMENDING SEC. 95 (B) OF P.D. NO. 856 (CODE ON SANITATION OF THE PHILIPPINES),"POE, GRACE","January 8, 2022",CODE ON SANITATION OF THE PHILIPPINES (P.D.NO. 856)
https://ldr.senate.gov.ph/legislative-issuances/senate-bills/bills/senate-bill-no-11-19th-congress,N/A,EDUCATION ROADMAP ACT,"CAYETANO, PIA S.","May 7, 2022",EDUCATIONAL ROADMAP; ROAD MAP
https://ldr.senate.gov.ph/legislative-issuances/senate-bills/bills/senate-bill-no-283-19th-congress,N/A,INSTRUCTIONAL GARDEN AND URBAN AGRICULTURE ACT OF 2022,"ESTRADA, JINGGOY E.","November 7, 2022",INSTRUCTIONAL GARDENS; CURRICULUM/CURRICULA; URBAN AGRICULTURAL DEVELOPMENT
https://ldr.senate.gov.ph/legislative-issuances/senate-bills/bills/senate-bill-no-1286-19th-congress,N/A,TRANS-FAT FREE PHILIPPINES ACT,"VILLANUEVA, JOEL","June 9, 2022",TRANS-FATTY ACIDS
https://ldr.senate.gov.ph/legislative-issuances/senate-bills/bills/senate-bill-no-75-19th-congress,AN ACT PROVIDING A MICROFINANCING PROGRAM FOR MICRO ENTERPRISES THEREBY PROMOTING ENTREPRENEURSHIP,PONDO SA PAGBABAGO AT PAG-ASENSO (P3) ACT,"VILLAR, CYNTHIA A.; PIMENTEL, AQUILINO ""KOKO"" III","July 7, 2022","PONDO SA PAGBABAGO AT PAG-ASENSO (P3); MICRO, SMALL AND MEDIUM ENTERPRISES (MSMES); MICROFINANCING PROGRAM; ENTREPRENEURSHIP"
https://ldr.senate.gov.ph/legislative-issuances/senate-bills/bills/senate-bill-no-347-19th-congress,N/A,INCENTIVES TO LEGAL PROFESSION ENGAGED IN THE DEFENSE OF INDIGENT INDIGENOUS PEOPLES,"BINAY, MARIA LOURDES NANCY S.","December 7, 2022",INDIGENOUS PEOPLE; LEGAL PROFESSION; INDIGENT PERSONS; LAWYERS
https://ldr.senate.gov.ph/legislative-issuances/senate-bills/bills/senate-bill-no-990-19th-congress,"AN ACT MANDATING THE ESTABLISHMENT, MANAGEMENT, MAINTENANCE, AND REGULATION OF A RAINWATER HARVESTING FACILITY IN ALL NEW INSTITUTIONAL, COMMERCIAL, INDUSTRIAL, AND RESIDENTIAL DEVELOPMENT PROJECTS IN METRO MANILA",RAINWATER HARVESTING FACILITY ACT OF 2022,"REVILLA JR., RAMON BONG","February 8, 2022",RAINWATER HARVESTING FACILITY
https://ldr.senate.gov.ph/legislative-issuances/senate-bills/bills/senate-bill-no-418-19th-congress,"AN ACT AMENDING REPUBLIC ACT NO. 6938, OTHERWISE KNOWN AS THE 'COOPERATIVE CODE OF THE PHILIPPINES,' AS AMENDED, AND FOR OTHER PURPOSES","AMENDING R.A. NO. 6938 (COOPERATIVE CODE OF THE PHILIPPINES), AS AMENDED","MARCOS, IMEE R.; LEGARDA, LOREN B.","December 7, 2022",COOPERATIVE CODE OF THE PHILIPPINES (R.A. NO. 6938)
https://ldr.senate.gov.ph/legislative-issuances/senate-bills/bills/senate-bill-no-1604-19th-congress,"AN ACT ESTABLISHING AN ACADEMIC RECOVERY AND ACCESSIBLE LEARNING (ARAL) PROGRAM, APPROPRIATING FUNDS THEREFOR, AND FOR OTHER PURPOSES",ARAL PROGRAM ACT,"ANGARA, SONNY; GATCHALIAN, WIN; VILLANUEVA, JOEL; HONTIVEROS, RISA; CAYETANO, PIA S.; LEGARDA, LOREN B.; VILLAR, CYNTHIA A.; ESTRADA, JINGGOY E.","July 12, 2022",ACADEMIC RECOVERY AND ACCESSIBLE LEARNING PROGRAM
https://ldr.senate.gov.ph/legislative-issuances/senate-bills/bills/senate-bill-no-1043-19th-congress,"AN ACT PROTECTING THE RIGHT OF THE PEOPLE TO FREEDOM OF RELIGION IN THE PHILIPPINES GUARANTEED UNDER SECTION 5, ARTICLE III OF THE 1987 CONSTITUTION AND FOR OTHER PURPOSES",MAGNA CARTA ON RELIGIOUS FREEDOM ACT,"VILLANUEVA, JOEL","April 8, 2022",FREEDOM OF RELIGION; MAGNA CARTA ON RELIGIOUS FREEDOM
https://ldr.senate.gov.ph/legislative-issuances/senate-bills/bills/senate-bill-no-481-19th-congress,N/A,"HIBAO-AN INTEGRATED SCHOOL (MANDURRIAO, ILOILO CITY)","GATCHALIAN, WIN","July 13, 2022","SCHOOLS, CONVERSION"
https://ldr.senate.gov.ph/legislative-issuances/senate-bills/bills/senate-bill-no-123-19th-congress,AN ACT PROVIDING FOR A NEW CHARTER OF THE LAND BANK OF THE PHILIPPINES,NEW LAND BANK OF THE PHILIPPINES ACT,"VILLAR, CYNTHIA A.","July 7, 2022",LAND BANK OF THE PHILIPPINES (LBP)
https://ldr.senate.gov.ph/legislative-issuances/senate-bills/bills/senate-bill-no-1361-19th-congress,"AN ACT CREATING A REGIONAL HEART CENTER IN EACH OF THE ADMINISTRATIVE REGIONS, PROVIDING FUNDS THEREFOR, AND FOR OTHER PURPOSES",REGIONAL HEART CENTERS ACT,"PADILLA, ROBINHOOD C.","April 10, 2022",HEART CENTER
https://ldr.senate.gov.ph/legislative-issuances/senate-bills/bills/senate-bill-no-187-19th-congress,N/A,GRANTING THE PRESIDENT THE POWER TO SUSPEND THE IMPOSITION OF VALUE-ADDED TAX ON PETROLEUM PRODUCTS,"MARCOS, IMEE R.","July 7, 2022",Petroleum products; TAXES (VALUE-ADDED TAX / VAT); PRESIDENT OF THE PHILIPPINES; NATIONAL INTERNAL REVENUE CODE (NIRC)
https://ldr.senate.gov.ph/legislative-issuances/senate-bills/bills/senate-bill-no-1425-19th-congress,N/A,LEYTE ECOLOGICAL INDUSTRIAL ZONE ACT,"REVILLA JR., RAMON BONG","October 27, 2022",ECOLOGICAL INDUSTRIAL ZONE
https://ldr.senate.gov.ph/legislative-issuances/senate-bills/bills/senate-bill-no-491-19th-congress,N/A,FOREST SANCTUARIES ACT OF 2022,"LEGARDA, LOREN B.","July 13, 2022",FOREST SANCTUARY; TREE PLANTING/CUTTING/BURNING; DEPARTMENT OF EDUCATION (DEPED)
https://ldr.senate.gov.ph/legislative-issuances/senate-bills/bills/senate-bill-no-1117-19th-congress,"AN ACT ESTABLISHING THE NATIONAL COASTAL GREENBELT ZONES AND THE NATIONAL COASTAL GREENBELT MANAGEMENT ACTION PLAN, PROVIDING FUNDS THEREFOR AND FOR OTHER PURPOSES",NATIONAL COASTAL GREENBELT ACT OF 2022,"LEGARDA, LOREN B.","September 8, 2022",NATIONAL COASTAL GREENBELT
https://ldr.senate.gov.ph/legislative-issuances/senate-bills/bills/senate-bill-no-1163-19th-congress,N/A,CENTER FOR DISEASE CONTROL AND PREVENTION ACT,"EJERCITO, JOSEPH VICTOR G.","August 15, 2022",PHILIPPINE CENTER FOR DISEASE CONTROL AND PREVENTION
https://ldr.senate.gov.ph/legislative-issuances/senate-bills/bills/senate-bill-no-1507-19th-congress,N/A,PHILIPPINE MICROBIOLOGY ACT,"ESTRADA, JINGGOY E.","November 14, 2022",MICROBIOLOGY
https://ldr.senate.gov.ph/legislative-issuances/senate-bills/bills/senate-bill-no-938-19th-congress,N/A,CONTINUING PROFESSIONAL DEVELOPMENT OF FILIPINO WORKERS AND PROFESSIONALS,"VILLANUEVA, JOEL","July 28, 2022",CONTINUING PROFESSIONAL DEVELOPMENT (R.A.NO. 10912)
https://ldr.senate.gov.ph/legislative-issuances/senate-bills/bills/senate-bill-no-247-19th-congress,"AN ACT INSTITUTIONALIZING THE ONE TOWN, ONE PRODUCT (OTOP) PHILIPPINES PROGRAM, APPROPRIATING FUNDS THEREFOR, AND FOR OTHER PURPOSES",OTOP PHILIPPINES ACT OF 2022,"LEGARDA, LOREN B.","November 7, 2022","ONE TOWN, ONE PRODUCT (OTOP)"
https://ldr.senate.gov.ph/legislative-issuances/senate-bills/bills/senate-bill-no-43-19th-congress,N/A,CONDONATION OF PENALTIES FOR UNPAID SOCIAL SECURITY SYSTEM CONTRIBUTIONS OF HOUSEHOLD EMPLOYERS,"ESTRADA, JINGGOY E.","June 7, 2022",CONDONATION; SOCIAL SECURITY SYSTEM (SSS); BATAS KASAMBAHAY (R.A.NO. 10361)
https://ldr.senate.gov.ph/legislative-issuances/senate-bills/bills/senate-bill-no-315-19th-congress,"AN ACT PROVIDING FOR THE DEVELOPMENT OF A NATIONAL DEFENSE INDUSTRY THROUGH THE STRENGTHENING AND REVITALIZING OF THE SELF RELIANT DEFENSE POSTURE (SRDP) PROGRAM, INCENTIVIZING INCOUNTRY ENTERPRISES, RATIONALIZING DEFENSE ACQUISITION, AND CREATING THE OFFICE OF THE UNDERSECRETARY FOR DEFENSE TECHNOLOGY RESEARCH AND INDUSTRY DEVELOPMENT UNDER THE DEPARTMENT OF NATIONAL DEFENSE, AND PROVIDING FUNDS THEREFOR",PHILIPPINE DEFENSE INDUSTRY DEVELOPMENT ACT OF 2022,"VILLANUEVA, JOEL; LEGARDA, LOREN B.; ZUBIRI, JUAN MIGUEL ""MIGZ"" F.","December 7, 2022",PHILIPPINE DEFENSE INDUSTRY DEVELOPMENT; Department of National Defense (DND); NATIONAL DEFENSE INDUSTRY; SELF RELIANT DEFENSE POSTURE (SRDP) PROGRAM
https://ldr.senate.gov.ph/legislative-issuances/senate-bills/bills/senate-bill-no-1319-19th-congress,N/A,NATIONAL AUTISM CARE PLAN ACT,"HONTIVEROS, RISA","September 14, 2022",AUTISM SPECTRUM DISORDER (ASD)
https://ldr.senate.gov.ph/legislative-issuances/senate-bills/bills/senate-bill-no-107-19th-congress,N/A,PHILIPPINE MINERAL RESOURCES ACT OF 2022,"POE, GRACE","July 7, 2022",MINERAL RESOURCES; INDIGENOUS PEOPLE
https://ldr.senate.gov.ph/legislative-issuances/senate-bills/bills/senate-bill-no-949-19th-congress,N/A,"NATIONAL MICRO-, SMALL-, AND MEDIUM-ENTRPRISE (MSME) WEEK ACT","GATCHALIAN, WIN","January 8, 2022","MICRO, SMALL AND MEDIUM ENTERPRISES (MSMES)"
https://ldr.senate.gov.ph/legislative-issuances/senate-bills/bills/senate-bill-no-1593-19th-congress,N/A,DECRIMINALIZATION OF LIBEL ACT,"HONTIVEROS, RISA","May 12, 2022",LIBEL
https://ldr.senate.gov.ph/legislative-issuances/senate-bills/bills/senate-bill-no-1028-19th-congress,N/A,UPHOLDING THE RIGHT OF ACQUISITION BY QUALIFIED BENEFICIARIES OF GOVERNMENT-OWNED LANDS,"ESTRADA, JINGGOY E.","April 8, 2022",RIGHT OF ACQUISITION; URBAN DEVELOPMENT AND HOUSING ACT (R.A.NO. 7279)
https://ldr.senate.gov.ph/legislative-issuances/senate-bills/bills/senate-bill-no-1304-19th-congress,N/A,BANANA EXPORT ACT OF 2022,"MARCOS, IMEE R.","December 9, 2022",BANANA EXPORT DEVELOPMENT COUNCIL
https://ldr.senate.gov.ph/legislative-issuances/senate-bills/bills/senate-bill-no-402-19th-congress,N/A,BASIC MILITARY AND POLICE TRAINING IN SENIOR HIGH SCHOOL ACT,"TOLENTINO, FRANCIS ""TOL"" N.","December 7, 2022",BASIC MILITARY AND POLICE TRAINING; SENIOR HIGH SCHOOL; SCHOOLS (PUBLIC AND PRIVATE); educational institutions
https://ldr.senate.gov.ph/legislative-issuances/senate-bills/bills/senate-bill-no-1576-19th-congress,N/A,APARRI MEDICAL CENTER,"GATCHALIAN, WIN","May 12, 2022","HOSPITALS, UPGRADING; HOSPITALS, INCREASE BED CAPACITY"
https://ldr.senate.gov.ph/legislative-issuances/senate-bills/bills/senate-bill-no-1092-19th-congress,AN ACT AUTHORIZING THE DEPARTMENT OF HEALTH (DOH) TO SET AND APPROVE THE BED CAPACITY AND THE SERVICE CAPABILITY OF ALL DOH HOSPITALS,DOH HOSPITAL BED CAPACITY AND SERVICE CAPABILITY RATIONALIZATION ACT,"REVILLA JR., RAMON BONG","August 8, 2022",BED CAPACITY AND SERVICE CAPABILITY; DEPARTMENT OF HEALTH (DOH)
https://ldr.senate.gov.ph/legislative-issuances/senate-bills/bills/senate-bill-no-466-19th-congress,N/A,AGRICULTURE INFORMATION SYSTEM ACT,"ESTRADA, JINGGOY E.","July 13, 2022",AGRICULTURE INFORMATION SYSTEM
https://ldr.senate.gov.ph/legislative-issuances/senate-bills/bills/senate-bill-no-1209-19th-congress,N/A,PREVENTION OF  ADOLESCENT PREGNANCY ACT OF 2022,"REVILLA JR., RAMON BONG","August 18, 2022",ADOLESCENT PREGNANCIES; TEENAGE PREGNANCY
https://ldr.senate.gov.ph/legislative-issuances/senate-bills/bills/senate-bill-no-18-19th-congress,N/A,SUSTAINABLE CITIES AND COMMUNITIES ACT,"CAYETANO, PIA S.","May 7, 2022",SUSTAINABLE CITIES AND COMMUNITIES
https://ldr.senate.gov.ph/legislative-issuances/senate-bills/bills/senate-bill-no-82-19th-congress,N/A,SIM CARD REGISTRATION ACT,"ZUBIRI, JUAN MIGUEL ""MIGZ"" F.","July 7, 2022",SIM CARD REGISTRATION
https://ldr.senate.gov.ph/legislative-issuances/senate-bills/bills/senate-bill-no-180-19th-congress,N/A,YOUNG FARMERS AND FISHERFOLK CHALLENGE ACT,"MARCOS, IMEE R.","July 7, 2022",YOUNG FARMERS PROGRAM; FISHERFOLK; FARMERS
https://ldr.senate.gov.ph/legislative-issuances/senate-bills/bills/senate-bill-no-240-19th-congress,N/A,ZERO FOOD WASTE ACT OF 2022,"LEGARDA, LOREN B.","November 7, 2022",FOOD WASTE; FOOD RECYCLING
https://ldr.senate.gov.ph/legislative-issuances/senate-bills/bills/senate-bill-no-526-19th-congress,N/A,PUBLIC SCHOOL SECURITY ACT OF 2022,"VILLAR, CYNTHIA A.","July 13, 2022",PUBLIC SCHOOL SECURITY; THEFT AND ROBBERY
https://ldr.senate.gov.ph/legislative-issuances/senate-bills/bills/senate-bill-no-296-19th-congress,N/A,PROHIBITING MERCHANDISING STORES AND ESTABLISHMENTS FROM CHARGING MORE PURCHASED WITH CREDIT CARDS,"ESCUDERO, FRANCIS G.","November 7, 2022",CREDIT CARD; CONSUMER PROTECTION; MERCHANDISING STORES AND SERVICE ESTABLISHMENTS
https://ldr.senate.gov.ph/legislative-issuances/senate-bills/bills/senate-bill-no-360-19th-congress,"AN ACT EXPANDING EMPLOYMENT OPPORTUNITIES FOR SENIOR CITIZENS, AMENDING FOR THE PURPOSE REPUBLIC ACT NO. 9994, OTHERWISE KNOWN AS THE EXPANDED SENIOR CITIZENS ACT OF 2010, AND FOR OTHER PURPOSES",SENIOR CITIZENS EMPLOYMENT INCENTIVES ACT OF 2022,"VILLANUEVA, JOEL","December 7, 2022",SENIOR CITIZENS EMPLOYMENT INCENTIVES; SENIOR CITIZEN/ELDERLY
https://ldr.senate.gov.ph/legislative-issuances/senate-bills/bills/senate-bill-no-1480-19th-congress,"AN ACT RATIONALIZING THE DISABILITY PENSION OF VETERANS, AMENDING FOR THE PURPOSE REPUBLIC ACT NO. 6948, ENTITLED, AN ACT STANDARDIZING AND UPGRADING THE BENEFITS FOR MILITARY VETERANS AND THEIR BENEFICIARIES, AS AMENDED",RATIONALIZING THE DISABILITY PENSION OF VETERANS,"ANGARA, SONNY; VILLANUEVA, JOEL; LEGARDA, LOREN B.; VILLAR, CYNTHIA A.; ESTRADA, JINGGOY E.; PADILLA, ROBINHOOD C.; REVILLA JR., RAMON BONG; LAPID, MANUEL ""LITO"" M.; DELA ROSA, RONALD ""BATO""; TOLENTINO, FRANCIS ""TOL"" N.; GO, CHRISTOPHER LAWRENCE T.","August 11, 2022",DISABILITY PENSION; MILITARY DEPENDENTS; VETERANS
https://ldr.senate.gov.ph/legislative-issuances/senate-bills/bills/senate-bill-no-996-19th-congress,N/A,"WHISTLEBLOWER PROTECTION, SECURITY AND BENEFIT ACT OF 2022","ANGARA, SONNY","March 8, 2022",WHISTLEBLOWERS
https://ldr.senate.gov.ph/legislative-issuances/senate-bills/bills/senate-bill-no-1271-19th-congress,N/A,"CREATING FOUR (4) ADDITIONAL BRANCHES OF THE REGIONAL TRIAL COURT IN THE CITY OF BACOOR, CAVITE","REVILLA JR., RAMON BONG","January 9, 2022","COURTS (RTC/MTC, ADDITIONAL BRANCH); JUDICIARY REORGANIZATION ACT (BATAS PAMBANSA BLG. 129)"
https://ldr.senate.gov.ph/legislative-issuances/senate-bills/bills/senate-bill-no-370-19th-congress,N/A,JUST AND HUMANE RESETTLEMENT ACT,"HONTIVEROS, RISA","December 7, 2022",homeless; RESETTLEMENT PROGRAM; UNDERPRIVILEGED PERSONS; JUST AND HUMANE RESETTLEMENT
https://ldr.senate.gov.ph/legislative-issuances/senate-bills/bills/senate-bill-no-1060-19th-congress,"AN ACT INSTITUTIONALIZING THE NATIONAL ECONOMIC AND DEVELOPMENT AUTHORITY AS THE INDEPENDENT ECONOMIC AND PLANNING AGENCY OF THE PHILIPPINE GOVERNMENT, DEFINING ITS FUNCTIONS AND AMENDING EXECUTIVE ORDER NO. 230 SERIES OF 1987, AS AMENDED, APPROPRIATING FUNDS THEREFOR, AND FOR OTHER PURPOSES",THE NATIONAL ECONOMIC AND DEVELOPMENT AUTHORITY ACT OF 2022,"GATCHALIAN, WIN; LEGARDA, LOREN B.","August 8, 2022",NATIONAL ECONOMIC DEVELOPMENT AUTHORITY (NEDA)
https://ldr.senate.gov.ph/legislative-issuances/senate-bills/bills/senate-bill-no-1337-19th-congress,N/A,AMENDING SEC. 309 OF THE NIRC  (TRANSITORY AND MISCELLANEOUS PROVISIONS),"GATCHALIAN, WIN","September 21, 2022",NATIONAL INTERNAL REVENUE CODE (NIRC); TELECOMMUTING; INVESTMENT PROMOTION AGENCIES
https://ldr.senate.gov.ph/legislative-issuances/senate-bills/bills/senate-bill-no-434-19th-congress,"AN ACT MANDATING THE APPOINTMENT OF BARANGAY HEALTH WORKERS IN BARANGAYS, AND PROVIDING FOR THEIR DUTIES AND RESPONSIBILITIES, COMPENSATION AND BENEFITS, AND FOR OTHER PURPOSES",BARANGAY HEALTH WORKERS ACT,"DELA ROSA, RONALD ""BATO""","December 7, 2022",BARANGAY HEALTH WORKER; HEALTHCARE WORKERS
https://ldr.senate.gov.ph/legislative-issuances/senate-bills/bills/senate-bill-no-1128-19th-congress,N/A,USE OF DIGITAL PAYMENTS ACT,"VILLAR, MARK A.","November 8, 2022",DIGITAL PAYMENTS
https://ldr.senate.gov.ph/legislative-issuances/senate-bills/bills/senate-bill-no-1173-19th-congress,N/A,ANTI-UNTRACEABLE FIREARMS ACT,"MARCOS, IMEE R.","August 15, 2022",FIREARMS
https://ldr.senate.gov.ph/legislative-issuances/senate-bills/bills/senate-bill-no-50-19th-congress,N/A,NATIONAL EMPLOYMENT ASSISTANCE CENTER OF THE PHILIPPINES ACT OF 2022,"ESTRADA, JINGGOY E.","June 7, 2022",NATIONAL EMPLOYMENT ASSISTANCE CENTER
https://ldr.senate.gov.ph/legislative-issuances/senate-bills/bills/senate-bill-no-114-19th-congress,N/A,ENVIRONMENTAL PROTECTION AND ENFORCEMENT BUREAU (EPEB) ACT,"BINAY, MARIA LOURDES NANCY S.","July 7, 2022",ENVIRONMENTAL PROTECTION AND ENFORCEMENT BUREAU (EPEB); Department of Environment and Natural Resources (DENR)
https://ldr.senate.gov.ph/legislative-issuances/senate-bills/bills/senate-bill-no-148-19th-congress,N/A,MATERNITY BENEFIT FOR WOMEN IN THE INFORMAL ECONOMY,"HONTIVEROS, RISA","July 7, 2022",MATERNITY BENEFITS; INFORMAL ECONOMY; WOMEN
https://ldr.senate.gov.ph/legislative-issuances/senate-bills/bills/senate-bill-no-212-19th-congress,N/A,EQUALITY OF MEN AND WOMEN ON LAWS RELATING TO CRIMES AGAINST CHASTITY,"TULFO, RAFFY T.","July 7, 2022",CRIME AGAINST CHASTITY; REVISED PENAL CODE (R.A.NO. 3815); MARITAL INFIDELITY
https://ldr.senate.gov.ph/legislative-issuances/senate-bills/bills/senate-bill-no-961-19th-congress,N/A,PROMOTING CORPORATIVE FARMING,"POE, GRACE","January 8, 2022",CORPORATE FARMING/CORPORATIVE FARMING
https://ldr.senate.gov.ph/legislative-issuances/senate-bills/bills/senate-bill-no-494-19th-congress,N/A,ENVIRONMENTAL PROTECTION AND ENFORCEMENT BUREAU (EPEB),"LEGARDA, LOREN B.","July 13, 2022",ENVIRONMENTAL PROTECTION AND ENFORCEMENT BUREAU (EPEB); Department of Environment and Natural Resources (DENR)
https://ldr.senate.gov.ph/legislative-issuances/senate-bills/bills/senate-bill-no-558-19th-congress,N/A,MAGNA CARTA OF STUDENT-ATHLETES,"CAYETANO, PIA S.","July 13, 2022",MAGNA CARTA OF STUDENT-ATHLETES; STUDENTS; ATHLETES
https://ldr.senate.gov.ph/legislative-issuances/senate-bills/bills/senate-bill-no-260-19th-congress,"AN ACT INSTITUTIONALIZING THE ONE TOWN, ONE PRODUCT (OTOP) PHILIPPINES PROGRAM, APPROPRIATING FUNDS THEREFOR, AND FOR OTHER PURPOSES",OTOP PHILIPPINES ACT OF 2022,"REVILLA JR., RAMON BONG","November 7, 2022","ONE TOWN, ONE PRODUCT (OTOP)"
https://ldr.senate.gov.ph/legislative-issuances/senate-bills/bills/senate-bill-no-329-19th-congress,N/A,BETTER INTERNET ACT,"POE, GRACE","December 7, 2022",BETTER INTERNET; INTERNET ACCESS; INTERNET SERVICE PROVIDERS; PUBLIC TELECOMMUNICATIONS ENTITIES
https://ldr.senate.gov.ph/legislative-issuances/senate-bills/bills/senate-bill-no-1374-19th-congress,N/A,AGRICULTURE INFORMATION SYSTEM ACT,"GATCHALIAN, WIN","October 10, 2022",AGRICULTURE INFORMATION SYSTEM; FOOD SECURITY
https://ldr.senate.gov.ph/legislative-issuances/senate-bills/bills/senate-bill-no-1438-19th-congress,N/A,RIGHT TO ADEQUATE FOOD ACT,"ESTRADA, JINGGOY E.","February 11, 2022",RIGHT TO ADEQUATE FOOD; FOOD SECURITY
https://ldr.senate.gov.ph/legislative-issuances/senate-bills/bills/senate-bill-no-569-19th-congress,N/A,SPORTS VARSITY TEAMS IN BASIC EDUCATION ACT,"VILLANUEVA, JOEL","July 14, 2022",SPORTS VARSITY TEAMS; Secondary Education; ELEMENTARY EDUCATION/PRIMARY EDUCATION
https://ldr.senate.gov.ph/legislative-issuances/senate-bills/bills/senate-bill-no-271-19th-congress,N/A,ELECTRONICS DONATION AND RECYCLING ACT,"LAPID, MANUEL ""LITO"" M.","November 7, 2022",ELECTRONICS DONATION AND RECYCLING
https://ldr.senate.gov.ph/legislative-issuances/senate-bills/bills/senate-bill-no-340-19th-congress,"AN ACT AMENDING SECTIONS 443, 454, AND 463 OF REPUBLIC ACT NO. 7160 OTHERWISE KNOWN AS THE 'LOCAL GOVERNMENT CODE OF 1991'",AMENDING LOCAL GOVERNMENT CODE (APPOINTMENT OF A TOURISM OFFICER IN A MUNICIPALITY/CITY GOVERNMENT),"BINAY, MARIA LOURDES NANCY S.","December 7, 2022",LOCAL GOVERNMENT CODE (R.A.NO. 7160); TOURISM OFFICER
https://ldr.senate.gov.ph/legislative-issuances/senate-bills/bills/senate-bill-no-1386-19th-congress,N/A,URBAN AGRICULTURE ACT OF 2022,"LAPID, MANUEL ""LITO"" M.","October 13, 2022",URBAN AGRICULTURAL DEVELOPMENT
https://ldr.senate.gov.ph/legislative-issuances/senate-bills/bills/senate-bill-no-1449-19th-congress,N/A,PLASTIC BAGS TAX ACT,"VILLANUEVA, JOEL","March 11, 2022",PLASTIC BAGS TAX; TAXES (EXCISE TAX)
https://ldr.senate.gov.ph/legislative-issuances/senate-bills/bills/senate-bill-no-1609-19th-congress,N/A,PROTECTION OF STUDENTS' RELIGIOUS BELIEF ACT,"PADILLA, ROBINHOOD C.","December 12, 2022",STUDENTS; RELIGION/BELIEFS
https://ldr.senate.gov.ph/legislative-issuances/senate-bills/bills/senate-bill-no-1039-19th-congress,N/A,PHILIPPINE CENTER FOR DISEASE PREVENTION AND CONTROL ACT,"ESCUDERO, FRANCIS G.","April 8, 2022",PUBLIC HEALTH EMERGENCY RESPONSE; PHILIPPINE CENTER FOR DISEASE CONTROL AND PREVENTION
https://ldr.senate.gov.ph/legislative-issuances/senate-bills/bills/senate-bill-no-1315-19th-congress,N/A,PANDEMIC READINESS AND PROTECTION ACT,"HONTIVEROS, RISA","September 14, 2022",PANDEMIC PROTECTION; HEALTHCARE MANUFACTURING INDUSTRIES
https://ldr.senate.gov.ph/legislative-issuances/senate-bills/bills/senate-bill-no-413-19th-congress,N/A,FOREST LAND CADASTRAL ACT,"MARCOS, IMEE R.","December 7, 2022",FOREST LAND/FOREST LIMITS
https://ldr.senate.gov.ph/legislative-issuances/senate-bills/bills/senate-bill-no-477-19th-congress,N/A,PHILIPPINE ONLINE LIBRARY ACT,"GATCHALIAN, WIN","July 13, 2022",PHILIPPINE ONLINE LIBRARY; BOOKS (E-BOOK); PUBLIC EDUCATION SYSTEM; DIGITAL EDUCATION
https://ldr.senate.gov.ph/legislative-issuances/senate-bills/bills/senate-bill-no-1107-19th-congress,N/A,INDIGENT CHILDREN FREE MEDICAL AND DENTAL SERVICE ACT,"ESTRADA, JINGGOY E.","August 8, 2022",indigent children; MEDICAL ASSISTANCE/DENTAL ASSISTANCE
https://ldr.senate.gov.ph/legislative-issuances/senate-bills/bills/senate-bill-no-29-19th-congress,N/A,AMENDING  R.A. NO. 10931 (UNIVERSAL ACCESS TO QUALITY TERTIARY EDUCATION ACT),"REVILLA JR., RAMON BONG","May 7, 2022",UNIVERSAL ACCESS TO QUALITY TERTIARY EDUCATION; TERTIARY EDUCATION
https://ldr.senate.gov.ph/legislative-issuances/senate-bills/bills/senate-bill-no-93-19th-congress,AN ACT ESTABLISHING SATELLITE SPECIALTY HOSPITALS TO FACILITATE ACCESS TO SPECIALIZED MEDICAL CARE IN IDENTIFIED REGIONS OF THE PHILIPPINES AND APPROPRIATING FUNDS THEREFOR,SATELLITE SPECIALTY HOSPITALS ACT OF 2022,"ANGARA, SONNY; REVILLA JR., RAMON BONG","July 7, 2022",SATELLITE SPECIALTY HOSPITALS
https://ldr.senate.gov.ph/legislative-issuances/senate-bills/bills/senate-bill-no-127-19th-congress,N/A,NATIONAL MANGROVE FOREST PROTECTION AND PRESERVATION ACT OF 2022,"VILLAR, CYNTHIA A.","July 7, 2022",MANGROVE FORESTS
https://ldr.senate.gov.ph/legislative-issuances/senate-bills/bills/senate-bill-no-191-19th-congress,"AN ACT AMENDING CERTAIN SECTIONS OF REPUBLIC ACT 9173 OTHERWISE KNOWN AS THE PHILIPPINE NURSING ACT OF 2002, PROVIDING FOR AN ADVANCED NURSING EDUCATION PROGRAM",ADVANCED NURSING EDUCATION ACT OF 2022,"GO, CHRISTOPHER LAWRENCE T.","July 7, 2022",NURSING EDUCATION PROGRAM; PHILIPPINE NURSING ACT
https://ldr.senate.gov.ph/legislative-issuances/senate-bills/bills/senate-bill-no-940-19th-congress,"AN ACT ESTABLISHING EVACUATION CENTERS IN EVERY MUNICIPALITY AND CITY, PROVIDING FOR THE NECESSARY FACILITIES, ENSURING THEIR STRUCTURAL CAPACITY, AND APPROPRIATING FUNDS THEREFOR",EVACUATION CENTER ACT,"GATCHALIAN, WIN","January 8, 2022",EVACUATION CENTER
https://ldr.senate.gov.ph/legislative-issuances/senate-bills/bills/senate-bill-no-735-19th-congress,N/A,INFANT- FRIENDLY FACILITIES ACT,"VILLANUEVA, JOEL","July 18, 2022",BABY/INFANT; INFANT- FRIENDLY FACILITIES; GOVERNMENT AGENCIES
https://ldr.senate.gov.ph/legislative-issuances/senate-bills/bills/senate-bill-no-307-19th-congress,"AN ACT ESTABLISHING A CAMP DEVELOPMENT FUND FOR THE PHILIPPINE NATIONAL POLICE, APPROPRIATING THE SUM OF FIVE BILLION PESOS ANNUALLY FOR FIVE YEARS, AND FOR OTHER PURPOSES",PNP CAMP DEVELOPMENT FUND ACT,"CAYETANO, ALAN PETER S.","December 7, 2022",CAMP DEVELOPMENT FUND; PHILIPPINE NATIONAL POLICE (PNP)
https://ldr.senate.gov.ph/legislative-issuances/senate-bills/bills/senate-bill-no-1417-19th-congress,N/A,BARANGAY REGISTRY OF PROFESSIONALS AND SKILLED WORKERS ACT,"REVILLA JR., RAMON BONG","October 27, 2022",REGISTRY OF PROFESSIONAL/SKILLED WORKERS; BARANGAY SKILLED WORKERS; BARANGAYS
https://ldr.senate.gov.ph/legislative-issuances/senate-bills/bills/senate-bill-no-1491-19th-congress,"AN ACT PROVIDING FOR A COMPREHENSIVE ATOMIC REGULATORY FRAMEWORK, CREATING FOR THE PURPOSE THE PHILIPPINE ATOMIC REGULATORY COMMISSION, AND APPROPRIATING FUNDS THEREFOR",COMPREHENSIVE ATOMIC REGULATION ACT,"REVILLA JR., RAMON BONG","September 11, 2022",ATOMIC REGULATORY COMMISSION
https://ldr.senate.gov.ph/legislative-issuances/senate-bills/bills/senate-bill-no-1007-19th-congress,N/A,AMENDING CERTAIN PROVISIONS OF R.A. NO. 6847 (PHILIPPINE SPORTS COMMISSION ACT),"ANGARA, SONNY","March 8, 2022",Philippine Sports Commission (PSC)
https://ldr.senate.gov.ph/legislative-issuances/senate-bills/bills/senate-bill-no-1282-19th-congress,N/A,GROWTH AND DEVELOPMENT OF BARANGAY MICRO BUSINESS ENTERPRISES,"VILLANUEVA, JOEL","June 9, 2022",BARANGAY MICRO BUSINESS ENTERPRISE
https://ldr.senate.gov.ph/legislative-issuances/senate-bills/bills/senate-bill-no-381-19th-congress,N/A,AMENDING P.D. NO. 87 (OIL EXPLORATION AND DEVELOPMENT ACT),"GATCHALIAN, WIN","December 7, 2022",OIL AND GAS EXPLORATION
https://ldr.senate.gov.ph/legislative-issuances/senate-bills/bills/senate-bill-no-1564-19th-congress,N/A,PHILIPPINE SHIP REGISTRY SYSTEM ACT,"REVILLA JR., RAMON BONG","November 28, 2022",PHILIPPINE SHIP REGISTRY SYSTEM
https://ldr.senate.gov.ph/legislative-issuances/senate-bills/bills/senate-bill-no-1071-19th-congress,N/A,NATIONAL SCHOLARSHIP COMMISSION ACT,"POE, GRACE","August 8, 2022",NATIONAL SCHOLARSHIP COMMISSION; SCHOLARSHIP GRANTS
https://ldr.senate.gov.ph/legislative-issuances/senate-bills/bills/senate-bill-no-445-19th-congress,N/A,BLOOD TYPE IDENTIFICATION ACT,"VILLAR, MARK A.","December 7, 2022",BLOOD TYPE; IDENTIFICATION CARD; GOVERNMENT AGENCIES
https://ldr.senate.gov.ph/legislative-issuances/senate-bills/bills/senate-bill-no-1139-19th-congress,"AN ACT MODIFYING THE GROUNDS FOR SUBSTITUTION OF CANDIDATES, AMENDING FOR THIS PURPOSE SECTION 77 OF BATAS PAMBANSA BILANG 881, OTHERWISE KNOWN AS THE OMNIBUS ELECTION CODE",MODIFYING THE GROUNDS FOR SUBSTITUTION OF CANDIDATES,"VILLANUEVA, JOEL","November 8, 2022",SUBSTITUTION OF CANDIDATES; OMNIBUS ELECTION CODE (BATAS PAMBANSA BLG. 881)
https://ldr.senate.gov.ph/legislative-issuances/senate-bills/bills/senate-bill-no-1181-19th-congress,N/A,PHILIPPINE BUILDING ACT OF 2022,"GO, CHRISTOPHER LAWRENCE T.","August 16, 2022",BUILDING CODE OF THE PHILIPPINES (R.A.NO. 6541)
https://ldr.senate.gov.ph/legislative-issuances/senate-bills/bills/senate-bill-no-61-19th-congress,N/A,"NATIONAL VALUES, ETIQUETTE, AND MORAL UPRIGHTNESS ACT","CAYETANO, ALAN PETER S.","July 7, 2022","NATIONAL VALUES, ETIQUETTE, AND MORAL UPRIGHTNESS"
https://ldr.senate.gov.ph/legislative-issuances/senate-bills/bills/senate-bill-no-159-19th-congress,"AN ACT AMENDING REPUBLIC ACT NO. 11235, OTHERWISE KNOWN AS THE ‘MOTORCYCLE CRIME PREVENTION ACT",AMENDING R.A. NO. 11235 (MOTORCYCLE CRIME PREVENTION ACT),"DELA ROSA, RONALD ""BATO""; EJERCITO, JOSEPH VICTOR G.","July 7, 2022",MOTORCYCLE
https://ldr.senate.gov.ph/legislative-issuances/senate-bills/bills/senate-bill-no-223-19th-congress,N/A,OVERSEAS FILIPINO WORKERS CREDIT ASSISTANCE ACT OF 2022,"VILLAR, MARK A.","July 7, 2022",OVERSEAS FILIPINO WORKERS (OFWS)/ MIGRANT WORKERS; CREDIT ASSISTANCE PROGRAM
https://ldr.senate.gov.ph/legislative-issuances/senate-bills/bills/senate-bill-no-972-19th-congress,"AN ACT ESTABLISHING A DIAGNOSTIC LABORATORY FOR LIVESTOCK-RELATED DISEASES IN EVERY PROVINCE WHERE THE LIVESTOCK INDUSTRY IS A MAJOR ECONOMIC ACTIVITY, APPROPRIATING FUNDS THEREFOR AND FOR OTHER PURPOSES",LIVESTOCK-RELATED DISEASE DIAGNOSTIC LABORATORY ACT,"LAPID, MANUEL ""LITO"" M.","January 8, 2022",LIVESTOCK
https://ldr.senate.gov.ph/legislative-issuances/senate-bills/bills/senate-bill-no-170-19th-congress,N/A,RENTAL HOUSING SUBSIDY PROGRAM ACT,"TOLENTINO, FRANCIS ""TOL"" N.","July 7, 2022",RENTAL HOUSING SUBSIDY; INFORMAL SETTLERS/SQUATTERS/SQUATTING
https://ldr.senate.gov.ph/legislative-issuances/senate-bills/bills/senate-bill-no-230-19th-congress,"AN ACT GRANTING TO MEDICAL CANNABIS AS A COMPASSIONATE ALTERNATIVE MEANS OF MEDICAL TREATMENT, EXPANDING RESEARCH INTO ITS MEDICINAL PROPERTIES, ENUMERATING PROHIBITED ACTS AND PRESCRIBING PENALTIES THEREFOR AND FOR OTHER PURPOSES",MEDICAL CANNABIS COMPASSIONATE ACCESS ACT OF THE PHILIPPINES,"PADILLA, ROBINHOOD C.","July 7, 2022",MEDICAL CANNABIS
https://ldr.senate.gov.ph/legislative-issuances/senate-bills/bills/senate-bill-no-516-19th-congress,N/A,PUBLIC SCHOOLS OF THE FUTURE IN TECHNOLOGY (PSOFT) ACT,"REVILLA JR., RAMON BONG","July 13, 2022",PUBLIC SCHOOLS OF THE FUTURE IN TECHNOLOGY (PSOFT); INFORMATION AND COMMUNICATIONS TECHNOLOGY (ICT)
https://ldr.senate.gov.ph/legislative-issuances/senate-bills/bills/senate-bill-no-286-19th-congress,"AN ACT PROMOTING THE ‘ONE TOWN, ONE PRODUCT’ CONCEPT TO ENHANCE INCLUSIVE AND SUSTAINABLE ECONOMIC DEVELOPMENT, APPROPRIATING FUNDS THEREFOR, AND FOR OTHER PURPOSES",OTOP PHILIPPINES ACT OF 2022,"ESTRADA, JINGGOY E.","November 7, 2022","ONE TOWN, ONE PRODUCT (OTOP)"
https://ldr.senate.gov.ph/legislative-issuances/senate-bills/bills/senate-bill-no-350-19th-congress,N/A,INTEGRATED URBAN AGRICULTURE ACT OF 2022,"VILLAR, CYNTHIA A.","December 7, 2022",FOOD SECURITY; INTEGRATED URBAN AGRICULTURE; URBAN AGRICULTURAL DEVELOPMENT; FOOD FOREST GARDENING
https://ldr.senate.gov.ph/legislative-issuances/senate-bills/bills/senate-bill-no-1397-19th-congress,N/A,"STIFFER PENALTIES FOR CHILD ABUSE, EXPLOITATION AND DISCRIMINATION","TOLENTINO, FRANCIS ""TOL"" N.","October 19, 2022","CHILD ABUSE, EXPLOITATION AND DISCRIMINATION ACT (R.A.NO. 7610)"
https://ldr.senate.gov.ph/legislative-issuances/senate-bills/bills/senate-bill-no-1460-19th-congress,N/A,OCCUPATIONAL SAFETY FOR GOVERNMENT EMPLOYEES ACT OF 2022,"REVILLA JR., RAMON BONG","March 11, 2022",OCCUPATIONAL SAFETY; GOVERNMENT EMPLOYEES
https://ldr.senate.gov.ph/legislative-issuances/senate-bills/bills/senate-bill-no-1470-19th-congress,"AN ACT STRENGTHENING THE MECHANISM FOR LAND USE DEVELOPMENT AND INFRASTRUCTURE PLANNING AND BUDGETING FOR STATE UNIVERSITIES AND COLLEGES, AMENDING FOR THE PURPOSE REPUBLIC ACT NO. 11396, OTHERWISE KNOWN AS THE",SUCS LAND USE DEVELOPMENT AND INFRASTRUCTURE PLAN (LUDIP) ACT,"ANGARA, SONNY; VILLANUEVA, JOEL; CAYETANO, PIA S.; LEGARDA, LOREN B.; VILLAR, CYNTHIA A.; ESCUDERO, FRANCIS G.; REVILLA JR., RAMON BONG; LAPID, MANUEL ""LITO"" M.; CAYETANO, ALAN PETER S.","July 11, 2022",STATE UNIVERSITIES AND COLLEGES (SUCS)
https://ldr.senate.gov.ph/legislative-issuances/senate-bills/bills/senate-bill-no-985-19th-congress,N/A,REMITTANCE ACT,"REVILLA JR., RAMON BONG","February 8, 2022",REMITTANCE; OVERSEAS FILIPINO WORKERS (OFWS)/ MIGRANT WORKERS
https://ldr.senate.gov.ph/legislative-issuances/senate-bills/bills/senate-bill-no-1261-19th-congress,N/A,EASTERN CORDILLERA REGIONAL HOSPITAL,"MARCOS, IMEE R.","January 9, 2022","HOSPITALS, ESTABLISHMENT"
https://ldr.senate.gov.ph/legislative-issuances/senate-bills/bills/senate-bill-no-1534-19th-congress,N/A,PATIENTS' BILL OF RIGHTS AND RESPONSIBILITIES ACT,"MARCOS, IMEE R.","November 23, 2022",PATIENTS; BILL OF RIGHTS
https://ldr.senate.gov.ph/legislative-issuances/senate-bills/bills/senate-bill-no-1050-19th-congress,"AN ACT CREATING THE ‘COUNCIL FOR THE BUILT ENVIRONMENT,’ APPROPRIATING FUNDS THEREFOR, AND FOR OTHER PURPOSES",COUNCIL FOR THE BUILT ENVIRONMENT ACT OF 2022,"GATCHALIAN, WIN","August 8, 2022",BUILT ENVIRONMENT
https://ldr.senate.gov.ph/legislative-issuances/senate-bills/bills/senate-bill-no-424-19th-congress,"AN ACT PROMOTING THE 'ONE TOWN, ONE PRODUCT' CONCEPT TO ENHANCE INCLUSIVE AND SUSTAINABLE ECONOMIC DEVELOPMENT, APPROPRIATING FUNDS THEREFOR, AND FOR OTHER PURPOSES",OTOP PHILIPPINES ACT OF 2022,"GO, CHRISTOPHER LAWRENCE T.","December 7, 2022","ONE TOWN, ONE PRODUCT (OTOP); MICRO, SMALL AND MEDIUM ENTERPRISES (MSMES)"
https://ldr.senate.gov.ph/legislative-issuances/senate-bills/bills/senate-bill-no-1118-19th-congress,"AN ACT PROMOTING THE DEVELOPMENT OF THE BAMBOO INDUSTRY BY STRENGTHENING THE PHILIPPINE BAMBOO INDUSTRY DEVELOPMENT COUNCIL, CREATING THE BAMBOO INDUSTRY RESEARCH AND DEVELOPMENT CENTER, PROVIDING INCENTIVES FOR BAMBOO PLANTATION DEVELOPMENT, AND APPROPRIATING FUNDS THEREFOR",PHILIPPINE BAMBOO INDUSTRY DEVELOPMENT ACT,"LEGARDA, LOREN B.","September 8, 2022",PHILIPPINE BAMBOO INDUSTRY DEVELOPMENT COUNCIL (PBIDC)
https://ldr.senate.gov.ph/legislative-issuances/senate-bills/bills/senate-bill-no-1164-19th-congress,N/A,DAGDAG SUWELDO PARA SA MGA GURO ACT,"EJERCITO, JOSEPH VICTOR G.","August 15, 2022",Public school teachers; ELEMENTARY EDUCATION/PRIMARY EDUCATION; Secondary Education; WAGE INCREASE/SALARY INCREASE
https://ldr.senate.gov.ph/legislative-issuances/senate-bills/bills/senate-bill-no-40-19th-congress,"AN ACT REDEFINING THE CRIME OF GAME-FIXING AND PRESCRIBING HIGHER PENALTIES THEREFOR, AMENDING FOR THIS PURPOSE PRESIDENTIAL DECREE NO. 483",ANTI-GAME FIXING ACT OF 2022,"LAPID, MANUEL ""LITO"" M.","June 7, 2022",GAME-FIXING
https://ldr.senate.gov.ph/legislative-issuances/senate-bills/bills/senate-bill-no-104-19th-congress,"AN ACT ALLOWING AND REGULATING THE USE OF MOTORCYCLES AS PUBLIC UTILITY VEHICLES, AMENDING FOR THIS PURPOSE REPUBLIC ACT NO. 4136, OTERWISE KNOWN AS THE LAND TRANSPORTATION AND TRAFFIC CODE, AND FOR OTHER PURPOSES",THE MOTORCYCLES-FOR-HIRE ACT OF 2022,"POE, GRACE; DELA ROSA, RONALD ""BATO""","July 7, 2022",MOTORCYCLES-FOR-HIRE; MOTORCYCLE; PUBLIC UTILITY VEHICLES; LAND TRANSPORTATION AND TRAFFIC CODE (R.A.NO. 4136)
https://ldr.senate.gov.ph/legislative-issuances/senate-bills/bills/senate-bill-no-138-19th-congress,N/A,MSME STIMULUS ACT,"VILLANUEVA, JOEL","July 7, 2022","MICRO, SMALL AND MEDIUM ENTERPRISES (MSMES); ENTREPRENEURSHIP"
https://ldr.senate.gov.ph/legislative-issuances/senate-bills/bills/senate-bill-no-202-19th-congress,N/A,AMENDING R.A. NO. 9165 (THE COMPREHENSIVE DANGEROUS DRUGS ACT OF 2002)  AS AMENDED,"DELA ROSA, RONALD ""BATO""","July 7, 2022",COMPREHENSIVE DANGEROUS DRUGS ACT OF 2002 (R.A.NO. 9165); DRUG PREVENTION
https://ldr.senate.gov.ph/legislative-issuances/senate-bills/bills/senate-bill-no-951-19th-congress,N/A,LGU TRANSPORTATION ACT,"GATCHALIAN, WIN","January 8, 2022",PUBLIC TRANSPORT; LOCAL GOVERNMENT CODE (R.A.NO. 7160); MASS TRANSIT SYSTEM
https://ldr.senate.gov.ph/legislative-issuances/senate-bills/bills/senate-bill-no-250-19th-congress,"AN ACT IMPOSING VALUE-ADDED TAX ON DIGITAL TRANSACTIONS IN THE PHILIPPINES, AMENDING FOR THE PURPOSE SECTIONS 105, 108, 109, 113, 114, AND 236 AND ADDING A NEW SECTION 105-A OF THE NATIONAL INTERNAL REVENUE CODE OF 1997, AS AMEDNED",IMPOSING VALUE-ADDED TAX ON DIGITAL TRANSACTIONS,"CAYETANO, PIA S.","November 7, 2022",TAXES (VALUE-ADDED TAX / VAT); DIGITAL TRANSACTION; NATIONAL INTERNAL REVENUE CODE (NIRC)
https://ldr.senate.gov.ph/legislative-issuances/senate-bills/bills/senate-bill-no-318-19th-congress,"AN ACT INSTITUTIONALIZING THE TRANSITION OF THE GOVERNMENT TO E-GOVERNANCE IN THE DIGITAL AGE, APPROPRIATING FUNDS THEREFOR, AND FOR OTHER PURPOSES",E-GOVERNANCE ACT OF 2022,"ZUBIRI, JUAN MIGUEL ""MIGZ"" F.","December 7, 2022",E-GOVERNANCE; E-GOVERNMENT SERVICES; INFORMATION AND COMMUNICATIONS TECHNOLOGY (ICT); DIGITAL TECHNOLOGY
https://ldr.senate.gov.ph/legislative-issuances/senate-bills/bills/senate-bill-no-1364-19th-congress,"AN ACT AMENDING SECTIONS 22, 24, 25, 27, 28, 29, 30, 32, 34, 37, 38, 39, 42, 51, 52, 54, 56, 57, 73, 108, 121, 122, 123, 174, 176, 179, 181, 182, 183, 184, 185,186,187,188,189, 190,191,194,195, 196,197,198, AND 199; AND REPEALING SECTIONS 127, 175, 177,178, 180,192, AND 193; ALL UNDER REPUBLIC ACT NO. 8424, OTHERWISE KNOWN AS THE NATIONAL INTERNAL REVENUE CODE OF 1997, AS AMENDED, AND FOR OTHER PURPOSES",PASSIVE INCOME AND FINANCIAL INTERMEDIARY TAXATION ACT,"ESTRADA, JINGGOY E.","May 10, 2022",PASSIVE INCOME/FINANCIAL INTERMEDIARY TAXATION; NATIONAL INTERNAL REVENUE CODE (NIRC)
https://ldr.senate.gov.ph/legislative-issuances/senate-bills/bills/senate-bill-no-1590-19th-congress,N/A,CRIMINALIZING THE CREATION AND DISSEMINATION OF FAKE NEWS,"REVILLA JR., RAMON BONG","May 12, 2022",FAKE NEWS
https://ldr.senate.gov.ph/legislative-issuances/senate-bills/bills/senate-bill-no-1187-19th-congress,N/A,CREATING ONE ADDITIONAL DIVISION IN THE NATIONAL LABOR RELATIONS COMMISSION,"GO, CHRISTOPHER LAWRENCE T.","August 16, 2022",NATIONAL LABOR RELATIONS COMMISSION (NLRC); LABOR CODE OF THE PHILIPPINES (P.D.NO. 442)
https://ldr.senate.gov.ph/legislative-issuances/senate-bills/bills/senate-bill-no-1018-19th-congress,"AN ACT INSTITUTING REFORMS IN REAL PROPERTY VALUATION AND ASSESSMENT IN THE PHILIPPINES, REORGANIZING THE BUREAU OF LOCAL GOVERNMENT FINANCE, AND APPROPRIATING FUNDS THEREFOR",REAL PROPERTY VALUATION AND ASSESSMENT REFORM ACT,"ESTRADA, JINGGOY E.","April 8, 2022",REAL PROPERTY VALUATION AND ASSESSMENT; BUREAU OF LOCAL GOVERNMENT FINANCE
https://ldr.senate.gov.ph/legislative-issuances/senate-bills/bills/senate-bill-no-1294-19th-congress,N/A,RURAL FINANCIAL INCLUSION AND LITERACY ACT,"ESTRADA, JINGGOY E.","July 9, 2022",RURAL FINANCIAL INCLUSION AND LITERACY
https://ldr.senate.gov.ph/legislative-issuances/senate-bills/bills/senate-bill-no-392-19th-congress,N/A,LOCAL GOVERNMENT UNITS (LGU) SOLIDARITY FUND FOR DISASTER RESPONSE AND RECOVERY ACT,"EJERCITO, JOSEPH VICTOR G.","December 7, 2022",DISASTER RESPONSE AND RECOVERY; LOCAL GOVERNMENT UNITS (LGUs)
https://ldr.senate.gov.ph/legislative-issuances/senate-bills/bills/senate-bill-no-1566-19th-congress,N/A,REQUIRING A BASIC FIRST AID TRAINING FOR PERSONNEL OR TOURISM ENTERPRISES,"REVILLA JR., RAMON BONG","November 29, 2022",FIRST AID TRAINING; TOURISM
https://ldr.senate.gov.ph/legislative-issuances/senate-bills/bills/senate-bill-no-1082-19th-congress,"AN ACT INSTITUTIONALIZING THE PARTICIPATION OF CIVIL SOCIETY ORGANIZATIONS (CSOS) IN THE PREPARATION AND AUTHORIZATION PROCESS OF THE ANNUAL NATIONAL BUDGET, PROVIDING EFFECTIVE MECHANISMS THEREFOR, AND FOR OTHER PURPOSES",PEOPLE'S PARTICIPATION IN THE NATIONAL BUDGET PROCESS ACT,"ESTRADA, JINGGOY E.","August 8, 2022",PEOPLES PARTICIPATION; NATIONAL BUDGET
https://ldr.senate.gov.ph/legislative-issuances/senate-bills/bills/senate-bill-no-456-19th-congress,N/A,"AMENDING R,A. NO. 10361 (BATAS KASAMBAHAY)","ESTRADA, JINGGOY E.","July 13, 2022",BATAS KASAMBAHAY (R.A.NO. 10361)
https://ldr.senate.gov.ph/legislative-issuances/senate-bills/bills/senate-bill-no-1147-19th-congress,N/A,LGU AUTHORITY TO BANK ACT,"GATCHALIAN, WIN","August 15, 2022",LOCAL GOVERNMENT UNITS (LGUs); FINANCIAL TRANSACTION
https://ldr.senate.gov.ph/legislative-issuances/senate-bills/bills/senate-bill-no-8-19th-congress,N/A,PANGKABUHAYAN ACT OF 2022,"LEGARDA, LOREN B.","April 7, 2022","MICRO, SMALL AND MEDIUM ENTERPRISES (MSMES); PANGKABUHAYAN ACT"
https://ldr.senate.gov.ph/legislative-issuances/senate-bills/bills/senate-bill-no-1492-19th-congress,N/A,FAIR AND EQUITABLE ALLOCATION OF THE DEPARTMENT OF EDUCATION BUDGET FOR CAPITAL OUTLAY,"REVILLA JR., RAMON BONG","September 11, 2022",DEPARTMENT OF EDUCATION BUDGET FOR CAPITAL OUTLAY
https://ldr.senate.gov.ph/legislative-issuances/senate-bills/bills/senate-bill-no-394-19th-congress,N/A,INCREASING THE SHARE OF LOCAL GOVERNMENT UNITS IN NATIONAL TAXES,"EJERCITO, JOSEPH VICTOR G.","December 7, 2022",LOCAL GOVERNMENT UNITS (LGUs); INTERNAL REVENUE ALLOTMENT (IRA); LOCAL GOVERNMENT CODE (R.A.NO. 7160)
https://ldr.senate.gov.ph/legislative-issuances/senate-bills/bills/senate-bill-no-1020-19th-congress,"AN ACT INSTITUTIONALIZING THE CASH BUDGETING SYSTEM, AND FOR OTHER PURPOSES",CASH BUDGETING SYSTEM ACT,"ESTRADA, JINGGOY E.","April 8, 2022",CASH BUDGETING SYSTEM
https://ldr.senate.gov.ph/legislative-issuances/senate-bills/bills/senate-bill-no-1084-19th-congress,N/A,MAGNA CARTA OF AGRICULTURAL DEVELOPMENT WORKERS,"ESTRADA, JINGGOY E.","August 8, 2022",MAGNA CARTA OF AGRICULTURAL DEVELOPMENT WORKERS
https://ldr.senate.gov.ph/legislative-issuances/senate-bills/bills/senate-bill-no-150-19th-congress,N/A,ACADEMIC RECOVERY AND ACCESSIBLE LEARNING (ARAL)  PROGRAM ACT,"GATCHALIAN, WIN","July 7, 2022",ACADEMIC RECOVERY AND ACCESSIBLE LEARNING PROGRAM
https://ldr.senate.gov.ph/legislative-issuances/senate-bills/bills/senate-bill-no-1567-19th-congress,N/A,DECLARING THE BASILICA OF OUR LADY OF THE ROSARY OF MANAOAG IN  PANGASINAN AS A PILGRIMAGE SITE,"REVILLA JR., RAMON BONG","November 29, 2022",PILGRIMAGE SITE; TOURISM DESTINATION
https://ldr.senate.gov.ph/legislative-issuances/senate-bills/bills/senate-bill-no-405-19th-congress,N/A,MANDATORY USE OF THE NAMES WEST PHILIPPINE SEA OR KANLURANG DAGAT NG PILIPINAS,"TOLENTINO, FRANCIS ""TOL"" N.","December 7, 2022",WEST PHILIPPINE SEA; KANLURANG DAGAT NG PILIPINAS
https://ldr.senate.gov.ph/legislative-issuances/senate-bills/bills/senate-bill-no-1031-19th-congress,N/A,CENTER FOR AUTISM,"ESTRADA, JINGGOY E.","April 8, 2022",AUTISM
https://ldr.senate.gov.ph/legislative-issuances/senate-bills/bills/senate-bill-no-469-19th-congress,N/A,INCENTIVES FOR RENTAL RESIDENTIAL HOUSING BY THE PRIVATE SECTOR ACT,"ESTRADA, JINGGOY E.","July 13, 2022",HOUSING (AFFORDABLE RESIDENTIAL HOUSING); BENEFITS AND INCENTIVES; private sector
https://ldr.senate.gov.ph/legislative-issuances/senate-bills/bills/senate-bill-no-1259-19th-congress,N/A,PAOAY LAKE PROTECTED LANDSCAPE (PLPL) ACT,"MARCOS, IMEE R.","January 9, 2022",PAOAY LAKE PROTECTED LANDSCAPE
https://ldr.senate.gov.ph/legislative-issuances/senate-bills/bills/senate-bill-no-1095-19th-congress,N/A,MAGNA CARTA FOR CRIME VICTIMS,"REVILLA JR., RAMON BONG","August 8, 2022",MAGNA CARTA FOR CRIME VICTIMS
https://ldr.senate.gov.ph/legislative-issuances/senate-bills/bills/senate-bill-no-1324-19th-congress,N/A,AUTOMATED EXTERNAL DEFIBRILLATORS (AED) IN PUBLIC SPACES ACT,"LAPID, MANUEL ""LITO"" M.","September 19, 2022",AUTOMATED EXTERNAL DEFIBRILLATORS (AED)
https://ldr.senate.gov.ph/legislative-issuances/senate-bills/bills/senate-bill-no-161-19th-congress,AN ACT ESTABLISHING SPECIALTY CENTER IN EVERY REGION AND APPROPRIATING FUNDS THEREFOR,REGIONAL SPECIALTY CARE ACT OF 2022,"ESCUDERO, FRANCIS G.; EJERCITO, JOSEPH VICTOR G.","July 7, 2022","HOSPITALS (SPECIALIZED HOSPITALS, PHCA, LCP, NKFP, LNK, TGH); Health services; DEPARTMENT OF HEALTH (DOH)"
https://ldr.senate.gov.ph/legislative-issuances/senate-bills/bills/senate-bill-no-225-19th-congress,"AN ACT FURTHER PROTECTING THE INTEGRITY OF ELECTRONIC TRANSACTIONS, DEFINING FOR THE PURPOSE THE CRIME OF INTERNET AND TELECOMMUNICATIONS PHISHING, PROVIDING PENALTIES THEREFOR",ANTI-PHISHING LAW,"VILLAR, MARK A.","July 7, 2022",ANTI-PHISHING; ELECTRONIC TECHNOLOGY; INTERNET TRANSACTIONS
https://ldr.senate.gov.ph/legislative-issuances/senate-bills/bills/senate-bill-no-1105-19th-congress,N/A,TELEVISION ALTERNATIVE LEARNING SYSTEM ACT,"REVILLA JR., RAMON BONG","August 8, 2022",television; ALTERNATIVE LEARNING; BASIC EDUCATION/BASIC EDUCATION INSTITUTIONS
https://ldr.senate.gov.ph/legislative-issuances/senate-bills/bills/senate-bill-no-543-19th-congress,N/A,REPEALING ARTICLE 247 OF THE REVISED PENAL CODE,"POE, GRACE","July 13, 2022",REVISED PENAL CODE (R.A.NO. 3815); MARITAL INFIDELITY; ANTI-DISCRIMINATION
https://ldr.senate.gov.ph/legislative-issuances/senate-bills/bills/senate-bill-no-1461-19th-congress,N/A,EXPANDED LEAVE BENEFITS ACT OF 2022,"REVILLA JR., RAMON BONG","March 11, 2022",LEAVE OF ABSENCE
https://ldr.senate.gov.ph/legislative-issuances/senate-bills/bills/senate-bill-no-299-19th-congress,N/A,ENHANCED BATAS KASAMBAHAY ACT,"CAYETANO, ALAN PETER S.","December 7, 2022",BATAS KASAMBAHAY (R.A.NO. 10361); DOMESTIC WORKERS
https://ldr.senate.gov.ph/legislative-issuances/senate-bills/bills/senate-bill-no-31-19th-congress,"AN ACT PROVIDING FOR THE SOCIAL PENSION OF INDIGENT PERSONS WITH DISABILITY, AND PROVIDING FUNDS THEREFOR",MONTHLY SOCIAL PENSION FOR INDIGENT PERSONS WITH DISABILITY ACT,"LAPID, MANUEL ""LITO"" M.; DELA ROSA, RONALD ""BATO""","May 7, 2022",INDIGENT PERSONS; PENSION
https://ldr.senate.gov.ph/legislative-issuances/senate-bills/bills/senate-bill-no-363-19th-congress,"AN ACT STRENGTHENING TECHNICAL VOCATIONAL EDUCATION AND TRAINING (TVET) IN THE PHILIPINES BY INCORPORATING APPRENTICESHIP AND DUAL TRAINING SYSTEM, PROVIDING FOR CONTINUOUS TRAINING OF THE UNEMPLOYED, AND EXPANDING THE PROVISION OF ENTERPRISE - BASED EDUCATION AND TRAINING, AND FOR OTHER PURPOSES",ENTERPRISE-BASED EDUCATION AND TRAINING TO EMPLOYMENT ACT,"TULFO, RAFFY T.; VILLANUEVA, JOEL","December 7, 2022",TECHNICAL VOCATIONAL EDUCATION AND TRAINING (TVET); ENTERPRISE-BASED EDUCATION AND TRAINING (EBET) PROGRAM; ENTERPRISE-BASED EDUCATION AND TRAINING TO EMPLOYMENT
https://ldr.senate.gov.ph/legislative-issuances/senate-bills/bills/senate-bill-no-95-19th-congress,N/A,UNDERPRIVILEGED STUDENTS' DISCOUNT ACT OF 2022,"ANGARA, SONNY","July 7, 2022",UNDERPRIVILEGED STUDENTS; DISCOUNT PRIVILEGES; TECHNICAL-VOCATIONAL (TECH-VOC)
https://ldr.senate.gov.ph/legislative-issuances/senate-bills/bills/senate-bill-no-1471-19th-congress,"AN ACT DECLARING QUIAPO DISTRICT IN THE CITY OF MANILA A NATIONAL HISTORICAL - CULTURAL HERITAGE ZONE, APPROPRIATE FUNDS THEREFOR, AND FOR OTHER PURPOSES",QUIAPO HERITAGE ZONE ACT,"LAPID, MANUEL ""LITO"" M.","July 11, 2022",HERITAGE ZONE
https://ldr.senate.gov.ph/legislative-issuances/senate-bills/bills/senate-bill-no-1535-19th-congress,N/A,ANTI-VIOLENCE AGAINST WOMEN AND THEIR CHILDREN ACT (EXTENDING THE PRESCRIPTIVE PERIOD OF OFFENSES),"MARCOS, IMEE R.","November 23, 2022",ANTI-VIOLENCE AGAINST WOMEN AND  CHILDREN (VAWC)(R.A.NO. 9262); REVISED PENAL CODE (R.A.NO. 3815)
https://ldr.senate.gov.ph/legislative-issuances/senate-bills/bills/senate-bill-no-373-19th-congress,N/A,LOCAL COOPERATIVES DEVELOPMENT FUND ACT,"HONTIVEROS, RISA","December 7, 2022",COOPERATIVES; COOPERATIVES DEVELOPMENT FUND
https://ldr.senate.gov.ph/legislative-issuances/senate-bills/bills/senate-bill-no-999-19th-congress,"AN ACT PROMOTING THE SCIENTIFIC PROPAGATION, PROCESSING, UTILIZATION AND DEVELOPMENT OF PHILIPPINE NATIVE ANIMALS, HEREBY CREATING THE PHILIPPINE NATIVE ANIMAL DEVELOPMENT CENTER",PHILIPPINE NATIVE ANIMAL DEVELOPMENT ACT,"ANGARA, SONNY","March 8, 2022",PHILIPPINE NATIVE ANIMAL
https://ldr.senate.gov.ph/legislative-issuances/senate-bills/bills/senate-bill-no-437-19th-congress,AN ACT REQUIRING BUSINESS ESTABLISHMENTS TO INSTALL CLOSED CIRCUIT TELEVISION (CCTV) CAMERAS IN THEIR PLACE OF BUSINESS AS A MEANS TO DETER CRIME,CCTV ACT OF 2022,"DELA ROSA, RONALD ""BATO""","December 7, 2022",CLOSED CIRCUIT TELEVISION CAMERAS (CCTV); BUSINESS ESTABLISHMENT
https://ldr.senate.gov.ph/legislative-issuances/senate-bills/bills/senate-bill-no-1240-19th-congress,N/A,KOMISYON SA WIKANG FILIPINO (COMMISION ON THE FILIPINO LANGUAGE) ACT,"LEGARDA, LOREN B.","August 31, 2022",KOMISYON SA WIKANG FILIPINO; COMMISSION ON THE FILIPINO LANGUAGE
https://ldr.senate.gov.ph/legislative-issuances/senate-bills/bills/senate-bill-no-1063-19th-congress,"AN ACT EXPANDING THE POWERS AND FUNCTIONS OF THE MOVIE AND TELEVISION REVIEW AND CLASSIFICATION BOARD FOR THE REGULATION OF VIDEO GAMES AND OUTDOOR MEDIA, AMENDING FOR THE PURPOSE PRESIDENTIAL DECREE NO. 1986, OTHERWISE KNOWN AS ‘CREATING THE MOVIE AND TELEVISION REVIEW AND CLASSIFICATION BOARD’",VIDEO AND ONLINE GAMES AND OUTDOOR MEDIA REGULATION ACT,"GATCHALIAN, WIN","August 8, 2022",VIDEO GAMES; ONLINE GAMING; MOVIE AND TELEVISION REVIEW AND CLASSIFICATION BOARD (MTRCB)
https://ldr.senate.gov.ph/legislative-issuances/senate-bills/bills/senate-bill-no-1291-19th-congress,N/A,NATIONAL SEX OFFENDER REGISTRY ACT,"ESTRADA, JINGGOY E.","July 9, 2022",SEX OFFENDERS
https://ldr.senate.gov.ph/legislative-issuances/senate-bills/bills/senate-bill-no-129-19th-congress,"AN ACT INSTITUTIONALIZING AND EXPANDING THE NATIONAL EMPLOYMENT RECOVERY STRATEGY (NERS) TO A NATIONAL EMPLOYMENT ACTION PLAN, APPROPRIATING FUNDS THEREFOR AND FOR OTHER PURPOSES",TRABAHO PARA SA LAHAT NG PILIPINO ACT,"GATCHALIAN, WIN; VILLANUEVA, JOEL","July 7, 2022",NATIONAL EMPLOYMENT RECOVERY STRATEGY (NERS)
https://ldr.senate.gov.ph/legislative-issuances/senate-bills/bills/senate-bill-no-193-19th-congress,"AN ACT ESTABLISHING A MANDATORY EVACUATION CENTER IN ALL CITIES, PROVINCES AND MUNICIPALITIES, APPROPRIATING FUNDS THEREFOR",MANDATORY EVACUATION CENTER ACT OF 2022,"GO, CHRISTOPHER LAWRENCE T.","July 7, 2022",EVACUATION CENTER; DISASTER PREPAREDNESS/DISASTER INFORMATION
https://ldr.senate.gov.ph/legislative-issuances/senate-bills/bills/senate-bill-no-1609-19th-congress,N/A,PROTECTION OF STUDENTS' RELIGIOUS BELIEF ACT,"PADILLA, ROBINHOOD C.","December 12, 2022",STUDENTS; RELIGION/BELIEFS
https://ldr.senate.gov.ph/legislative-issuances/senate-bills/bills/senate-bill-no-511-19th-congress,N/A,BOOKS FOR THE BARRIOS ACT OF 2022,"REVILLA JR., RAMON BONG","July 13, 2022",BOOKS FOR THE BARRIOS PROGRAM
https://ldr.senate.gov.ph/legislative-issuances/senate-bills/bills/senate-bill-no-1137-19th-congress,"AN ACT INSTITUTIONALIZING THE CONDITIONAL MATCHING GRANT TO PROVINCES (CMGP) FOR ROAD AND BRIDGE REPAIR, REHABILITATION, AND IMPROVEMENT, PROVIDING FUNDS THEREFOR, AND FOR OTHER PURPOSES","LOCAL ROAD REPAIR, REHABILITATION, AND IMPROVEMENT ACT","VILLANUEVA, JOEL","November 8, 2022",CONDITIONAL MATCHING GRANT TO PROVINCES (CMGP)
https://ldr.senate.gov.ph/legislative-issuances/senate-bills/bills/senate-bill-no-1365-19th-congress,"AN ACT INSTITUTIONALIZING AND STRENGTHENING THE NATIONAL CYBERSECURITY INTER-AGENCY COMMITTEE CREATED UNDER EXECUTIVE ORDER NO. 95 (S. 2019), RENAMING IT TO NATIONAL CYBERSECURITY COUNCIL, AND FOR OTHER PURPOSES",CYBERSECURITY ACT,"MARCOS, IMEE R.","May 10, 2022",CYBERSECURITY
https://ldr.senate.gov.ph/legislative-issuances/senate-bills/bills/senate-bill-no-1429-19th-congress,N/A,KALUSUGAN ANG PRAYORIDAD ACT OF 2022,"REVILLA JR., RAMON BONG","October 27, 2022",health care; HEALTHCARE WORKERS; BENEFITS AND INCENTIVES
https://ldr.senate.gov.ph/legislative-issuances/senate-bills/bills/senate-bill-no-263-19th-congress,N/A,BPO WORKERS HEALTH AND SAFETY ACT OF 2022,"REVILLA JR., RAMON BONG","November 7, 2022",BUSINESS PROCESS OUTSOURCING (BPO); OCCUPATIONAL SAFETY; health care
https://ldr.senate.gov.ph/legislative-issuances/senate-bills/bills/senate-bill-no-332-19th-congress,N/A,CNSP BIRTH REGISTRATION ACT,"POE, GRACE","December 7, 2022",BIRTH REGISTRATION; CHILDREN IN NEED OF SPECIAL PROTECTION (CSNP); CHILDBIRTH SERVICES
https://ldr.senate.gov.ph/legislative-issuances/senate-bills/bills/senate-bill-no-958-19th-congress,N/A,PHILIPPINE CROP INSURANCE CORPORATION,"POE, GRACE","January 8, 2022",FISHERY PRODUCTS; POULTRY; PHILIPPINE CROP INSURANCE CORPORATION
https://ldr.senate.gov.ph/legislative-issuances/senate-bills/bills/senate-bill-no-63-19th-congress,"AN ACT PROHIBITING ONLINE GAMBLING, PENALIZING THE PLACING OF WAGERS OR BETS THROUGH THE INTERNET OR ANY FORM OF ONLINE GAMBLING ACTIVITIES, AND FOR OTHER PURPOSES",ANTI-ONLINE GAMBLING ACT,"CAYETANO, ALAN PETER S.","July 7, 2022",ANTI-ONLINE GAMBLING
https://ldr.senate.gov.ph/legislative-issuances/senate-bills/bills/senate-bill-no-735-19th-congress,N/A,INFANT- FRIENDLY FACILITIES ACT,"VILLANUEVA, JOEL","July 18, 2022",BABY/INFANT; INFANT- FRIENDLY FACILITIES; GOVERNMENT AGENCIES
https://ldr.senate.gov.ph/legislative-issuances/senate-bills/bills/senate-bill-no-1499-19th-congress,N/A,SUPPORT SERVICES FOR ONLINE MSMES ACT OF 2022,"LAPID, MANUEL ""LITO"" M.","November 14, 2022","MICRO, SMALL AND MEDIUM ENTERPRISES (MSMES)"
https://ldr.senate.gov.ph/legislative-issuances/senate-bills/bills/senate-bill-no-274-19th-congress,N/A,COLLEGE LIVING EXPENSES FINANCING (CLEF) ACT,"LAPID, MANUEL ""LITO"" M.","November 7, 2022",COLLEGE LIVING EXPENSES FINANCING (CLEF); DEVELOPMENT BANK OF THE PHILIPPINES (DBP); LAND BANK OF THE PHILIPPINES (LBP)
https://ldr.senate.gov.ph/legislative-issuances/senate-bills/bills/senate-bill-no-10-19th-congress,N/A,OVERSEAS FILIPINO WORKERS (OFWS) REMITTANCE PROTECTION ACT OF 2022,"LEGARDA, LOREN B.","April 7, 2022",OVERSEAS FILIPINO WORKERS (OFWS)/ MIGRANT WORKERS; REMITTANCE
https://ldr.senate.gov.ph/legislative-issuances/senate-bills/bills/senate-bill-no-342-19th-congress,AN ACT INSTITUTIONALIZING RAINWATER HARVESTING SYSTEM IN METRO MANILA AND MAJOR CITIES IN THE PHILIPPINES AND FOR OTHER PURPOSES,RAINWATER HARVESTING FACILITY ACT,"BINAY, MARIA LOURDES NANCY S.","December 7, 2022",RAINWATER HARVESTING FACILITY; RAINWATER
https://ldr.senate.gov.ph/legislative-issuances/senate-bills/bills/senate-bill-no-969-19th-congress,N/A,FILIPINO MIGRANT WORKERS,"POE, GRACE","January 8, 2022",OVERSEAS FILIPINO WORKERS (OFWS)/ MIGRANT WORKERS
https://ldr.senate.gov.ph/legislative-issuances/senate-bills/bills/senate-bill-no-74-19th-congress,"AN ACT AMENDING SECTION TWO OF REPUBLIC ACT NO. 10868, OTHERWISE KNOWN AS ‘THE CENTENARIANS ACT OF 2016’",AMENDING SEC. 2 OF R.A. NO. 10868 (THE CENTENARIANS ACT OF 2016),"PIMENTEL, AQUILINO ""KOKO"" III","July 7, 2022",CENTENARIANS
https://ldr.senate.gov.ph/legislative-issuances/senate-bills/bills/senate-bill-no-1514-19th-congress,N/A,BASIC ROAD  SAFETY AND COMPREHENSIVE DRIVERS EDUCATION,"REVILLA JR., RAMON BONG","November 16, 2022",ROAD SAFETY EDUCATION; ROAD SAFETY
https://ldr.senate.gov.ph/legislative-issuances/senate-bills/bills/senate-bill-no-1580-19th-congress,N/A,"ESTABLISHMENT OF CONGRESSIONAL, CITY, AND MUNICIPAL LIBRARIES AND BARANGAY READING CENTERS","REVILLA JR., RAMON BONG","May 12, 2022",PUBLIC LIBRARIES AND READING CENTERS
https://ldr.senate.gov.ph/legislative-issuances/senate-bills/bills/senate-bill-no-979-19th-congress,"AN ACT ESTABLISHING THE PHILIPPINE GERIATRIC MEDICAL CENTER, OTHERWISE KNOWN AS THE “SENIOR CITIZENS’ HOSPITAL”, AND APPROPRIATING FUNDS THEREFOR",PHILIPPINE GERIATRIC MEDICAL CENTER ACT OR THE SENIOR CITIZENS' HOSPITAL ACT,"PIMENTEL, AQUILINO ""KOKO"" III","January 8, 2022",GERIATRIC HEALTH CENTER; SENIOR CITIZEN/ELDERLY
https://ldr.senate.gov.ph/legislative-issuances/senate-bills/bills/senate-bill-no-416-19th-congress,N/A,AMENDING SEC. 5 OF R.A. NO. 4726 (THE CONDOMINIUM ACT),"MARCOS, IMEE R.","December 7, 2022",CONDOMINIUM/CONDOMINIUM LAW (R.A.NO. 4726)
https://ldr.senate.gov.ph/legislative-issuances/senate-bills/bills/senate-bill-no-1042-19th-congress,N/A,PPE STOCKPILING ACT,"VILLANUEVA, JOEL","April 8, 2022",PERSONAL PROTECTIVE EQUIPMENT (PPE)
https://ldr.senate.gov.ph/legislative-issuances/senate-bills/bills/senate-bill-no-480-19th-congress,N/A,"MABCA NATIONAL HIGH SCHOOL (SAGÑAY, CAMARINES SUR)","GATCHALIAN, WIN","July 13, 2022","SCHOOLS, ESTABLISHMENT"
https://ldr.senate.gov.ph/legislative-issuances/senate-bills/bills/senate-bill-no-1269-19th-congress,N/A,"MANKAYAN, KIBUNGAN, KABAYAN, ATOK, ITOGON, AND TUBA, BENGUET TESDA TRAINING AND ASSESSMENT CENTERS","MARCOS, IMEE R.","January 9, 2022",TESDA TRAINING AND ASSESSMENT CENTER
https://ldr.senate.gov.ph/legislative-issuances/senate-bills/bills/senate-bill-no-1320-19th-congress,N/A,STRENGTHENING LOCAL TAXATION AND THE FISCAL CAPACITY OF LOCAL GOVERNMENT UNITS,"GATCHALIAN, WIN","September 15, 2022",LOCAL TAXATION; LOCAL GOVERNMENT UNITS (LGUs)
https://ldr.senate.gov.ph/legislative-issuances/senate-bills/bills/senate-bill-no-172-19th-congress,"AN ACT ALLOWING VOTER REGISTRATION AND VOTING BY MAIL OR OTHER ELECTRONIC MEANS, AND VOTING BY OVERSEAS FILIPINO WORKERS AND SEAFARERS, FURTHER AMENDING REPUBLIC ACT NO. 9189, OTHERWISE KNOWN AS THE ‘OVERSEAS ABSENTEE VOTING ACT OF 2003,’ AS AMENDED BY REPUBLIC ACT NO. 10590, OR THE ‘OVERSEAS VOTING ACT OF 2013,’ APPROPRIATING FUNDS THEREFOR, AND FOR OTHER PURPOSES",OVERSEAS VOTING ACT OF 2022,"TOLENTINO, FRANCIS ""TOL"" N.","July 7, 2022",Overseas Voting; VOTERS REGISTRATION; ABSENTEE VOTING
https://ldr.senate.gov.ph/legislative-issuances/senate-bills/bills/senate-bill-no-1590-19th-congress,N/A,CRIMINALIZING THE CREATION AND DISSEMINATION OF FAKE NEWS,"REVILLA JR., RAMON BONG","May 12, 2022",FAKE NEWS
https://ldr.senate.gov.ph/legislative-issuances/senate-bills/bills/senate-bill-no-232-19th-congress,AN ACT PROVIDING FOR THE MAGNA CARTA OF BARANGAY HEALTH WORKERS,THE MAGNA CARTA OF BARANGAY HEALTH WORKERS,"PADILLA, ROBINHOOD C.","July 7, 2022",MAGNA CARTA OF BARANGAY HEALTH WORKERS
https://ldr.senate.gov.ph/legislative-issuances/senate-bills/bills/senate-bill-no-1116-19th-congress,"AN ACT PROVIDING FOR THE ESTABLISHMENT OF LOCAL STUDIES CENTERS IN STATE UNIVERSITIES AND COLLEGES (SUCS) THROUGHOUT THE PHILIPPINES, AND FOR OTHER PURPOSES",LOCAL STUDIES CENTER,"LEGARDA, LOREN B.","September 8, 2022",LOCAL STUDIES CENTER; STATE UNIVERSITIES AND COLLEGES (SUCS)
https://ldr.senate.gov.ph/legislative-issuances/senate-bills/bills/senate-bill-no-1335-19th-congress,N/A,GRANTING PHILIPPINE CITIZENSHIP TO CAMERON OLIVER,"DELA ROSA, RONALD ""BATO""","September 20, 2022",CITIZENSHIP
https://ldr.senate.gov.ph/legislative-issuances/senate-bills/bills/senate-bill-no-1162-19th-congress,N/A,REPEALING R.A. NO. 10912 (CONTINUING PROFESSIONAL DEVELOPMENT ACT OF 2016),"EJERCITO, JOSEPH VICTOR G.","August 15, 2022",CONTINUING PROFESSIONAL DEVELOPMENT (R.A.NO. 10912)
https://ldr.senate.gov.ph/legislative-issuances/senate-bills/bills/senate-bill-no-242-19th-congress,N/A,CULTURAL EDUCATION PROGRAM ACT OF 2022,"LEGARDA, LOREN B.","November 7, 2022",CULTURAL EDUCATION PROGRAM; EDUCATION
https://ldr.senate.gov.ph/legislative-issuances/senate-bills/bills/senate-bill-no-310-19th-congress,N/A,CONSTRUCTION OF A POTABLE WATER SUPPLY SYSTEM IN EVERY BARANGAY,"ZUBIRI, JUAN MIGUEL ""MIGZ"" F.","December 7, 2022",POTABLE WATER SUPPLY SYSTEM; BARANGAYS; health care
https://ldr.senate.gov.ph/legislative-issuances/senate-bills/bills/senate-bill-no-937-19th-congress,N/A,ESTABLISHING THE PHILIPPINE CENTER FOR DIABETES AND ENDOCRINOLOGY,"VILLANUEVA, JOEL","July 28, 2022",PHILIPPINE CENTER FOR DIABETES AND ENDOCRINOLOGY
https://ldr.senate.gov.ph/legislative-issuances/senate-bills/bills/senate-bill-no-42-19th-congress,N/A,MAGNA CARTA FOR WORKERS IN THE INFORMAL ECONOMY,"ESTRADA, JINGGOY E.","June 7, 2022",MAGNA CARTA OF WORKERS IN THE INFORMAL ECONOMY
https://ldr.senate.gov.ph/legislative-issuances/senate-bills/bills/senate-bill-no-106-19th-congress,"AN ACT PROVIDING A FRAMEWORK FOR A COMMUTER-CENTERED TRANSPORTATION POLICY, APPROPRIATING FUNDS THEREFORE, AND FOR OTHER PURPOSES",THE COMMUTERS' WELFARE ACT,"POE, GRACE","July 7, 2022",COMMUTERS WELFARE
https://ldr.senate.gov.ph/legislative-issuances/senate-bills/bills/senate-bill-no-1482-19th-congress,AN ACT MANDATING AND INSTITUTIONALIZING ROLL-OVER DATA ALLOCATION SCHEME AND PROVIDING FOR PENALTIES,ROLL-OVER INTERNET DATA ACT,"REVILLA JR., RAMON BONG","September 11, 2022",ROLL-OVER DATA ALLOCATION; INTERNET DATA
https://ldr.senate.gov.ph/legislative-issuances/senate-bills/bills/senate-bill-no-384-19th-congress,N/A,PANTAWID PASADA ACT,"GATCHALIAN, WIN","December 7, 2022",PANTAWID PASADA; ENERGY
https://ldr.senate.gov.ph/legislative-issuances/senate-bills/bills/senate-bill-no-1010-19th-congress,"AN ACT PROVIDING FOR LIFETIME VALIDITY OF PERSON WITH DISABILITY IDENTIFICATION CARDS FOR THOSE WITH PERMANENT DISABILITY OR ELDERLY, AMENDING FOR THE PURPOSE REPUBLIC ACT NO. 7277, OTHERWISE KNOWN AS THE ‘MAGNA CARTA FOR PERSONS WITH DISABILITY,’ AS AMENDED",LIFETIME VALIDITY OF PERSON WITH DISABILITY IDENTIFICATION CARDS,"ANGARA, SONNY; VILLANUEVA, JOEL","March 8, 2022",PERSONS WITH DISABILITIES (PWDS); IDENTIFICATION CARD; MAGNA CARTA FOR PERSONS WITH DISABILITY (R.A.NO. 7277); SENIOR CITIZEN/ELDERLY
https://ldr.senate.gov.ph/legislative-issuances/senate-bills/bills/senate-bill-no-448-19th-congress,AN ACT TO ESTABLISH A NURSING HOME FOR SENIOR CITIZENS AND APPROPRIATING FUNDS THEREFOR,NURSING HOME FOR SENIOR CITIZENS (NHSC) ACT,"PADILLA, ROBINHOOD C.","December 7, 2022",NURSING HOME FOR SENIOR CITIZENS (NHSC); SENIOR CITIZEN/ELDERLY
https://ldr.senate.gov.ph/legislative-issuances/senate-bills/bills/senate-bill-no-1074-19th-congress,N/A,ALLOWING GRADUATES OF K-12 ENHANCED EDUCATION IN THE PHILIPPINE NATIONAL POLICE,"POE, GRACE","August 8, 2022",K12 EDUCATION PROGRAM; PHILIPPINE NATIONAL POLICE (PNP)
https://ldr.senate.gov.ph/legislative-issuances/senate-bills/bills/senate-bill-no-1302-19th-congress,"AN ACT INCREASING THE PENALTIES OF DECEPTIVE, UNFAIR, AND UNCONSCIONABLE SALES ACTS OR PRACTICES, PARTICULARLY IN TIMES OF CALAMITY, EMERGENCY CONFLICT AND DISTRESS, THEREBY AMENDING REPUBLIC ACT NO. 7394 OTHERWISE KNOWN AS THE CONSUMER ACT OF THE PHILIPPINES","INCREASING THE PENALTIES OF DECEPTIVE, UNFAIR, AND UNCONSCIONABLE SALES ACTS OR PRACTICES","MARCOS, IMEE R.","December 9, 2022",CONSUMER PROTECTION; CONSUMER ACT (R.A.NO. 7394)
https://ldr.senate.gov.ph/legislative-issuances/senate-bills/bills/senate-bill-no-140-19th-congress,N/A,INCREASING THE PENALTIES FOR THE DETENTION OF PATIENTS AND CADAVERS IN HOSPITALS AND MEDICAL CLINICS,"HONTIVEROS, RISA","July 7, 2022",PATIENTS; CADAVERS/DECEASED PERSONS; HOSPITALS
https://ldr.senate.gov.ph/legislative-issuances/senate-bills/bills/senate-bill-no-204-19th-congress,N/A,PHILIPPINE NATIONAL POLICE REVITALIZATION AND CAPABILITY ENHANCEMENT ACT,"DELA ROSA, RONALD ""BATO""","July 7, 2022",PHILIPPINE NATIONAL POLICE (PNP)
https://ldr.senate.gov.ph/legislative-issuances/senate-bills/bills/senate-bill-no-522-19th-congress,N/A,COUNTERFEIT PHARMACEUTICAL PRODUCTS PREVENTION ACT,"VILLAR, CYNTHIA A.","July 13, 2022",COUNTERFEIT PHARMACEUTICAL PRODUCTS
https://ldr.senate.gov.ph/legislative-issuances/senate-bills/bills/senate-bill-no-1377-19th-congress,N/A,SAINT MATTHIAS PARISH CHURCH A TOURISM DESTINATION,"REVILLA JR., RAMON BONG","December 10, 2022",TOURISM DESTINATION
https://ldr.senate.gov.ph/legislative-issuances/senate-bills/bills/senate-bill-no-1440-19th-congress,AN ACT INSTITUTING POLICIES FOR THE PROTECTION AND WELFARE OF CAREGIVERS IN THE PRACTICE OF THEIR PROFESSION,CAREGIVERS WELFARE ACT,"ESTRADA, JINGGOY E.","February 11, 2022",CAREGIVERS
https://ldr.senate.gov.ph/legislative-issuances/senate-bills/bills/senate-bill-no-215-19th-congress,N/A,REDEFINING THE CRIME OF ILLEGAL RECRUITMENT COMMITTED BY A SYNDICATE,"TULFO, RAFFY T.","July 7, 2022",ILLEGAL RECRUITMENT; LABOR CODE OF THE PHILIPPINES (P.D.NO. 442)
https://ldr.senate.gov.ph/legislative-issuances/senate-bills/bills/senate-bill-no-1631-19th-congress,N/A,"REDUCING THE COST OF BUSINESS COMPLIANCE FOR MICRO, SMALL AND MEDIUM ENTERPRISES (MSMES)","REVILLA JR., RAMON BONG","December 20, 2022","MICRO, SMALL AND MEDIUM ENTERPRISES (MSMES); NATIONAL INTERNAL REVENUE CODE (NIRC)"
https://ldr.senate.gov.ph/legislative-issuances/senate-bills/bills/senate-bill-no-1208-19th-congress,N/A,CREMATORIES REGULATION ACT,"REVILLA JR., RAMON BONG","August 18, 2022",CREMATORY/CREMATORIES
https://ldr.senate.gov.ph/legislative-issuances/senate-bills/bills/senate-bill-no-1451-19th-congress,AN ACT AMENDING REPUBLIC ACT NO. 6975 AND REPUBLIC ACT NO. 9263 INTEGRATING ALL THE PROVINCIAL AND SUB-PROVINCIAL JAILS WITHIN THE JURISDICTION OF THE BUREAU OF JAIL MANAGEMENT AND PENOLOGY,INTEGRATING ALL THE PROVINCIAL AND SUB-PROVINCIAL JAILS WITHIN THE JURISDICTION OF THE BJMP,"REVILLA JR., RAMON BONG","March 11, 2022",BUREAU OF JAIL MANAGEMENT AND PENOLOGY; DEPARTMENT OF THE  INTERIOR AND LOCAL GOVERNMENT (DILG)
https://ldr.senate.gov.ph/legislative-issuances/senate-bills/bills/senate-bill-no-289-19th-congress,N/A,STRENGTHENING P.D. NO. 1096 (THE NATIONAL BUILDING CODE OF THE PHILIPPINES) AS AMENDED,"ESCUDERO, FRANCIS G.","November 7, 2022",NATIONAL BUILDING CODE OF THE PHILIPPINES; BUILDINGS/STRUCTURES
https://ldr.senate.gov.ph/legislative-issuances/senate-bills/bills/senate-bill-no-21-19th-congress,"AN ACT AMENDING SECTION 2 OF REPUBLIC ACT NO. 10868, OTHERWISE KNOWN AS THE CENTENARIANS ACT OF 2016 AND FOR OTHER PURPOSES",AMENDING SEC. 2 OF R. A. NO. 10868 (THE CENTENARIANS ACT OF 2016),"LEGARDA, LOREN B.; REVILLA JR., RAMON BONG; GO, CHRISTOPHER LAWRENCE T.","May 7, 2022",CENTENARIANS
https://ldr.senate.gov.ph/legislative-issuances/senate-bills/bills/senate-bill-no-353-19th-congress,N/A,ANTI-ILLEGAL MOVEMENT OF ANIMALS OR PLANTS,"VILLAR, CYNTHIA A.","December 7, 2022",LIVESTOCK; PLANTS; INFECTIOUS DISEASE; CONTAGIOUS DISEASES
https://ldr.senate.gov.ph/legislative-issuances/senate-bills/bills/senate-bill-no-85-19th-congress,N/A,MAGNA CARTA FOR BARANGAYS,"ZUBIRI, JUAN MIGUEL ""MIGZ"" F.","July 7, 2022",MAGNA CARTA FOR BARANGAYS
https://ldr.senate.gov.ph/legislative-issuances/senate-bills/bills/senate-bill-no-1525-19th-congress,N/A,GOVERNMENT INTERSHIP PROGRAM OF 2022,"VILLAR, MARK A.","November 21, 2022",GOVERNMENT INTERNSHIP PROGRAM (GIP)
https://ldr.senate.gov.ph/legislative-issuances/senate-bills/bills/senate-bill-no-2151-19th-congress,N/A,"PROHIBITING THE USE, WEARING, MANUFACTURE AND SALE OF UNIFORMS OF MEMBERS OF AFP AND PNP","ESTRADA, JINGGOY E.","September 29, 2022",ARMED FORCES OF THE PHILIPPINES (AFP); PHILIPPINE NATIONAL POLICE (PNP)
https://ldr.senate.gov.ph/legislative-issuances/senate-bills/bills/senate-bill-no-988-19th-congress,N/A,SUSTAINABLE FOREST MANAGEMENT ACT,"REVILLA JR., RAMON BONG","February 8, 2022",SUSTAINABLE FOREST MANAGEMENT; FOREST LAND/FOREST LIMITS
https://ldr.senate.gov.ph/legislative-issuances/senate-bills/bills/senate-bill-no-427-19th-congress,"AN ACT MANDATING THE APPOINTMENT OF BARANGAY HEALTH WORKERS IN BARANGAYS, PROVIDING FOR THEIR DUTIES AND RESPONSIBILITIES, COMPENSATION AND BENEFITS, AND FOR OTHER PURPOSES",BARANGAY HEALTH WORKERS ACT OF 2022,"GO, CHRISTOPHER LAWRENCE T.","December 7, 2022",BARANGAY HEALTH WORKER; BENEFITS AND INCENTIVES
https://ldr.senate.gov.ph/legislative-issuances/senate-bills/bills/senate-bill-no-1053-19th-congress,N/A,REVISED WAREHOUSE RECEIPTS LAW OF THE PHILIPPINES,"GATCHALIAN, WIN","August 8, 2022",WAREHOUSE RECEIPTS
https://ldr.senate.gov.ph/legislative-issuances/senate-bills/bills/senate-bill-no-1280-19th-congress,N/A,PROTECTION AND PROMOTION OF THE WELFARE OF MIGRANT WORKERS,"REVILLA JR., RAMON BONG","June 9, 2022",OVERSEAS FILIPINO WORKERS (OFWS)/ MIGRANT WORKERS
https://ldr.senate.gov.ph/legislative-issuances/senate-bills/bills/senate-bill-no-183-19th-congress,AN ACT PROMOTING OPEN ACCESS IN INTERNET SERVICES AND FOR OTHER PURPOSES,OPEN ACCESS IN INTERNET SERVICES ACT,"MARCOS, IMEE R.","July 7, 2022",OPEN ACCES IN INTERNET SERVICES; National Telecommunications Commission (NTC); DEPARTMENT OF INFORMATION AND COMMUNICATIONS TECHNOLOGY (DICT)
https://ldr.senate.gov.ph/legislative-issuances/senate-bills/bills/senate-bill-no-1595-19th-congress,N/A,INSTITUTIONALIZED PROTECTION ACT OF 2019,"REVILLA JR., RAMON BONG","May 12, 2022",INSTITUTIONALIZED PERSONS
https://ldr.senate.gov.ph/legislative-issuances/senate-bills/bills/senate-bill-no-1127-19th-congress,N/A,PHILIPPINE ACCREDITATION ACT OF 2022,"VILLAR, MARK A.","November 8, 2022",NATIONAL ACCREDITATION POLICY; LOCAL PRODUCTS; CONSUMER PROTECTION
https://ldr.senate.gov.ph/legislative-issuances/senate-bills/bills/senate-bill-no-565-19th-congress,N/A,ADDITIONAL ALLOWANCES FOR SUC AND TVI PERSONNEL ACT,"VILLANUEVA, JOEL","July 14, 2022",STATE UNIVERSITIES AND COLLEGES (SUCS); TECHNICAL AND VOCATIONAL INSTITUTIONS; BENEFITS AND INCENTIVES; TEACHERS
https://ldr.senate.gov.ph/legislative-issuances/senate-bills/bills/senate-bill-no-253-19th-congress,N/A,PHILIPPINE HEALTH MASTER PLAN,"CAYETANO, PIA S.","November 7, 2022",PHILIPPINE HEALTH MASTER PLAN; HEALTH CARE DELIVERY SYSTEM
https://ldr.senate.gov.ph/legislative-issuances/senate-bills/bills/senate-bill-no-322-19th-congress,N/A,FREE ANNUAL MEDICAL CHECK-UP ACT,"ANGARA, SONNY","December 7, 2022",FREE ANNUAL MEDICAL CHECK-UP; Health services
https://ldr.senate.gov.ph/legislative-issuances/senate-bills/bills/senate-bill-no-948-19th-congress,"AN ACT PROVIDING GUIDELINES FOR THE INSTALLATION AND USE OF THE CLOSED-CIRCUIT TELEVISION VIDEO (CCTV) SYSTEMS, THE PROCEDURE FOR ACCESS TO THE IMAGES AND RECORDINGS, THE PROHIBITED ACTS AND PENALTIES THEREFOR, AND FOR OTHER PURPOSES",CCTV ACT OF 2022,"GATCHALIAN, WIN","January 8, 2022",CLOSED CIRCUIT TELEVISION CAMERAS (CCTV)
https://ldr.senate.gov.ph/legislative-issuances/senate-bills/bills/senate-bill-no-53-19th-congress,N/A,"TAX RELIEF TO SINGLE PROPRIETORSHIPS, COOPERATIVES, PARTNERSHIPS OR CORPORATIONS CLASSIFIED AS MSME","ESCUDERO, FRANCIS G.","July 7, 2022","MICRO, SMALL AND MEDIUM ENTERPRISES (MSMES); TAX RELIEF; COOPERATIVES"
https://ldr.senate.gov.ph/legislative-issuances/senate-bills/bills/senate-bill-no-117-19th-congress,"AN ACT STRENGTHENING THE CONSERVATION AND PROTECTION OF OUR NATIONAL CULTURAL HERITAGE, THROUGH AN ENHANCED CULTURAL POLICY, HERITAGE EDUCATION, AND CULTURAL MAPPING PROGRAM, AMENDING FOR THE PURPOSE REPUBLIC ACT NO. 10066 OR THE NATIONAL CULTURE HERITAGE ACT OF 2009",AMENDING R.A. NO. 10066 (THE NATIONAL CULTURE HERITAGE ACT OF 2009),"BINAY, MARIA LOURDES NANCY S.","July 7, 2022",CULTURAL HERITAGE
https://ldr.senate.gov.ph/legislative-issuances/senate-bills/bills/senate-bill-no-95-19th-congress,N/A,UNDERPRIVILEGED STUDENTS' DISCOUNT ACT OF 2022,"ANGARA, SONNY","July 7, 2022",UNDERPRIVILEGED STUDENTS; DISCOUNT PRIVILEGES; TECHNICAL-VOCATIONAL (TECH-VOC)
https://ldr.senate.gov.ph/legislative-issuances/senate-bills/bills/senate-bill-no-988-19th-congress,N/A,SUSTAINABLE FOREST MANAGEMENT ACT,"REVILLA JR., RAMON BONG","February 8, 2022",SUSTAINABLE FOREST MANAGEMENT; FOREST LAND/FOREST LIMITS
https://ldr.senate.gov.ph/legislative-issuances/senate-bills/bills/senate-bill-no-1053-19th-congress,N/A,REVISED WAREHOUSE RECEIPTS LAW OF THE PHILIPPINES,"GATCHALIAN, WIN","August 8, 2022",WAREHOUSE RECEIPTS
https://ldr.senate.gov.ph/legislative-issuances/senate-bills/bills/senate-bill-no-513-19th-congress,N/A,RECONSTRUCT AND REHABILITATE THE EXISTING 479-KILOMETER PHILIPPINE NATIONAL RAILWAYS LINE,"REVILLA JR., RAMON BONG","July 13, 2022",PHILIPPINE NATIONAL RAILWAYS (PNR); RAILWAY LINE; NATIONAL INTERNAL REVENUE CODE (NIRC)
https://ldr.senate.gov.ph/legislative-issuances/senate-bills/bills/senate-bill-no-42-19th-congress,N/A,MAGNA CARTA FOR WORKERS IN THE INFORMAL ECONOMY,"ESTRADA, JINGGOY E.","June 7, 2022",MAGNA CARTA OF WORKERS IN THE INFORMAL ECONOMY
https://ldr.senate.gov.ph/legislative-issuances/senate-bills/bills/senate-bill-no-106-19th-congress,"AN ACT PROVIDING A FRAMEWORK FOR A COMMUTER-CENTERED TRANSPORTATION POLICY, APPROPRIATING FUNDS THEREFORE, AND FOR OTHER PURPOSES",THE COMMUTERS' WELFARE ACT,"POE, GRACE","July 7, 2022",COMMUTERS WELFARE
https://ldr.senate.gov.ph/legislative-issuances/senate-bills/bills/senate-bill-no-1000-19th-congress,N/A,AMENDING SECS. 3 AND 7 OF R.A. NO. 9512 (NATIONAL ENVIRONMENTAL AWARENESS AND EDUCATION ACT),"ANGARA, SONNY","March 8, 2022",NATIONAL ENVIRONMENTAL AWARENESS AND EDUCATION ACT OF 2008
https://ldr.senate.gov.ph/legislative-issuances/senate-bills/bills/senate-bill-no-1064-19th-congress,N/A,STRENGTHENING THE FORFEITURE POWERS OF THE STATE,"POE, GRACE","August 8, 2022","FORFEITURE LAW (R.A.NO. 1379, AMENDMENTS)"
https://ldr.senate.gov.ph/legislative-issuances/senate-bills/bills/senate-bill-no-264-19th-congress,N/A,AMENDING R.A. NO. 10912 (CONTINUING PROFESSIONAL DEVELOPMENT ACT OF 2016),"REVILLA JR., RAMON BONG","November 7, 2022",CONTINUING PROFESSIONAL DEVELOPMENT (R.A.NO. 10912)
https://ldr.senate.gov.ph/legislative-issuances/senate-bills/bills/senate-bill-no-333-19th-congress,N/A,MAGNA CARTA FOR TRICYCLE DRIVERS AND OPERATORS ACT OF 2022,"POE, GRACE","December 7, 2022",MAGNA CARTA FOR TRICYCLE DRIVERS AND OPERATORS; TRICYCLES/PEDICABS
https://ldr.senate.gov.ph/legislative-issuances/senate-bills/bills/senate-bill-no-1522-19th-congress,N/A,NATIONAL PARENT COUNCIL ACT OF 2022,"REVILLA JR., RAMON BONG","November 21, 2022",PARENTS ASSOCIATIONS
https://ldr.senate.gov.ph/legislative-issuances/senate-bills/bills/senate-bill-no-1588-19th-congress,N/A,NATIONAL PARKS ACT OF 2022,"TOLENTINO, FRANCIS ""TOL"" N.","May 12, 2022",PUBLIC PARKS
https://ldr.senate.gov.ph/legislative-issuances/senate-bills/bills/senate-bill-no-1189-19th-congress,N/A,MANDATORY ENVIRONMENTAL INSURANCE COVERAGE ACT OF 2022,"GO, CHRISTOPHER LAWRENCE T.","August 16, 2022",MANDATORY ENVIRONMENTAL INSURANCE COVERAGE (MEIC)
https://ldr.senate.gov.ph/legislative-issuances/senate-bills/bills/senate-bill-no-152-19th-congress,"AN ACT PROVIDING FOR THE NATIONAL ENERGY POLICY AND FRAMEWORK FOR THE DEVELOPMENT AND REGULATION OF THE PHILIPPINE MIDSTREAM NATURAL GAS INDUSTRY, AND FOR OTHER PURPOSES",MIDSTREAM NATURAL GAS INDUSTRY DEVELOPMENT ACT,"GATCHALIAN, WIN; ESCUDERO, FRANCIS G.","July 7, 2022",Natural gas industry; ENERGY; ENERGY REGULATORY COMMISSION
https://ldr.senate.gov.ph/legislative-issuances/senate-bills/bills/senate-bill-no-1452-19th-congress,"AN ACT TO PROFESSIONALIZE THE PRACTICE OF PRISON MANAGEMENT AND SET FOR THAT PURPOSE THE QUALIFICATIONS FOR SUPERINTENDENTS OF THE NATIONAL PRISON SYSTEM AND WARDENS OF PROVINCIAL, CITY OR MUNICIPAL JAILS",PROFESSIONALIZATION OF PRISON MANAGEMENT ACT OF 2022,"REVILLA JR., RAMON BONG","March 11, 2022",PRISON MANAGEMENT/PRISON REFORM
https://ldr.senate.gov.ph/legislative-issuances/senate-bills/bills/senate-bill-no-382-19th-congress,N/A,ARABIC LANGUAGE AND ISLAMIC VALUES EDUCATION ACT,"GATCHALIAN, WIN","December 7, 2022",ARABIC LANGUAGE AND ISLAMIC VALUES EDUCATION; ISLAMIC
https://ldr.senate.gov.ph/legislative-issuances/senate-bills/bills/senate-bill-no-1593-19th-congress,N/A,DECRIMINALIZATION OF LIBEL ACT,"HONTIVEROS, RISA","May 12, 2022",LIBEL
https://ldr.senate.gov.ph/legislative-issuances/senate-bills/bills/senate-bill-no-1296-19th-congress,N/A,CRIMINALIZING THE CREATION AND DISSEMINATION OF FAKE NEWS,"ESTRADA, JINGGOY E.","July 9, 2022",FAKE NEWS; CYBERCRIME PREVENTION
https://ldr.senate.gov.ph/legislative-issuances/senate-bills/bills/senate-bill-no-216-19th-congress,AN ACT INSTITUTING THE MAGNA CARTA OF FILIPINO SEAFARERS,MAGNA CARTA OF FILIPINO SEAFARERS,"TULFO, RAFFY T.; LAPID, MANUEL ""LITO"" M.","July 7, 2022",MAGNA CARTA OF FILIPINO SEAFARERS
https://ldr.senate.gov.ph/legislative-issuances/senate-bills/bills/senate-bill-no-446-19th-congress,N/A,MANDATING ALL GOVERNMENT OFFICES TO USE RENEWABLE ENERGY,"VILLAR, MARK A.","December 7, 2022",RENEWABLE ENERGY; GOVERNMENT AGENCIES
https://ldr.senate.gov.ph/legislative-issuances/senate-bills/bills/senate-bill-no-1134-19th-congress,N/A,MEDIA AND INFORMATION LITERACY ACT,"REVILLA JR., RAMON BONG","November 8, 2022",MEDIA AND INFORMATION LITERACY; BASIC EDUCATION/BASIC EDUCATION INSTITUTIONS; CURRICULUM/CURRICULA
https://ldr.senate.gov.ph/legislative-issuances/senate-bills/bills/senate-bill-no-1221-19th-congress,N/A,"USTSP-BARANGAY BALUBAL, CAGAYAN DE ORO CAMPUS ACT","GATCHALIAN, WIN","August 23, 2022",SCHOOL SITES/SCHOOL CAMPUS
https://ldr.senate.gov.ph/legislative-issuances/senate-bills/bills/senate-bill-no-10-19th-congress,N/A,OVERSEAS FILIPINO WORKERS (OFWS) REMITTANCE PROTECTION ACT OF 2022,"LEGARDA, LOREN B.","April 7, 2022",OVERSEAS FILIPINO WORKERS (OFWS)/ MIGRANT WORKERS; REMITTANCE
https://ldr.senate.gov.ph/legislative-issuances/senate-bills/bills/senate-bill-no-74-19th-congress,"AN ACT AMENDING SECTION TWO OF REPUBLIC ACT NO. 10868, OTHERWISE KNOWN AS ‘THE CENTENARIANS ACT OF 2016’",AMENDING SEC. 2 OF R.A. NO. 10868 (THE CENTENARIANS ACT OF 2016),"PIMENTEL, AQUILINO ""KOKO"" III","July 7, 2022",CENTENARIANS
https://ldr.senate.gov.ph/legislative-issuances/senate-bills/bills/senate-bill-no-1032-19th-congress,"AN ACT PROMOTING THE PRODUCTION OF OUTSTANDING AND WORLD-CLASS FILIPINO MOTION PICTURES, PROVIDING INCENTIVES TO FILMMAKERS AND ACTORS CLAIMING HONORS IN INTERNATIONAL FILM COMPETITIONS AND FOR OTHER PURPOSES",WORLD-CLASS FILMMAKERS' INCENTIVES ACT,"ESTRADA, JINGGOY E.","April 8, 2022",FILMMAKERS; FILM/MOVIE INDUSTRY
https://ldr.senate.gov.ph/legislative-issuances/senate-bills/bills/senate-bill-no-1096-19th-congress,"AN ACT AMENDING CERTAIN SECTIONS OF REPUBLIC ACT NO. 9173, OTHERWISE KNOWN AS THE ‘PHILIPPINE NURSING ACT OF 2002’, PROVIDING FOR AN ADVANCED NURSING EDUCATION PROGRAM, AND FOR OTHER PURPOSES",ADVANCED NURSING EDUCATION ACT OF 2022,"REVILLA JR., RAMON BONG","August 8, 2022",ADVANCED NURSING EDUCATION PROGRAM; PHILIPPINE NURSING ACT
https://ldr.senate.gov.ph/legislative-issuances/senate-bills/bills/senate-bill-no-963-19th-congress,N/A,HUSTISYA PARA SA LAHAT ACT,"POE, GRACE","January 8, 2022",FREE LEGAL AID; INDIGENT PERSONS; ADMINISTRATIVE CODE OF 1987 (E.O.NO. 292)
https://ldr.senate.gov.ph/legislative-issuances/senate-bills/bills/senate-bill-no-300-19th-congress,N/A,PROGRESIBONG PILIPINAS PARA SA LAHAT NG PILIPINO ACT,"CAYETANO, ALAN PETER S.","December 7, 2022",DECENTRALIZATION; ECONOMIC DEVELOPMENT
https://ldr.senate.gov.ph/legislative-issuances/senate-bills/bills/senate-bill-no-364-19th-congress,"AN ACT INSTITUTIONALIZING THE LIFELONG LEARNING DEVELOPMENT FRAMEWORK, BROADENING THE MANDATE OF THE PHILIPPINE QUALIFICATIONS FRAMEWORK - NATIONAL COORDINATING COUNCIL (PQF-NCC), AMENDING FOR THE PURPOSE REPUBLIC ACT NO. 10968, OTHERWISE KNOWN AS THE PHILIPPINE QUALIFICATIONS FRAMEWORK ACT, APPROPRIATING FUNDS THEREFOR AND FOR OTHER PURPOSES",THE LIFELONG LEARNING DEVELOPMENT FRAMEWORK (LLDF) ACT,"VILLANUEVA, JOEL; BINAY, MARIA LOURDES NANCY S.","December 7, 2022",LIFELONG LEARNING DEVELOPMENT FRAMEWORK (LLDF); Philippine Qualifications Framework (PQF)
https://ldr.senate.gov.ph/legislative-issuances/senate-bills/bills/senate-bill-no-1490-19th-congress,"AN ACT ESTABLISHING THE ARCHIPELAGIC SEA LANES IN THE PHILIPPINE ARCHIPELAGIC WATERS, PRESCRIBING THE RIGHTS AND OBLIGATIONS OF FOREIGN SHIPS AND AIRCRAFT EXERCISING THE RIGHT OF ARCHIPELAGIC SEA LANES PASSAGE THROUGH THE ESTABLISHED ARCHIPELAGIC SEA LANES AND PROVIDING FOR THE ASSOCIATED PROTECTED MEASURES THEREIN",PHILIPPINE ARCHIPELAGIC SEA LANES ACT,"REVILLA JR., RAMON BONG","September 11, 2022",ARCHIPELAGIC SEA LANES
https://ldr.senate.gov.ph/legislative-issuances/senate-bills/bills/senate-bill-no-1554-19th-congress,N/A,SHARK CONSERVATION ACT OF THE PHILIPPINES,"EJERCITO, JOSEPH VICTOR G.","November 28, 2022","SHARKS, RAYS AND CHIMAERAS"
https://ldr.senate.gov.ph/legislative-issuances/senate-bills/bills/senate-bill-no-1263-19th-congress,"AN ACT ESTABLISHING PHILIPPINE HEART CENTERS IN CEBU FOR VISAYAS AND IN CAGAYAN DE ORO CITY FOR MINDANAO, PROVIDING FUNDS THEREFOR, AND FOR OTHER PURPOSES",PHILIPPINE HEART CENTERS,"MARCOS, IMEE R.","January 9, 2022",HEART CENTER
https://ldr.senate.gov.ph/legislative-issuances/senate-bills/bills/senate-bill-no-184-19th-congress,N/A,DIGITAL ASSETS ACT OF 2022,"MARCOS, IMEE R.","July 7, 2022",DIGITAL ASSET; E-MONEY; BANGKO SENTRAL NG PILIPINAS (BSP)
https://ldr.senate.gov.ph/legislative-issuances/senate-bills/bills/senate-bill-no-414-19th-congress,N/A,STRENGTHENING R. A. NO. 11165 (TELECOMMUTING ACT),"MARCOS, IMEE R.","December 7, 2022",TELECOMMUTING
https://ldr.senate.gov.ph/legislative-issuances/senate-bills/bills/senate-bill-no-1329-19th-congress,N/A,TOTAL BAN OF WASTE IMPORTATION ACT,"MARCOS, IMEE R.","September 19, 2022",WASTE IMPORTATION BAN
https://ldr.senate.gov.ph/legislative-issuances/senate-bills/bills/senate-bill-no-478-19th-congress,N/A,PUBLIC SCHOOL DATABASE ACT,"GATCHALIAN, WIN","July 13, 2022",PUBLIC SCHOOL DATABASE
https://ldr.senate.gov.ph/legislative-issuances/senate-bills/bills/senate-bill-no-1102-19th-congress,N/A,HEALTH PASSPORT SYSTEM ACT,"REVILLA JR., RAMON BONG","August 8, 2022",HEALTH PASSPORT SYSTEM; health care
https://ldr.senate.gov.ph/legislative-issuances/senate-bills/bills/senate-bill-no-1215-19th-congress,N/A,MOBILITY RELIEF ACT,"REVILLA JR., RAMON BONG","August 18, 2022",OFFICE OF THE MOBILITY CZAR; TRANSPORT AND TRAFFIC CRISIS
https://ldr.senate.gov.ph/legislative-issuances/senate-bills/bills/senate-bill-no-1565-19th-congress,N/A,BASIC MILITARY AND POLICE TRAINING FOR ALL HIGHER AND TECHNICAL VOCATIONAL STUDENTS ACT,"TOLENTINO, FRANCIS ""TOL"" N.","November 29, 2022",BASIC MILITARY AND POLICE TRAINING; HIGHER EDUCATION INSTITUTIONS; TECHNICAL AND VOCATIONAL INSTITUTIONS
https://ldr.senate.gov.ph/legislative-issuances/senate-bills/bills/senate-bill-no-1367-19th-congress,N/A,AMENDING R.A. NO. 10173 (DATA PRIVACY ACT OF 2012),"MARCOS, IMEE R.","May 10, 2022",DATA PRIVACY; CONTACT TRACING
https://ldr.senate.gov.ph/legislative-issuances/senate-bills/bills/senate-bill-no-131-19th-congress,N/A,CIVIL SERVICE SECURITY OF TENURE ACT,"VILLANUEVA, JOEL","July 7, 2022",SECURITY OF TENURE; GOVERNMENT EMPLOYEES (CASUAL/CONTRACTUAL)
https://ldr.senate.gov.ph/legislative-issuances/senate-bills/bills/senate-bill-no-1431-19th-congress,N/A,RELIEF GOODS FREE FREIGHT SERVICES ACT OF 2022,"REVILLA JR., RAMON BONG","October 27, 2022",FREIGHT SERVICES; RELIEF GOODS
https://ldr.senate.gov.ph/legislative-issuances/senate-bills/bills/senate-bill-no-1274-19th-congress,"AN ACT DECLARING OCTOBER 22 OF EVERY YEAR A SPECIAL NON-WORKING HOLIDAY IN THE MUNICIPALITY OF ROSARIO, PROVINCE OF CAVITE IN COMMEMORATION OF ITS FOUNDING ANNIVERSARY","FOUNDING ANNIVERSARY OF ROSARIO, CAVITE","REVILLA JR., RAMON BONG","May 9, 2022",HOLIDAYS (SPECIAL NON-WORKING)
https://ldr.senate.gov.ph/legislative-issuances/senate-bills/bills/senate-bill-no-195-19th-congress,N/A,CENTER FOR DISEASE CONTROL AND PREVENTION ACT OF 2022,"GO, CHRISTOPHER LAWRENCE T.","July 7, 2022",DISEASE CONTROL; INFECTIOUS DISEASE
https://ldr.senate.gov.ph/legislative-issuances/senate-bills/bills/senate-bill-no-425-19th-congress,N/A,"AMENDING P.D. NO. 612, AS AMENDED (THE INSURANCE CODE)","GO, CHRISTOPHER LAWRENCE T.","December 7, 2022",INSURANCE CODE; BANGKO SENTRAL NG PILIPINAS (BSP)
https://ldr.senate.gov.ph/legislative-issuances/senate-bills/bills/senate-bill-no-1113-19th-congress,N/A,PHILIPPINE CENTER FOR DISEASE PREVENTION AND CONTROL (CDC) ACT,"LEGARDA, LOREN B.","September 8, 2022",PHILIPPINE CENTER FOR DISEASE CONTROL AND PREVENTION
https://ldr.senate.gov.ph/legislative-issuances/senate-bills/bills/senate-bill-no-53-19th-congress,N/A,"TAX RELIEF TO SINGLE PROPRIETORSHIPS, COOPERATIVES, PARTNERSHIPS OR CORPORATIONS CLASSIFIED AS MSME","ESCUDERO, FRANCIS G.","July 7, 2022","MICRO, SMALL AND MEDIUM ENTERPRISES (MSMES); TAX RELIEF; COOPERATIVES"
https://ldr.senate.gov.ph/legislative-issuances/senate-bills/bills/senate-bill-no-117-19th-congress,"AN ACT STRENGTHENING THE CONSERVATION AND PROTECTION OF OUR NATIONAL CULTURAL HERITAGE, THROUGH AN ENHANCED CULTURAL POLICY, HERITAGE EDUCATION, AND CULTURAL MAPPING PROGRAM, AMENDING FOR THE PURPOSE REPUBLIC ACT NO. 10066 OR THE NATIONAL CULTURE HERITAGE ACT OF 2009",AMENDING R.A. NO. 10066 (THE NATIONAL CULTURE HERITAGE ACT OF 2009),"BINAY, MARIA LOURDES NANCY S.","July 7, 2022",CULTURAL HERITAGE
https://ldr.senate.gov.ph/legislative-issuances/senate-bills/bills/senate-bill-no-1011-19th-congress,N/A,ENHANCING INTER-LGU COOPERATION,"ANGARA, SONNY","March 8, 2022",LOCAL GOVERNMENT UNITS (LGUs); LOCAL GOVERNMENT CODE (R.A.NO. 7160)
https://ldr.senate.gov.ph/legislative-issuances/senate-bills/bills/senate-bill-no-1075-19th-congress,N/A,EXPANDING THE BENEFITS OF THE SOCIAL SECURITY SYSTEM,"POE, GRACE","August 8, 2022",SOCIAL SECURITY SYSTEM (SSS)
https://ldr.senate.gov.ph/legislative-issuances/senate-bills/bills/senate-bill-no-942-19th-congress,"AN ACT GRANTING BROADER PROTECTION TO CONSUMERS AMENDING FOR THE PURPOSE REPUBLIC ACT NO. 7394, OTHERWISE KNOWN AS 'THE CONSUMER ACT OF THE PHILIPPINES'",THE ENHANCED CONSUMER ACT,"GATCHALIAN, WIN","January 8, 2022",CONSUMER ACT (R.A.NO. 7394)
https://ldr.senate.gov.ph/legislative-issuances/senate-bills/bills/senate-bill-no-535-19th-congress,N/A,BANGKO SA BARYO ACT,"POE, GRACE","July 13, 2022",BANGKO SA BARYO; BANGKO SENTRAL NG PILIPINAS (BSP)
https://ldr.senate.gov.ph/legislative-issuances/senate-bills/bills/senate-bill-no-275-19th-congress,AN ACT MANDATING THE LANGUAGE ACCESSIBILITY OF DISASTER-RELATED INFORMATION,LANGUAGE ACCESSIBILITY OF PUBLIC INFORMATION ON DISASTERS ACT,"LAPID, MANUEL ""LITO"" M.","November 7, 2022",LANGUAGE ACCESSIBILITY; DISASTER PREPAREDNESS/DISASTER INFORMATION
https://ldr.senate.gov.ph/legislative-issuances/senate-bills/bills/senate-bill-no-343-19th-congress,AN ACT INSTITUTING THE MAGNA CARTA FOR CHILD DEVELOPMENT WORKERS AND PROVIDING FUNDS THEREFOR,MAGNA CARTA FOR CHILD DEVELOPMENT WORKERS,"LEGARDA, LOREN B.; BINAY, MARIA LOURDES NANCY S.","December 7, 2022",MAGNA CARTA FOR CHILD DEVELOPMENT WORKERS
https://ldr.senate.gov.ph/legislative-issuances/senate-bills/bills/senate-bill-no-1469-19th-congress,AN ACT ESTABLISHING THE NEGROS ISLAND REGION TO BE KNOWN AS REGION XVIII AND FOR OTHER PURPOSES,NEGROS ISLAND REGION ACT OF 2022,"LAPID, MANUEL ""LITO"" M.","July 11, 2022",NEGROS ISLAND
https://ldr.senate.gov.ph/legislative-issuances/senate-bills/bills/senate-bill-no-1533-19th-congress,N/A,COMPREHENSIVE DIALYSIS AND RENAL REPLACEMENT THERAPHY ACT,"MARCOS, IMEE R.","November 23, 2022",DIALYSIS; RENAL REPLACEMENT THERAPY ACT
https://ldr.senate.gov.ph/legislative-issuances/senate-bills/bills/senate-bill-no-1400-19th-congress,N/A,PARENT-TEACHER AND COMMUNITY ASSOCIATIONS ACT,"HONTIVEROS, RISA","October 19, 2022",PARENT-TEACHER AND COMMUNITY ASSOCIATIONS; CHILDREN AND YOUTH
https://ldr.senate.gov.ph/legislative-issuances/senate-bills/bills/senate-bill-no-163-19th-congress,"AN ACT PROMOTING THE WELFARE OF THE BARANGAY OFFICIALS BY PROVIDING REGULARIZATION, SALARY STANDARDIZATION, AND SPECIAL RISK ALLOWANCE IN TIMES OF STATE OF EMERGENCY OR CALAMITIES AND DURING SIMILAR SITUATIONS AS MAY BE DECLARED BY THE NATIONAL GOVERNMENT, AND APPROPRIATING FUNDS THERFOR",BARANGAY OFFICIALS SALARY STANDARDIZATION ACT,"EJERCITO, JOSEPH VICTOR G.","July 7, 2022",BARANGAY OFFICIALS; SALARY STANDARDIZATION
https://ldr.senate.gov.ph/legislative-issuances/senate-bills/bills/senate-bill-no-1463-19th-congress,N/A,PARKING FEE REGULATION ACT,"REVILLA JR., RAMON BONG","March 11, 2022",PARKING OPERATIONS AND FEES REGULATION; PARKING SPACE
https://ldr.senate.gov.ph/legislative-issuances/senate-bills/bills/senate-bill-no-393-19th-congress,N/A,SAFE ALTERNATIVE MOBILITY ACT,"EJERCITO, JOSEPH VICTOR G.","December 7, 2022",SAFE ALTERNATIVE MOBILITY; BICYCLE LANES; EMERGENCY PATHWAYS; BICYCLE
https://ldr.senate.gov.ph/legislative-issuances/senate-bills/bills/senate-bill-no-1609-19th-congress,N/A,PROTECTION OF STUDENTS' RELIGIOUS BELIEF ACT,"PADILLA, ROBINHOOD C.","December 12, 2022",STUDENTS; RELIGION/BELIEFS
https://ldr.senate.gov.ph/legislative-issuances/senate-bills/bills/senate-bill-no-1308-19th-congress,N/A,INTERNATIONAL COMMERCIAL ARBITRATION ACT OF THE PHILIPPINES,"TOLENTINO, FRANCIS ""TOL"" N.","December 9, 2022",INTERNATIONAL COMMERCIAL ARBITRATION ACT OF THE PHILIPPINES
https://ldr.senate.gov.ph/legislative-issuances/senate-bills/bills/senate-bill-no-227-19th-congress,N/A,TAX DEDUCTIONS TO PARENTS AND LEGAL GUARDIANS OF CHILDREN WITH SPECIAL NEEDS,"VILLAR, MARK A.","July 7, 2022",CHILDREN AND YOUTH WITH SPECIAL NEEDS (CYSN); TAXES/TAXATION
https://ldr.senate.gov.ph/legislative-issuances/senate-bills/bills/senate-bill-no-457-19th-congress,N/A,AMENDING R.A. NO. 6727 (WAGE RATIONALIZATION ACT),"ESTRADA, JINGGOY E.","July 13, 2022",WAGE RATIONALIZATION/WAGE RATIONALIZATION ACT (R.A.NO. 6727); DEPARTMENT OF LABOR AND EMPLOYMENT (DOLE)
https://ldr.senate.gov.ph/legislative-issuances/senate-bills/bills/senate-bill-no-1226-19th-congress,N/A,UNIVERSITY OF SCIENCE AND TECHNOLOGY OF SOUTHERN PHILIPPINES-LUMBIA CAMPUS ACT,"GATCHALIAN, WIN","August 23, 2022",STATE UNIVERSITIES AND COLLEGES (SUCS); SCHOOL SITES/SCHOOL CAMPUS
https://ldr.senate.gov.ph/legislative-issuances/senate-bills/bills/senate-bill-no-21-19th-congress,"AN ACT AMENDING SECTION 2 OF REPUBLIC ACT NO. 10868, OTHERWISE KNOWN AS THE CENTENARIANS ACT OF 2016 AND FOR OTHER PURPOSES",AMENDING SEC. 2 OF R. A. NO. 10868 (THE CENTENARIANS ACT OF 2016),"LEGARDA, LOREN B.; REVILLA JR., RAMON BONG; GO, CHRISTOPHER LAWRENCE T.","May 7, 2022",CENTENARIANS
https://ldr.senate.gov.ph/legislative-issuances/senate-bills/bills/senate-bill-no-85-19th-congress,N/A,MAGNA CARTA FOR BARANGAYS,"ZUBIRI, JUAN MIGUEL ""MIGZ"" F.","July 7, 2022",MAGNA CARTA FOR BARANGAYS
https://ldr.senate.gov.ph/legislative-issuances/senate-bills/bills/senate-bill-no-990-19th-congress,"AN ACT MANDATING THE ESTABLISHMENT, MANAGEMENT, MAINTENANCE, AND REGULATION OF A RAINWATER HARVESTING FACILITY IN ALL NEW INSTITUTIONAL, COMMERCIAL, INDUSTRIAL, AND RESIDENTIAL DEVELOPMENT PROJECTS IN METRO MANILA",RAINWATER HARVESTING FACILITY ACT OF 2022,"REVILLA JR., RAMON BONG","February 8, 2022",RAINWATER HARVESTING FACILITY
https://ldr.senate.gov.ph/legislative-issuances/senate-bills/bills/senate-bill-no-1043-19th-congress,"AN ACT PROTECTING THE RIGHT OF THE PEOPLE TO FREEDOM OF RELIGION IN THE PHILIPPINES GUARANTEED UNDER SECTION 5, ARTICLE III OF THE 1987 CONSTITUTION AND FOR OTHER PURPOSES",MAGNA CARTA ON RELIGIOUS FREEDOM ACT,"VILLANUEVA, JOEL","April 8, 2022",FREEDOM OF RELIGION; MAGNA CARTA ON RELIGIOUS FREEDOM
https://ldr.senate.gov.ph/legislative-issuances/senate-bills/bills/senate-bill-no-503-19th-congress,N/A,PHILIPPIPNE ONLINE LIBRARY ACT OF 2022,"REVILLA JR., RAMON BONG","July 13, 2022",PHILIPPINE ONLINE LIBRARY; DIGITAL EDUCATION; BOOKS (E-BOOK); PUBLIC EDUCATION SYSTEM
https://ldr.senate.gov.ph/legislative-issuances/senate-bills/bills/senate-bill-no-974-19th-congress,AN ACT PROMOTING THE DIGITALIZATION OF FRONTLINE SERVICES OF ALL GOVERNMENT AGENCIES AND APPROPRIATING FUNDS THEREFOR,E-GOVERNMENT SERVICES ACT OF 2022,"LAPID, MANUEL ""LITO"" M.","January 8, 2022",E-GOVERNMENT SERVICES; DIGITAL SERVICES
https://ldr.senate.gov.ph/legislative-issuances/senate-bills/bills/senate-bill-no-567-19th-congress,N/A,PROTEKTADONG OFW ACT,"VILLANUEVA, JOEL","July 14, 2022",PROTEKTADONG OFW; FREE INSURANCE; OVERSEAS FILIPINO WORKERS (OFWS)/ MIGRANT WORKERS; INSURANCE
https://ldr.senate.gov.ph/legislative-issuances/senate-bills/bills/senate-bill-no-243-19th-congress,N/A,SUSTAINABLE TRANSPORTATION ACT OF 2022,"LEGARDA, LOREN B.","November 7, 2022",SUSTAINABLE TRANSPORTATION; DEPARTMENT OF TRANSPORTATION (DOTR)
https://ldr.senate.gov.ph/legislative-issuances/senate-bills/bills/senate-bill-no-311-19th-congress,"AN ACT INCREASING THE POSITIONS RESERVED FOR PERSONS WITH DISABILITIES, AMENDING FOR THE PURPOSE REPUBLIC ACT NO. 7277, AS AMENDED, OTHERWISE KNOWN AS THE MAGNA CARTA FOR DISABLED PERSONS",AMENDING R.A. NO. 7277 (MAGNA CARTA FOR DISABLED PERSONS),"ZUBIRI, JUAN MIGUEL ""MIGZ"" F.","December 7, 2022",PERSONS WITH DISABILITIES (PWDS); MAGNA CARTA FOR PERSONS WITH DISABILITY (R.A.NO. 7277)
https://ldr.senate.gov.ph/legislative-issuances/senate-bills/bills/senate-bill-no-1498-19th-congress,N/A,DRUG OVERDOSE REPORTING AND AWARENESS SYSTEM ACT,"LAPID, MANUEL ""LITO"" M.","November 14, 2022",DRUG OVERDOSE
https://ldr.senate.gov.ph/legislative-issuances/senate-bills/bills/senate-bill-no-254-19th-congress,N/A,VAPES AND HTPS REGULATION ACT,"CAYETANO, PIA S.","November 7, 2022",VAPORIZED NICOTINE PRODUCTS/VAPE; TOBACCO PRODUCTS/TOBACCO INDUSTRY
https://ldr.senate.gov.ph/legislative-issuances/senate-bills/bills/senate-bill-no-323-19th-congress,N/A,TEACHER EDUCATION FOR ACHIEVERS (TEACH) ACT OF 2022,"ANGARA, SONNY","December 7, 2022",TEACHER EDUCATION FOR ACHIEVERS (TEACH); TEACHERS
https://ldr.senate.gov.ph/legislative-issuances/senate-bills/bills/senate-bill-no-1576-19th-congress,N/A,APARRI MEDICAL CENTER,"GATCHALIAN, WIN","May 12, 2022","HOSPITALS, UPGRADING; HOSPITALS, INCREASE BED CAPACITY"
https://ldr.senate.gov.ph/legislative-issuances/senate-bills/bills/senate-bill-no-1379-19th-congress,N/A,DEAF-BLIND AWARENESS WEEK,"VILLAR, MARK A.","December 10, 2022",DEAF-BLIND
https://ldr.senate.gov.ph/legislative-issuances/senate-bills/bills/senate-bill-no-1235-19th-congress,N/A,CITIZEN SERVICE ACT,"EJERCITO, JOSEPH VICTOR G.","August 31, 2022",CITIZEN SERVICE CORPS; CITIZEN SERVICE TRAINING COURSE
https://ldr.senate.gov.ph/legislative-issuances/senate-bills/bills/senate-bill-no-142-19th-congress,N/A,BANTAY DAGAT WELFARE AND INCENTIVES ACT,"HONTIVEROS, RISA","July 7, 2022",BANTAY DAGAT
https://ldr.senate.gov.ph/legislative-issuances/senate-bills/bills/senate-bill-no-1442-19th-congress,"AN ACT AMENDING SECTION 8 OF REPUBLIC ACT NO. 10699 OR THE NATIONAL ATHLETES AND COACHES BENEFITS AND INCENTIVES ACT, THEREBY PROVIDING EQUAL CASH INCENTIVES TO NATIONAL ATHLETES AND ATHLETES WITH DISABILITIES WHO WIN MEDALS IN INTERNATIONAL SPORTS COMPETITIONS",PROVIDING EQUAL CASH INCENTIVES TO NATIONAL ATHLETES AND ATHLETES WITH DISABILITIES,"ESTRADA, JINGGOY E.","February 11, 2022",ATHLETES (DISABLED/DIFFERENTLY-ABLED); NATIONAL ATHLETES AND COACHES BENEFITS AND INCENTIVES ACT (R.A. NO. 10699)
https://ldr.senate.gov.ph/legislative-issuances/senate-bills/bills/senate-bill-no-372-19th-congress,N/A,PREVENTION OF ADOLESCENT PREGNANCY ACT OF 2022,"HONTIVEROS, RISA","December 7, 2022",ADOLESCENT PREGNANCIES; TEENAGE PREGNANCY
https://ldr.senate.gov.ph/legislative-issuances/senate-bills/bills/senate-bill-no-1590-19th-congress,N/A,CRIMINALIZING THE CREATION AND DISSEMINATION OF FAKE NEWS,"REVILLA JR., RAMON BONG","May 12, 2022",FAKE NEWS
https://ldr.senate.gov.ph/legislative-issuances/senate-bills/bills/senate-bill-no-1285-19th-congress,N/A,TAX RELIEF FOR MICRO-ENTERPRISES,"EJERCITO, JOSEPH VICTOR G.","June 9, 2022","TAX RELIEF; MICRO, SMALL AND MEDIUM ENTERPRISES (MSMES)"
https://ldr.senate.gov.ph/legislative-issuances/senate-bills/bills/senate-bill-no-206-19th-congress,N/A,FILIPINO FARMERS FINANCIAL ASSISTANCE PROGRAM ACT,"DELA ROSA, RONALD ""BATO""","July 7, 2022",FARMERS; FINANCIAL ASSISTANCE
https://ldr.senate.gov.ph/legislative-issuances/senate-bills/bills/senate-bill-no-436-19th-congress,"AN ACT MANDATING LAW ENFORCEMENT PERSONNEL TO USE A BODY-WORN CAMERA DURING LAW ENFORCEMENT OPERATIONS, PROVIDING FUNDS THEREFOR AND FOR OTHER PURPOSES",LAW ENFORCEMENT BODY-WORN CAMERA ACT,"DELA ROSA, RONALD ""BATO""; EJERCITO, JOSEPH VICTOR G.","December 7, 2022",LAW ENFORCEMENT OFFICERS/LAW ENFORCEMENT AGENCY/LAW ENFORCEMENT OPERATIONS; BODY-WORN CAMERA
https://ldr.senate.gov.ph/legislative-issuances/senate-bills/bills/senate-bill-no-1124-19th-congress,N/A,GO LOKAL PHILIPPINES ACT OF 2022,"VILLAR, MARK A.","November 8, 2022","MICRO, SMALL AND MEDIUM ENTERPRISES (MSMES); LOCAL PRODUCTS"
https://ldr.senate.gov.ph/legislative-issuances/senate-bills/bills/senate-bill-no-64-19th-congress,N/A,MERCHANT LOAN PROGRAM ACT,"CAYETANO, ALAN PETER S.","July 7, 2022",MERCHANT LOAN PROGRAM
https://ldr.senate.gov.ph/legislative-issuances/senate-bills/bills/senate-bill-no-1022-19th-congress,"AN ACT STRENGTHENING PUBLIC-PRIVATE PARTNERSHIPS, APPROPRIATING FUNDS THEREFOR, AND FOR OTHER PURPOSES",PUBLIC-PRIVATE PARTNERSHIPS (PPP) ACT,"ESTRADA, JINGGOY E.","April 8, 2022",PUBLIC-PRIVATE PARTNERSHIP (PPP) PROJECTS
https://ldr.senate.gov.ph/legislative-issuances/senate-bills/bills/senate-bill-no-1086-19th-congress,AN ACT PROVIDING FOR A MAGNA CARTA FOR CHILD DEVELOPMENT WORKERS,MAGNA CARTA FOR CHILD DEVELOPMENT WORKERS,"ESTRADA, JINGGOY E.","August 8, 2022",MAGNA CARTA FOR CHILD DEVELOPMENT WORKERS
https://ldr.senate.gov.ph/legislative-issuances/senate-bills/bills/senate-bill-no-953-19th-congress,"AN ACT PROVIDING FOR A MORE RESPONSIVE AND COMPREHENSIVE REGULATION FOR THE PRACTICE OF THE MEDICAL PROFESSION, REPEALING FOR THE PURPOSE REPUBLIC ACT NO. 2382, AS AMENDED, OTHERWISE KNOWN AS THE 'MEDICAL ACT OF 1959' AND OTHER LAWS, AND FOR OTHER PURPOSES",PHYSICIANS ACT,"GATCHALIAN, WIN","January 8, 2022",DOCTORS/PHYSICIANS/DENTISTS; MEDICAL PRACTITIONERS
https://ldr.senate.gov.ph/legislative-issuances/senate-bills/bills/senate-bill-no-546-19th-congress,N/A,"ON-SITE, IN-CITY OR NEAR-CITY RESETTLEMENT ACT OF 2022","POE, GRACE","July 13, 2022","ON-SITE, IN-CITY OR NEAR-CITY RESETTLEMENT; URBAN DEVELOPMENT AND HOUSING ACT (R.A.NO. 7279); INFORMAL SETTLERS/SQUATTERS/SQUATTING; LOCAL GOVERNMENT UNITS (LGUs)"
https://ldr.senate.gov.ph/legislative-issuances/senate-bills/bills/senate-bill-no-290-19th-congress,N/A,DONATION TRANSPARENCY ACT,"ESCUDERO, FRANCIS G.","November 7, 2022",DONATION TRANSPARENCY; FOREIGN AID
https://ldr.senate.gov.ph/legislative-issuances/senate-bills/bills/senate-bill-no-354-19th-congress,"AN ACT DECLARING A PARCEL OF LAND LOCATED IN THE MUNICIPALITY OF PAOAY IN THE PROVINCE OF ILOCOS NORTE, A PROTECTED AREA WITH THE CATEGORY OF PROTECTED LANDSCAPE UNDER THE NATIONAL INTEGRATED PROTECTED AREA SYSTEM, TO BE REFERRED TO AS THE PAOAY LAKE PROTECTED LANDSCAPE, PROVIDING FOR ITS MANAGEMENT, AND APPROPRIATING FUNDS THEREFOR",PAOAY LAKE PROTECTED LANDSCAPE ACT,"LEGARDA, LOREN B.; VILLAR, CYNTHIA A.","December 7, 2022",PROTECTED AREA/PROTECTED LANDSCAPE; NATIONAL INTEGRATED PROTECTED AREAS SYSTEM (NIPAS)
https://ldr.senate.gov.ph/legislative-issuances/senate-bills/bills/senate-bill-no-1480-19th-congress,"AN ACT RATIONALIZING THE DISABILITY PENSION OF VETERANS, AMENDING FOR THE PURPOSE REPUBLIC ACT NO. 6948, ENTITLED, AN ACT STANDARDIZING AND UPGRADING THE BENEFITS FOR MILITARY VETERANS AND THEIR BENEFICIARIES, AS AMENDED",RATIONALIZING THE DISABILITY PENSION OF VETERANS,"ANGARA, SONNY; VILLANUEVA, JOEL; LEGARDA, LOREN B.; VILLAR, CYNTHIA A.; ESTRADA, JINGGOY E.; PADILLA, ROBINHOOD C.; REVILLA JR., RAMON BONG; LAPID, MANUEL ""LITO"" M.; DELA ROSA, RONALD ""BATO""; TOLENTINO, FRANCIS ""TOL"" N.; GO, CHRISTOPHER LAWRENCE T.","August 11, 2022",DISABILITY PENSION; MILITARY DEPENDENTS; VETERANS
https://ldr.senate.gov.ph/legislative-issuances/senate-bills/bills/senate-bill-no-1412-19th-congress,N/A,PILIS FALLS ECOTOURISM ACT,"MARCOS, IMEE R.","October 24, 2022",ECOTOURISM SITES
https://ldr.senate.gov.ph/legislative-issuances/senate-bills/bills/senate-bill-no-1254-19th-congress,N/A,DRAGON FRUIT DEVELOPMENT ACT,"MARCOS, IMEE R.","August 31, 2022",DRAGON FRUIT; EXPORT INDUSTRY
https://ldr.senate.gov.ph/legislative-issuances/senate-bills/bills/senate-bill-no-174-19th-congress,N/A,EXPANDED PHILIPPINE DISASTER RISK REDUCTION AND MANAGEMENT FRAMEWORK OF 2022,"TOLENTINO, FRANCIS ""TOL"" N.","July 7, 2022",DISASTER RISK REDUCTION AND MANAGEMENT; PHILIPPINE DISASTER RISK REDUCTION AND MANAGEMENT ACT OF 2010 (R.A.NO. 10121)
https://ldr.senate.gov.ph/legislative-issuances/senate-bills/bills/senate-bill-no-404-19th-congress,N/A,RENAMING THE BENHAM RISE,"TOLENTINO, FRANCIS ""TOL"" N.","December 7, 2022",BENHAM RISE
